#cP2026  4  1  0  0  0.00000000      96 ORBIT IGc20 HLM  IGS
## 2412 259200.00000000   900.00000000 61131 0.0000000000000
+   32   G01G02G03G04G05G06G07G08G09G10G11G12G13G14G15G16G17
+        G18G19G20G21G22G23G24G25G26G27G28G29G30G31G32  0  0
+          0  0  0  0  0  0  0  0  0  0  0  0  0  0  0  0  0
+          0  0  0  0  0  0  0  0  0  0  0  0  0  0  0  0  0
+          0  0  0  0  0  0  0  0  0  0  0  0  0  0  0  0  0
++         2  2  2  1  1  1  1  1  1  1  2  2  1  2  1  2  1
++         2  1  1  2  1  2  1  2  2  1  2  1  1  2  1  0  0
++         0  0  0  0  0  0  0  0  0  0  0  0  0  0  0  0  0
++         0  0  0  0  0  0  0  0  0  0  0  0  0  0  0  0  0
++         0  0  0  0  0  0  0  0  0  0  0  0  0  0  0  0  0
%c G  cc GPS ccc cccc cccc cccc cccc ccccc ccccc ccccc ccccc
%c cc cc ccc ccc cccc cccc cccc cccc ccccc ccccc ccccc ccccc
%f  1.2500000  1.025000000  0.00000000000  0.000000000000000
%f  0.0000000  0.000000000  0.00000000000  0.000000000000000
%i    0    0    0    0      0      0      0      0         0
%i    0    0    0    0      0      0      0      0         0
/* FINAL ORBIT COMBINATION FROM WEIGHTED AVERAGE OF:        
/* cod emr esa gfz grg jgx jpl mit ngs sio                  
/* REFERENCED TO IGS TIME (IGST) AND TO WEIGHTED MEAN POLE: 
/* PCV:IGS20_2408 OL/AL:FES2014b NONE     Y  ORB:CMB CLK:CMB
*  2026  4  1  0  0  0.00000000
PG01  -9713.261534  19066.457187 -15690.018572    306.966867  8  4  6  63       
PG02 -17132.283335  19265.312731  -4571.725706     69.461149  8  5  6  80       
PG03    159.625776  15608.763721 -21703.482600    520.038411  9  4  6  89       
PG04  -1143.065254  26074.058992  -4371.098134     51.367455  7  5  6  71       
PG05  15646.274310  -8106.077482  19714.358772   -231.139019  4  4  6  81       
PG06  20585.945181   -773.730390 -16791.566784   -612.119759  6  5  5  99       
PG07   6308.314337  14665.596427  21806.662171   -167.685569  5  6  6  65       
PG08  -7761.746208  20170.556122  14918.855240    469.276482  4  6  6  80       
PG09   7084.492603  24991.279085   5254.564567    763.131534  3  3  3 103       
PG10 -24188.310833 -11404.198795    551.195554   -590.207971  3  6  8  77       
PG11  23376.436749 -11505.106766  -4900.103326   -388.366924  8  5  6  95       
PG12   4222.606744 -15030.416319 -21779.416987   -607.998210  9  6  5  87       
PG13  12957.106659 -13687.716515  18331.319026    681.368405  4  5  4  77       
PG14  23087.319880  13105.283286   3174.869741    741.546887  6  5  9  63       
PG15   4440.399211 -21662.899500  14130.214653    399.125996  5  4  7  77       
PG16 -20129.299885   2558.362265  16968.720035    236.492348  7  5  6  65       
PG17  12811.961781  15237.615374 -17079.887449   -101.833997  6  8  4  71       
PG18  -7768.817397 -12855.346226  21946.579691   -387.978229  5  5  6  86       
PG19  15012.732707   5855.482422 -21264.492090    695.613457  6  8  3  92       
PG20  11001.141406 -15674.451087  18489.680266     84.032107  5  5  5  76       
PG21  22168.547781   -918.857332  14636.805798    412.429275  6  8  5  79       
PG22  23844.124969  10823.341158  -2923.800438    -25.681428  6  4  5  62       
PG23 -17256.344939 -16116.255678  12506.306212    630.787469  4  5  9  79       
PG24  12278.757255 -21322.068329 -10052.061734    -56.820072  7  2  5  85       
PG25 -10192.483899 -17747.522989 -17447.862542    433.309022  8  7 10  85       
PG26 -25624.662133  -2893.064633   6945.248888   -347.954299  9  7  6  77       
PG27 -13244.136646  10105.670991  20223.098069    -88.624732  5  4  6  75       
PG28 -20568.396494   1134.544021 -16770.348624   -565.855869  5  4  5  55       
PG29  -3907.442772 -25829.746522   4276.433678   -348.712238  8  3  5  74       
PG30  16662.599308   5978.238568  20073.201489    171.776343  6  5  5  85       
PG31 -23679.825310   8575.777638  -9193.188944   -158.227636  7  4  5  52       
PG32 -14537.469561 -11076.470927 -19061.813989    -20.719696  5  7  2  86       
*  2026  4  1  0 15  0.00000000
PG01 -11217.343121  19835.318868 -13584.876106    306.960022  8  4  6  76       
PG02 -17630.999148  19330.057045  -1708.129246     69.468078  7  5  5  78       
PG03  -2120.158015  14678.389544 -22237.987611    520.026104  9  4  5  90       
PG04  -1443.809787  25436.208105  -7154.062423     51.368949  6  5  6  70       
PG05  17689.500273  -7283.205578  18271.188540   -231.139447  4  3  5  90       
PG06  19024.788970    514.414682 -18531.744957   -612.119004  6  5  5  99       
PG07   4425.146206  16060.588619  21228.740567   -167.689802  5  6  6  58       
PG08  -8348.063867  18379.067342  16817.710979    469.270790  4  6  5  83       
PG09   6916.465478  25477.502562   2431.622831    763.129124  3  3  3  94       
PG10 -23955.911846 -11453.351426   3439.042439   -590.207504  3  5  8  63       
PG11  22928.351937 -10885.210475  -7644.052459   -388.355422  7  4  6  80       
PG12   6423.793663 -13978.282216 -21943.563566   -607.997970  8  6  5  87       
PG13  13062.419508 -11451.904668  19739.201097    681.366929  4  5  4  86       
PG14  22513.279830  13163.678649   5913.423802    741.548261  5  4  9  48       
PG15   5223.917190 -19998.812512  16106.793126    399.129020  5  4  7  78       
PG16 -21737.945068   1562.822451  15080.197423    236.499032  7  5  6  67       
PG17  12778.268006  17166.331749 -15188.593747   -101.842217  5  7  5  70       
PG18  -5764.921936 -14319.622189  21631.484073   -387.969761  5  5  6  81       
PG19  15059.194288   8220.083618 -20478.047665    695.614720  5  8  3  82       
PG20  11471.504633 -13543.356128  19839.562297     84.050702  4  5  4  91       
PG21  23514.020136   -137.669942  12396.012552    412.431128  5  7  5  83       
PG22  23897.797688  11175.560449    -61.574913    -25.676143  5  3  5  72       
PG23 -15776.973463 -15684.426237  14789.156560    630.791553  3  4  8  94       
PG24  13179.027077 -21761.437583  -7474.808378    -56.804427  7  1  5  62       
PG25  -8261.072836 -17173.381168 -18987.500298    433.306563  8  6 10  80       
PG26 -26177.670582  -3372.880771   4276.291833   -347.958736  9  6  6  81       
PG27 -13723.484705   7707.622141  20972.386393    -88.637742  5  3  5  79       
PG28 -19109.814993   -263.376666 -18446.337226   -565.848097  5  4  5  68       
PG29  -3666.260825 -26180.012390   1435.834770   -348.705788  8  2  5  77       
PG30  14913.987578   7485.650983  20910.137316    171.788172  6  5  4  86       
PG31 -22886.485264   7719.019602 -11674.006913   -158.225509  7  4  4  71       
PG32 -14736.582700 -13208.059197 -17527.151775    -20.702509  5  7  3  77       
*  2026  4  1  0 30  0.00000000
PG01 -12479.646715  20528.367844 -11245.134468    306.953199  8  4  6  60       
PG02 -17895.243307  19181.818539   1186.066235     69.474963  6  5  5  76       
PG03  -4487.598941  13868.495690 -22397.070045    520.013797  9  4  4  82       
PG04  -1828.431584  24509.643293  -9812.531996     51.370398  6  4  6  54       
PG05  19597.764469  -6624.363777  16509.797433   -231.139965  4  3  5  84       
PG06  17400.487205   2005.260102 -19953.148922   -612.118228  5  5  4  92       
PG07   2674.614465  17499.609590  20302.476755   -167.693583  5  5  5  58       
PG08  -9067.877126  16425.370396  18417.628931    469.265143  3  6  4  64       
PG09   6702.091349  25656.991422   -433.411311    763.126748  3  3  3  76       
PG10 -23423.908203 -11409.352810   6269.128758   -590.207098  3  5  8  77       
PG11  22276.989181 -10051.184010 -10255.645822   -388.343928  7  3  5  67       
PG12   8675.398156 -13044.486961 -21740.107011   -607.997911  8  6  5 116       
PG13  13294.575801  -9084.211746  20797.060336    681.365848  4  4  4  75       
PG14  21658.910209  13150.310330   8552.250376    741.549586  5  5  8  72       
PG15   6165.381867 -18175.385118  17794.757990    399.131777  4  4  6  75       
PG16 -23182.165508    747.509283  12930.432138    236.505280  7  4  6  71       
PG17  12809.528499  18862.436293 -13026.321070   -101.850511  5  7  5  67       
PG18  -3883.808824 -15854.530500  20944.788052   -387.961293  4  5  5  68       
PG19  15218.585418  10467.379155 -19345.301576    695.615655  5  8  4  85       
PG20  12081.774249 -11309.782628  20850.345606     84.069323  4  5  3  81       
PG21  24648.553177    482.296136   9942.397247    412.432912  5  7  5  77       
PG22  23671.345809  11390.720903   2801.765292    -25.670795  4  2  5  82       
PG23 -14042.392310 -15265.680054  16821.845449    630.795706  3  4  8  90       
PG24  13861.746218 -22021.616269  -4768.321032    -56.788899  6  1  5  50       
PG25  -6156.311721 -16653.610609 -20212.654190    433.304107  8  6  9  86       
PG26 -26457.807588  -3755.496201   1535.163533   -347.963202  9  5  6  65       
PG27 -14333.609696   5276.329137  21346.702139    -88.650727  5  3  5  67       
PG28 -17600.608346  -1852.944942 -19804.952031   -565.840277  5  4  4  63       
PG29  -3402.737896 -26220.530607  -1429.721704   -348.699622  8  1  5  66       
PG30  13185.086146   9127.601552  21394.950561    171.799973  6  4  4  76       
PG31 -21935.299872   6651.705985 -13959.827377   -158.223497  6  4  4  66       
PG32 -15008.301052 -15134.748574 -15686.573477    -20.685256  5  7  3  81       
*  2026  4  1  0 45  0.00000000
PG01 -13496.347481  21104.399302  -8711.105535    306.946487  7  4  6  33       
PG02 -17952.589302  18795.215926   4059.184704     69.481983  6  5  5  81       
PG03  -6895.754609  13197.541923 -22177.749011    520.001541  9  4  4  71       
PG04  -2328.178121  23319.691935 -12300.281816     51.371870  6  4  5  67       
PG05  21325.739373  -6117.661462  14461.294799   -231.141041  4  3  5  80       
PG06  15759.307884   3684.752213 -21030.828058   -612.117438  5  4  3  90       
PG07   1081.002659  18944.623065  19041.279585   -167.697737  5  4  5  53       
PG08  -9930.158307  14354.552782  19690.828763    469.259447  3  7  3  71       
PG09   6404.412879  25536.431098  -3290.962542    763.124375  4  3  2  83       
PG10 -22590.425054 -11312.764655   8994.177447   -590.206740  4  5  8  77       
PG11  21459.749097  -8989.581653 -12689.610894   -388.332375  7  3  5  90       
PG12  10932.740761 -12244.310449 -21172.359986   -607.998384  8  6  5  96       
PG13  13664.742462  -6634.027410  21486.450495    681.364462  5  4  4  79       
PG14  20528.019826  13101.986270  11046.871073    741.550926  5  5  8  72       
PG15   7269.564022 -16237.387206  19162.728714    399.134952  4  3  5  71       
PG16 -24422.669273     98.936833  10557.964709    236.511850  7  4  6  89       
PG17  12873.287353  20297.171032 -10632.083388   -101.859628  4  7  5  58       
PG18  -2156.334030 -17421.481224  19897.464876   -387.952749  4  4  4  74       
PG19  15471.671790  12556.033022 -17886.567922    695.616875  5  7  4  84       
PG20  12834.503443  -9020.905456  21504.756367     84.087823  4  5  3  80       
PG21  25537.804994    963.035240   7318.095441    412.434791  5  7  5  72       
PG22  23153.813204  11504.335140   5616.138805    -25.665551  4  2  5  71       
PG23 -12078.458681 -14896.931968  18569.744855    630.799754  4  4  7  88       
PG24  14342.107445 -22068.935906  -1978.833016    -56.773343  6  1  5  82       
PG25  -3912.994906 -16215.158817 -21103.108283    433.301658  7  6  9  76       
PG26 -26452.311029  -4073.001432  -1231.804673   -347.967686  8  4  5  82       
PG27 -15068.069588   2861.903674  21340.505722    -88.663708  5  3  4  89       
PG28 -16084.336289  -3617.404563 -20822.778469   -565.832500  5  4  4  53       
PG29  -3079.972446 -25956.368652  -4270.448998   -348.693026  8  1  5  63       
PG30  11513.223401  10878.170523  21518.885784    171.811821  6  4  4  76       
PG31 -20866.558047   5369.146588 -16012.773067   -158.221265  6  5  4  48       
PG32 -15320.871172 -16824.571567 -13573.097580    -20.668040  5  7  4  77       
*  2026  4  1  1  0  0.00000000
PG01 -14272.121527  21523.800320  -6026.509056    306.939657  7  4  6  66       
PG02 -17836.468887  18152.247038   6860.449439     69.489000  5  5  4  87       
PG03  -9295.177023  12675.848204 -21583.317869    519.989273  9  4  3  70       
PG04  -2968.989860  21898.966034 -14574.117527     51.373374  5  3  5  59       
PG05  22832.688783  -5743.545576  12161.727117   -231.141374  5  3  5  78       
PG06  14145.418426   5530.372593 -21745.693551   -612.116642  5  4  3  91       
PG07   -338.257757  20354.284770  17464.038867   -167.701732  5  4  5  53       
PG08 -10936.037891  12213.932221  20615.610764    469.253757  3  7  3  79       
PG09   5989.001696  25131.139502  -6091.701335    763.122006  4  3  2  83       
PG10 -21462.464081 -11204.376062  11568.850312   -590.206352  4  6  8  75       
PG11  20517.477697  -7695.095415 -14903.749605   -388.320806  6  2  5  79       
PG12  13149.467315 -11585.297288 -20249.582993   -607.998233  8  6  5 114       
PG13  14175.738833  -4152.756306  21795.671129    681.362953  5  4  4  69       
PG14  19132.565946  13054.842578  13355.192652    741.552300  5  5  8  47       
PG15   8532.949900 -14231.705263  20185.144872    399.137964  4  3  5  76       
PG16 -25425.294814   -403.513799   8004.706743    236.518102  7  4  6  76       
PG17  12933.557922  21450.132997  -8048.982457   -101.867768  3  7  5  61       
PG18   -606.164247 -18977.762595  18506.763184   -387.944288  4  4  3  84       
PG19  15792.870717  14449.829034 -16127.385621    695.617965  4  7  5  79       
PG20  13724.160648  -6724.393077  21791.568129     84.106420  4  4  2  68       
PG21  26153.859148   1332.428292   4568.163289    412.436644  5  7  5  87       
PG22  22342.956889  11554.200192   8332.757149    -25.660570  4  2  5  63       
PG23  -9918.478426 -14610.516910  20002.905703    630.803828  5  4  7  92       
PG24  14641.935355 -21874.972150    845.303976    -56.757807  6  1  5  69       
PG25  -1570.702940 -15878.909647 -21643.972597    433.299227  7  6  8  83       
PG26 -26156.187198  -4359.480925  -3978.136140   -347.972145  8  3  5  81       
PG27 -15912.504604    512.630538  20955.286446    -88.676703  4  2  4  75       
PG28 -14601.936959  -5532.178017 -21482.258336   -565.824730  5  4  4  82       
PG29  -2663.085290 -25401.373710  -7037.055318   -348.686777  8  1  4  51       
PG30   9931.225635  12705.302340  21279.131600    171.823662  6  4  4  80       
PG31 -19721.873270   3874.604457 -17798.808608   -158.219151  5  5  4  85       
PG32 -15638.393715 -18253.369972 -11224.303707    -20.650837  4  7  4  91       
*  2026  4  1  1 15  0.00000000
PG01 -14819.780694  21750.166511  -3237.712564    306.932916  7  4  6  47       
PG02 -17584.613368  17243.082348   9540.945021     69.496112  5  5  4  78       
PG03 -11635.592167  12305.251944 -20623.319392    519.977063  8  4  4  57       
PG04  -3770.290488  20286.136830 -16594.645506     51.374942  5  3  5  63       
PG05  24083.931992  -5475.761283   9651.403098   -231.142212  5  3  4  77       
PG06  12599.249043   7511.803321 -22084.883283   -612.115852  4  4  3  89       
PG07  -1573.133498  21685.364210  15594.981937   -167.705829  5  3  5  45       
PG08 -12078.644893  10051.298277  21176.710837    469.248101  3  7  3  95       
PG09   5425.487209  24464.406692  -8787.404234    763.119561  4  3  2  68       
PG10 -20055.710412 -11123.533389  13950.425145   -590.205960  5  6  7  85       
PG11  19492.834443  -6170.966162 -16859.686011   -388.309303  6  2  4  88       
PG12  15279.109284 -11067.060396 -18986.858680   -607.998428  8  6  4  97       
PG13  14821.869779  -1691.948313  21719.955526    681.361712  5  4  3  74       
PG14  17492.338395  13042.839457  15438.175594    741.553650  5  5  8  52       
PG15   9943.658974 -12205.554484  20842.854249    399.141104  4  3  4  69       
PG16 -26162.207179   -786.526580   5315.152605    236.524334  7  4  6  87       
PG17  12952.440000  22309.897437  -5323.330554   -101.875906  3  6  5  40       
PG18    750.987602 -20478.101271  16795.964650   -387.935801  5  3  2  75       
PG19  16151.316002  16118.810386 -14098.053520    695.618848  4  7  5  82       
PG20  14737.238951  -4466.755592  21705.792216     84.124980  4  4  2  62       
PG21  26476.272897   1622.969022   1739.808586    412.438451  5  7  5  63       
PG22  21245.359186  11578.712887  10904.984847    -25.655414  3  2  5  79       
PG23  -7602.138893 -14432.876871  21096.563226    630.807935  5  4  6  93       
PG24  14788.727510 -21417.859259   3654.465507    -56.742294  5  2  4  61       
PG25    827.458427 -15658.893724 -21825.910030    433.296826  7  6  7  92       
PG26 -25572.379217  -4649.537947  -6657.932154   -347.976657  8  3  5  75       
PG27 -16845.209604  -1726.757314  20199.434353    -88.689703  4  2  4  73       
PG28 -13190.220300  -7565.626179 -21771.994054   -565.817007  5  4  4  59       
PG29  -2120.786359 -24577.604093  -9681.621121   -348.680661  8  1  4  65       
PG30   8466.291902  14571.841760  20678.913156    171.835485  6  4  4  79       
PG31 -18542.638117   2179.352023 -19288.240846   -158.217169  5  5  4  56       
PG32 -15922.356588 -19405.505741  -8681.603824    -20.633649  4  6  4  67       
*  2026  4  1  1 30  0.00000000
PG01 -15159.594273  21751.807709   -392.921469    306.926169  6  4  6  38       
PG02 -17237.358767  16066.519033  12054.500611     69.502958  5  5  4  93       
PG03 -13867.621962  12079.091363 -19313.427526    519.964842  8  4  4  57       
PG04  -4744.041317  18524.484668 -18326.968785     51.376416  5  3  5  59       
PG05  25052.072836  -5282.577183   6974.149501   -231.142440  6  4  3  79       
PG06  11156.005848   9591.904710 -22042.021098   -612.115086  4  4  2  86       
PG07  -2621.276070  22894.277206  13463.449355   -167.710015  5  2  5  28       
PG08 -13343.286503   7913.161117  21365.513491    469.242452  3  7  2  69       
PG09   4688.923489  23566.540347 -11331.786071    763.117168  4  3  2  77       
PG10 -18394.036858 -11106.540684  16099.426429   -590.205615  5  6  7  91       
PG11  18428.601735  -4429.061741 -18523.545172   -388.297749  6  2  4  91       
PG12  17276.659809 -10681.384146 -17404.885039   -607.998461  8  6  4  93       
PG13  15589.121833    698.562429  21261.511540    681.360362  5  4  3  85       
PG14  15634.363227  13096.344802  17260.459835    741.554994  5  5  7  48       
PG15  11481.730146 -10204.673470  21123.557459    399.143933  4  3  3  56       
PG16 -26612.844911  -1081.571516   2535.583290    236.530803  7  4  6  77       
PG17  12891.810465  22874.274423  -2503.721897   -101.884616  3  6  4  42       
PG18   1907.817429 -21876.347289  14794.029788   -387.927361  5  3  1  67       
PG19  16512.115999  17540.185610 -11833.110531    695.620223  3  7  5  76       
PG20  15852.680713  -2291.742256  21248.766953     84.143596  4  4  2  61       
PG21  26492.851008   1870.311420  -1118.414803    412.440312  5  7  5  78       
PG22  19876.201883  11615.194756  13289.129166    -25.650118  4  2  5  70       
PG23  -5174.203653 -14383.474512  21831.568474    630.812040  5  4  5  83       
PG24  14814.449333 -20683.379533   6398.671049    -56.726743  5  2  4  67       
PG25   3236.246268 -15561.752179 -21645.297453    433.294460  7  6  7  91       
PG26 -24711.658030  -4976.816049  -9226.571378   -347.981090  7  3  5  51       
PG27 -17838.015132  -3816.630954  19087.967822    -88.702705  4  2  4  85       
PG28 -11880.532656  -9680.086342 -21686.947545   -565.809214  5  5  4  61       
PG29  -1426.796497 -23514.452149 -12158.445815   -348.673992  8  1  4  70       
PG30   7139.079991  16436.775960  19727.496111    171.847342  5  4  4  83       
PG31 -17368.501907    302.439368 -20456.160640   -158.215104  4  5  5  64       
PG32 -16133.263204 -20274.238207  -5989.463243    -20.616446  4  6  4  71       
*  2026  4  1  1 45  0.00000000
PG01 -15318.324510  21503.082772   2458.665856    306.919446  6  4  5  67       
PG02 -16835.891278  14630.086731  14358.477657     69.510298  5  6  4  91       
PG03 -15944.487082  11982.517862 -17675.234777    519.952594  8  5  4  38       
PG04  -5894.097675  16660.282837 -19741.295688     51.377917  5  3  5  67       
PG05  25717.947637  -5128.223045   4176.513916   -231.143296  6  5  3  85       
PG06   9844.392763  11727.970473 -21617.363458   -612.114218  3  4  2  83       
PG07  -3488.029650  23938.680511  11103.581587   -167.714106  4  2  5  23       
PG08 -14707.954395   5843.080475  21180.123413    469.236755  3  7  3  82       
PG09   3760.941283  22473.656567 -13681.289601    763.114779  5  4  2  72       
PG10 -16508.725036 -11185.185479  17980.205368   -590.205242  5  6  7  93       
PG11  17366.002977  -2489.618091 -19866.550303   -388.286206  5  2  4  94       
PG12  19100.110806 -10412.625018 -15529.687687   -607.998721  8  7  3  88       
PG13  16455.710691   2972.431900  20429.417969    681.359097  5  4  3  69       
PG14  13592.046156  13240.857053  18790.939926    741.556328  5  5  7  46       
PG15  13119.767910  -8271.583866  21022.092212    399.146790  3  3  2  71       
PG16 -26764.590418  -1323.469573   -286.722906    236.537306  7  4  6 100       
PG17  12715.013076  23150.194701    359.921615   -101.892797  4  6  4  58       
PG18   2865.554509 -23127.219122  12535.134584   -387.918880  6  3  1  64       
PG19  16837.757701  18698.973642  -9370.769134    695.621308  4  6  5  86       
PG20  17042.602212   -238.848142  20428.143984     84.162183  4  4  2  64       
PG21  26200.115432   2111.694973  -3957.435626    412.442196  5  6  5  84       
PG22  18258.719564  11698.293511  15445.147561    -25.644878  4  2  5  62       
PG23  -2683.014432 -14473.975348  22194.738439    630.816094  5  4  4  76       
PG24  14754.126184 -19665.771709   9028.552890    -56.711215  5  2  4  82       
PG25   5609.750534 -15586.473176 -21104.318374    433.292081  7  6  7  93       
PG26 -23592.243293  -5372.569189 -11641.379289   -347.985560  7  3  5  75       
PG27 -18857.432883  -5723.783923  17642.131520    -88.715719  4  3  4  82       
PG28 -10697.643813 -11833.149571 -21228.530198   -565.801408  5  5  4  68       
PG29   -561.067479 -22247.495117 -14424.847694   -348.667651  7  1  3  77       
PG30   5963.039003  18256.640700  18440.098312    171.859231  5  3  4  71       
PG31 -16235.923383  -1729.817650 -21282.822924   -158.212876  3  4  4  70       
PG32 -16232.289629 -20861.760224  -3194.589090    -20.599249  4  6  4  43       
*  2026  4  1  2  0  0.00000000
PG01 -15328.014232  20985.510129   5267.722279    306.912667  7  4  5  83       
PG02 -16420.507987  12949.811842  16414.450527     69.517354  5  6  4  98       
PG03 -17823.628825  11993.128822 -15735.945133    519.940389  7  5  3  53       
PG04  -7215.892465  14741.080346 -20813.450257     51.379416  5  3  5  52       
PG05  26071.258122  -4974.480404   1306.931151   -231.143681  6  5  3  78       
PG06   8685.593640  13873.213771 -20817.828451   -612.113462  3  4  1  79       
PG07  -4186.149094  24779.074113   8553.909377   -167.718148  4  2  5  50       
PG08 -16144.131026   3880.142131  20625.300490    469.231116  3  7  2  90       
PG09   2630.641263  21226.264890 -15795.819455    763.112432  5  4  2  72       
PG10 -14437.431569 -11385.439950  19561.465452   -590.204834  6  6  6  81       
PG11  16343.095923   -380.652864 -20865.527025   -388.274633  5  2  4  92       
PG12  20711.896940 -10238.397854 -13392.251811   -607.998767  8  6  2  88       
PG13  17392.952863   5088.421514  19239.383306    681.357813  5  4  3  69       
PG14  11404.084879  13495.914434  20003.282022    741.557677  5  5  6  45       
PG15  14823.921491  -6443.995065  20540.546469    399.149818  3  3  1  85       
PG16 -26613.147904  -1548.859314  -3104.260818    236.543813  6  5  5  74       
PG17  12388.475256  23153.237567   3217.305469   -101.901128  3  6  4  55       
PG18   3633.747311 -24188.040388  10058.103172   -387.910426  6  4  1  63       
PG19  17089.606138  19588.369608  -6752.309877    695.622294  3  6  5  69       
PG20  18273.291873   1658.014338  19257.771310     84.180803  4  3  3  67       
PG21  25603.452712   2384.308931  -6728.503125    412.444002  5  6  5  80       
PG22  16423.361374  11858.522126  17337.264530    -25.639818  4  2  4  55       
PG23   -178.853015 -14707.731427  22179.117648    630.820207  5  3  4  86       
PG24  14644.288122 -18368.212249  11496.353790    -56.695681  4  2  3  80       
PG25   7902.898057 -15724.412775 -20210.984009    433.289694  7  6  6  89       
PG26 -22239.169949  -5864.329871 -13862.262274   -347.990001  7  3  6  76       
PG27 -19866.011104  -7422.468713  15888.882316    -88.728745  4  3  4  90       
PG28  -9658.899168 -13979.129030 -20404.582201   -565.793656  5  5  4  76       
PG29    489.247850 -20817.121044 -16441.902397   -348.661206  7  1  3  85       
PG30   4944.016111  19987.041798  16837.706093    171.871088  5  3  4  89       
PG31 -15176.847861  -3884.612970 -21753.961663   -158.210703  2  4  4  88       
PG32 -16182.905443 -21178.899348   -345.102998    -20.582090  3  6  4  64       
*  2026  4  1  2 15  0.00000000
PG01 -15224.574935  20188.609575   7985.659195    306.906111  7  4  5  68       
PG02 -16028.962771  11049.661243  18188.773697     69.524319  5  6  4  87       
PG03 -19468.189948  12081.900598 -13527.973470    519.928188  6  5  3  74       
PG04  -8696.458535  12813.952184 -21525.276023     51.380917  5  3  5  31       
PG05  26110.868412  -4782.361314  -1585.130228   -231.144226  6  5  3  81       
PG06   7692.556224  15978.427770 -19656.904309   -612.112704  2  4  2  62       
PG07  -4735.226695  25380.352369   5856.842263   -167.722426  3  3  5  71       
PG08 -17617.857088   2057.640555  19712.266822    469.225458  2  6  2  88       
PG09   1295.195209  19867.703727 -17639.408881    763.110095  4  4  2  78       
PG10 -12222.935194 -11726.381475  20816.730060   -590.204485  6  6  5  82       
PG11  15393.304820   1862.925792 -21503.305560   -388.263078  5  3  4  96       
PG12  22080.194467 -10130.525967 -11028.074959   -607.998928  8  7  1  77       
PG13  18366.420616   7011.790480  17713.377395    681.356343  5  4  3  62       
PG14   9113.187570  13874.231661  20876.375190    741.559043  5  5  6  49       
PG15  16555.152764  -4753.427154  19688.196639    399.152671  3  3  1  86       
PG16 -26162.623785  -1794.623561  -5870.040408    236.550022  6  4  5  84       
PG17  11883.185284  22906.828973   6018.695409   -101.909974  3  5  3  60       
PG18   4229.716088 -25020.398589   7405.744590   -387.901907  7  5  1  64       
PG19  17229.446294  20209.822147  -4021.443726    695.623503  3  6  5  59       
PG20  19506.445403   3371.629231  17757.473997     84.199421  3  4  3  75       
PG21  24716.933290   2723.659222  -9384.019998    412.445921  5  6  5  61       
PG22  14406.700424  12120.988479  18934.492915    -25.634384  4  2  4  65       
PG23   2287.778273 -15079.589060  21784.144660    630.824287  6  3  4  81       
PG24  14521.332864 -16802.936816  13756.925997    -56.680181  4  2  3  75       
PG25  10072.940457 -15959.603114 -18979.079065    433.287337  7  7  6  90       
PG26 -20683.423986  -6474.720750 -15852.301729   -347.994529  6  4  6  74       
PG27 -20823.838552  -8895.117526  13860.282648    -88.741794  4  3  4  86       
PG28  -8773.669471 -16070.663503 -19229.241347   -565.785847  5  5  4  79       
PG29   1729.112900 -19266.985368 -18175.106961   -348.655029  7  1  3  72       
PG30   4080.155869  21584.237671  14946.793121    171.882940  5  3  5  79       
PG31 -14217.554683  -6123.664903 -21861.036067   -158.208460  3  4  4  85       
PG32 -15952.396597 -21244.502840   2510.286526    -20.564893  3  6  4  59       
*  2026  4  1  2 30  0.00000000
PG01 -15046.231684  19110.441499  10565.480550    306.899345  7  4  5  77       
PG02 -15694.959671   8960.698080  19653.033748     69.531410  5  6  4  98       
PG03 -20848.298225  12214.390201 -11088.453717    519.915939  5  4  3  40       
PG04 -10314.787684  10923.786127 -21864.927176     51.382468  5  3  5  65       
PG05  25844.758730  -4513.808324  -4450.025183   -231.144733  6  5  3  81       
PG06   6869.607779  17993.756612 -18154.436967   -612.111921  2  4  3  59       
PG07  -5160.837309  25713.242318   3058.052425   -167.726374  3  3  4  72       
PG08 -19091.011506    402.015466  18458.397165    469.219757  2  6  2  96       
PG09   -239.866556  18442.487383 -19180.809469    763.107774  4  4  2  84       
PG10  -9911.707201 -12219.369576  21724.748559   -590.204080  6  5  5  94       
PG11  14544.149050   4200.480486 -21769.013850   -388.251505  4  3  4  88       
PG12  23180.026679 -10056.223839  -8476.642744   -607.999005  8  7  2  95       
PG13  19337.328050   8715.412657  15879.149458    681.355229  5  5  4  68       
PG14   6764.641940  14381.097810  21394.709640    741.560417  5  5  5  57       
PG15  18270.734118  -3224.113972  18481.274038    399.156173  2  3  1  83       
PG16 -25425.314696  -2096.332913  -8538.293087    236.556415  5  5  5  64       
PG17  11175.971858  22441.151330   8715.807804   -101.917711  4  5  3  65       
PG18   4677.691615 -25591.658097   4624.104437   -387.893437  7  5  1  74       
PG19  17221.014192  20572.822149  -1223.648588    695.625140  4  5  5  59       
PG20  20700.591979   4882.334109  15952.735021     84.217969  3  4  3  63       
PG21  23562.809393   3162.001564 -11878.356403    412.447738  5  6  5  89       
PG22  12250.137823  12504.358922  20211.057637    -25.628970  4  3  4  68       
PG23   4667.894841 -15576.031693  21015.717609    630.828396  6  3  4  90       
PG24  14419.879565 -14990.985604  15768.701396    -56.664671  4  2  3  83       
PG25  12080.875187 -16269.341914 -17428.028200    433.284956  7  7  5  86       
PG26 -18960.877828  -7220.450083 -17578.303924   -347.999023  6  4  6  70       
PG27 -21690.132038 -10132.728464  11592.821555    -88.754893  4  3  4  69       
PG28  -8043.119118 -18060.394952 -17722.703258   -565.778100  5  5  4  70       
PG29   3155.237794 -17642.359882 -19594.958552   -348.648494  7  1  3  86       
PG30   3362.100158  23006.724834  12798.941190    171.894795  4  2  4  80       
PG31 -13377.715790  -8404.437228 -21601.404058   -158.206350  4  4  4  68       
PG32 -15513.234276 -21084.536455   5323.098218    -20.547684  3  5  4  69       
*  2026  4  1  2 45  0.00000000
PG01 -14831.886904  17757.821799  12962.607545    306.892585  6  4  5  70       
PG02 -15446.846295   6719.991562  20784.388238     69.538526  4  6  4  87       
PG03 -21942.102453  12352.163552  -8458.659693    519.903757  4  4  3  30       
PG04 -12042.510581   9111.672889 -21827.043805     51.384000  5  3  5  72       
PG05  25289.641869  -4133.349175  -7238.778187   -231.145238  6  5  3  85       
PG06   6212.419105  19870.507470 -16336.298818   -612.111093  2  4  3  61       
PG07  -5493.423619  25755.566981    205.754759   -167.730563  3  4  4  60       
PG08 -20522.748407  -1067.922273  16886.806339    469.214092  2  6  2  99       
PG09  -1960.690921  16994.628315 -20393.995805    763.105473  4  4  2  71       
PG10  -7552.353104 -12867.508322  22269.837187   -590.203672  6  5  3  83       
PG11  13816.217866   6587.030427 -21658.256841   -388.239972  4  4  3  94       
PG12  23994.133200  -9979.472228  -5780.830742   -607.998998  7  7  3  80       
PG13  20264.087747  10180.578522  13769.648136    681.353777  5  5  4  64       
PG14   4404.785059  15014.060337  21548.674641    741.561760  5  5  5  80       
PG15  19925.906356  -1872.233375  16942.569706    399.158911  1  3  1  79       
PG16 -24421.217315  -2486.759856 -11065.137163    236.563065  4  4  5  63       
PG17  10250.538600  21791.816951  11262.640476   -101.926468  4  5  3  63       
PG18   5007.672876 -25876.264437   1761.644960   -387.884939  7  5  1  64       
PG19  17031.464629  20694.411772   1594.514164    695.625752  4  5  4  46       
PG20  21812.658218   6178.587723  13874.280117     84.236535  3  4  4  62       
PG21  22170.710473   3726.901868 -14168.631247    412.449527  5  5  5  82       
PG22   9998.453700  13020.088621  21146.722315    -25.624061  4  3  4  52       
PG23   6915.722318 -16175.656814  19886.154039    630.832462  6  3  4  90       
PG24  14371.189379 -12961.574558  17494.601360    -56.649184  4  2  3  81       
PG25  13892.749524 -16625.048057 -15582.679144    433.282588  6  7  5  71       
PG26 -17111.061783  -8111.525460 -19011.301502   -348.003512  6  4  6  63       
PG27 -22424.842155 -11134.913007   9126.683356    -88.767953  4  3  4  78       
PG28  -7460.301637 -19902.656004 -15910.876813   -565.770245  4  6  5  46       
PG29   4756.035959 -15988.439191 -20677.439098   -348.642241  6  1  2  67       
PG30   2773.485752  24216.766339  10430.364066    171.906673  4  2  4  83       
PG31 -12669.700168 -10681.527316 -20978.418656   -158.204535  5  4  4  66       
PG32 -14844.241205 -20730.936510   8045.866579    -20.530501  2  5  4  77       
*  2026  4  1  3  0  0.00000000
PG01 -14619.468270  16146.203737  15135.658653    306.885831  6  4  5  84       
PG02 -15306.548976   4369.329419  21565.796551     69.545500  4  6  4  93       
PG03 -22736.518588  12454.398649  -5683.344347    519.891555  3  4  3  68       
PG04 -13844.869346   7413.461447 -21412.810283     51.385520  5  4  5  72       
PG05  24470.261189  -3609.642788  -9903.903930   -231.145737  5  4  3  90       
PG06   5708.319469  21562.931974 -14233.943449   -612.110164  2  4  4  52       
PG07  -5766.955970  25493.273801  -2650.111308   -167.734837  4  4  4  58       
PG08 -21871.031186  -2341.453135  15025.848359    469.208434  1  5  2  92       
PG09  -3845.458128  15565.998385 -21258.578722    763.103141  4  4  2  62       
PG10  -5193.977710 -13665.414488  22442.150654   -590.203260  5  5  2  71       
PG11  13222.430738   8974.807657 -21173.179514   -388.228536  5  5  3  84       
PG12  24513.567580  -9862.537497  -2986.237367   -607.999076  7  6  3 112       
PG13  21103.972090  11397.457214  11422.360598    681.352555  5  5  4  70       
PG14   2079.428503  15762.910495  21334.769219    741.563135  5  5  5  80       
PG15  21475.619858   -705.494535  15100.893713    399.161931  1  3  1  74       
PG16 -23177.282451  -2994.512828 -13409.198877    236.569413  3  4  4  87       
PG17   9098.218216  20998.364568  13616.230504   -101.934663  4  4  3  40       
PG18   5254.048915 -25856.784703  -1131.630449   -387.876484  8  6  1  70       
PG19  16632.725226  20598.431189   4386.097520    695.627213  4  5  4  75       
PG20  22799.610967   7257.226221  11557.572118     84.255115  2  4  4  74       
PG21  20576.566749   4439.980150 -16215.447518    412.451397  5  5  4  84       
PG22   7698.260793  13671.940554  21727.021056    -25.618723  3  3  4  60       
PG23   8990.278990 -16849.973098  18414.041537    630.836557  6  4  4  79       
PG24  14401.727837 -10751.113840  18902.855420    -56.633687  4  2  3  72       
PG25  15480.799400 -16993.358521 -13472.998798    433.280189  6  7  5  66       
PG26 -15175.812980  -9150.713395 -20127.002452   -348.008007  6  3  6  67       
PG27 -22990.214212 -11909.614373   6504.982844    -88.781012  4  3  4  68       
PG28  -7010.578336 -21555.102657 -13824.940395   -565.762472  4  6  5  69       
PG29   6511.906857 -14348.670581 -21404.399237   -348.636099  6  1  2  75       
PG30   2291.724919  25181.803406   7881.337709    171.918571  3  2  4  68       
PG31 -12098.151553 -12908.175567 -20001.442695   -158.202137  6  5  4  72       
PG32 -13931.515644 -20220.262298  10632.894527    -20.513284  2  4  4  71       
*  2026  4  1  3 15  0.00000000
PG01 -14444.326410  14299.231258  17047.170567    306.879078  6  4  5  69       
PG02 -15288.780036   1953.785825  21986.149850     69.552738  4  5  4  83       
PG03 -23227.653702  12479.604055  -2810.005229    519.879333  2  4  4  67       
PG04 -15681.943231   5858.534029 -20629.898206     51.387013  5  4  5  62       
PG05  23418.400527  -2916.858411 -12400.190165   -231.146387  5  4  3  93       
PG06   5336.950655  23029.905895 -11883.853835   -612.109359  2  4  4  84       
PG07  -6017.413838  24921.173905  -5458.787354   -167.738806  4  4  3  80       
PG08 -23094.202384  -3416.090639  12908.542604    469.202744  2  5  3  69       
PG09  -5865.043491  14194.790560 -21760.122481    763.100850  3  4  2  58       
PG10  -2884.528720 -14599.302397  22237.879986   -590.202802  5  4  2  67       
PG11  12767.611213  11314.922944 -20322.413487   -388.216977  5  5  3  81       
PG12  24737.996355  -9667.580244   -140.454298   -607.999382  6  6  4 107       
PG13  21814.811159  12365.208338   8878.588334    681.351084  4  6  4  59       
PG14   -167.703967  16609.974821  20755.719209    741.564459  5  5  5  70       
PG15  22876.279971    276.906252  12990.410048    399.164627  1  3  1  79       
PG16 -21726.442738  -3642.834153 -15532.186756    236.575838  3  4  4  86       
PG17   7718.423793  20102.642681  15737.329165   -101.943424  5  4  3  42       
PG18   5454.040633 -25524.639435  -4005.090308   -387.868005  8  6  2  70       
PG19  16002.689945  20314.528663   7104.475375    695.628091  5  5  4  73       
PG20  23620.116485   8123.397533   9042.221802     84.273677  2  5  4  56       
PG21  18821.301765   5315.887224 -17983.569196    412.453409  5  5  4  92       
PG22   5396.417262  14455.804208  21943.399040    -25.613338  3  3  4  67       
PG23  10856.786697 -17564.491463  16623.977382    630.840598  6  5  4  81       
PG24  14531.938535  -8401.913797  19967.700309    -56.618199  4  2  3  69       
PG25  16824.378703 -17337.432636 -11133.679474    433.277824  6  8  5  76       
PG26 -13197.847171 -10333.264830 -20906.182096   -348.012489  5  3  5  73       
PG27 -23352.246197 -12472.518525   3772.984161    -88.794010  4  4  4  67       
PG28  -6672.343501 -22980.229459 -11500.806300   -565.754764  4  6  5  74       
PG29   8395.832198 -12763.171331 -21763.837125   -348.629685  6  2  2  65       
PG30   1889.042888  25875.693086   5195.542657    171.930460  2  2  4  82       
PG31 -11659.858414 -15037.845324 -18685.777278   -158.200023  6  6  4  84       
PG32 -12769.083031 -19592.201497  13040.961638    -20.496105  2  4  4  77       
*  2026  4  1  3 30  0.00000000
PG01 -14337.745859  12247.981325  18664.247119    306.872398  6  3  4  70       
PG02 -15400.536192   -479.800447  22040.308529     69.559796  4  5  4  90       
PG03 -23420.886967  12387.387077    111.913806    519.867105  3  3  4  57       
PG04 -17510.078458   4468.845907 -19492.297420     51.388545  5  4  5  79       
PG05  22171.646514  -2035.837131 -14685.431551   -231.146608  5  3  2  97       
PG06   5071.234186  24236.439603  -9326.894082   -612.108495  2  3  5  83       
PG07  -6281.147661  24043.347048  -8169.672193   -167.742812  4  4  3  82       
PG08 -24152.529091  -4297.405824  10571.942156    469.197047  2  5  3  77       
PG09  -7983.958780  12914.138051 -21890.362799    763.098517  4  4  2  78       
PG10   -669.175559 -15647.386438  21659.371765   -590.202401  5  3  3  77       
PG11  12448.389609  13559.076631 -19120.909271   -388.205391  5  5  3  90       
PG12  24675.683001  -9358.293203   2707.716913   -607.999218  6  5  4 104       
PG13  22356.659900  13091.747510   6182.677180    681.349704  4  6  4  65       
PG14  -2296.468260  17530.706213  19820.495011    741.565845  4  5  5  73       
PG15  24087.419768   1083.968139  10649.871628    399.167698  1  3  2  75       
PG16 -20106.449174  -4448.599590 -17399.417811    236.582566  2  4  4  90       
PG17   6118.787481  19147.144949  17590.987562   -101.951632  4  5  3  54       
PG18   5646.026639 -24880.493977  -6808.406107   -387.859547  8  6  2  84       
PG19  15126.209920  19876.967085   9704.051911    695.629334  5  5  3  57       
PG20  24236.152355   8790.175705   6371.323874     84.292284  2  5  4  73       
PG21  16949.343792   6361.554562 -19442.528203    412.455274  5  5  3  88       
PG22   3138.454655  15359.814413  21793.266326    -25.608312  3  4  4  71       
PG23  12487.853896 -18280.071571  14546.197411    630.844728  6  6  3  76       
PG24  14775.287819  -5960.635634  20669.935206    -56.602740  4  2  3  75       
PG25  17910.640122 -17618.420721  -8603.653809    433.275392  6  8  5  91       
PG26 -11219.301561 -11646.918459 -21335.013259   -348.016935  5  3  5  86       
PG27 -23481.992308 -12846.189970    977.318409    -88.807067  5  3  4  78       
PG28  -6418.027596 -24146.708800  -8978.502357   -565.746946  3  6  5  89       
PG29  10374.261079 -11267.293255 -21750.069754   -348.623234  6  3  3  81       
PG30   1533.734863  26279.719948   2419.327027    171.942344  2  2  3  86       
PG31 -11343.925863 -17025.818552 -17052.499597   -158.198085  6  6  5  89       
PG32 -11359.255425 -18887.984799  15229.980975    -20.478906  2  4  4  78       
*  2026  4  1  3 45  0.00000000
PG01 -14325.627987  10029.925066  19959.124748    306.865636  5  3  4  66       
PG02 -15640.896300  -2884.382895  21729.055992     69.566846  4  5  5  89       
PG03 -23330.599905  12140.202377   3031.872391    519.854891  3  4  4  62       
PG04 -19283.465932   3258.264237 -18020.040509     51.390055  5  4  5  83       
PG05  20771.952085   -954.993894 -16721.104889   -231.146994  5  4  2  79       
PG06   4878.612702  25154.958422  -6607.577173   -612.107618  2  3  5  71       
PG07  -6593.189561  22873.179829 -10733.346324   -167.747333  4  4  3  62       
PG08 -25009.666845  -4998.549668   8056.458798    469.191371  3  4  3  68       
PG09 -10161.537255  11750.941475 -21647.324058    763.096245  3  4  2  68       
PG10   1411.219852 -16780.591915  20715.163647   -590.202018  5  3  3  85       
PG11  12253.436721  15661.248270 -17589.658321   -388.193811  5  5  4  77       
PG12  24343.151613  -8901.505274   5509.091301   -607.999167  5  4  5  99       
PG13  22693.370745  13593.183061   3381.218404    681.348204  4  6  4  66       
PG14  -4271.664626  18494.556791  18544.225434    741.567226  4  5  4  66       
PG15  25073.229562   1732.230539   8121.781905    399.170792  1  3  2  85       
PG16 -18358.556461  -5421.550460 -18980.294558    236.589225  3  5  4 101       
PG17   4314.989036  18173.361525  19147.049588   -101.960231  4  5  3  84       
PG18   5867.822670 -23934.291733  -9492.480928   -387.851086  8  6  2  95       
PG19  13995.845350  19323.266907  12140.967443    695.630380  5  5  3  66       
PG20  24614.509656   9277.869233   3590.728248     84.310924  2  5  5  47       
PG21  15007.012797   7575.747263 -20567.150999    412.457178  4  6  3  87       
PG22    967.074556  16364.760949  21279.969632    -25.602881  3  5  4  84       
PG23  13864.382216 -18954.474322  12216.096646    630.848773  6  6  3  73       
PG24  15137.626465  -3476.557922  20997.314817    -56.587254  4  3  2  69       
PG25  18734.935912 -17797.046074  -5925.518832    433.272960  5  8  5  75       
PG26  -9280.298380 -13072.185156 -21405.329333   -348.021297  5  3  5  82       
PG27 -23356.668627 -13058.972797  -1834.787303    -88.820142  5  3  3  69       
PG28  -6215.338992 -25030.502637  -6301.481313   -565.739149  3  7  5  58       
PG29  12408.248754  -9890.387760 -21363.796287   -348.616828  5  3  3 101       
PG30   1191.595163  26383.337368   -399.098513    171.954227  2  2  3  75       
PG31 -11132.248863 -18830.750191 -15128.206374   -158.195792  5  6  5  88       
PG32  -9712.689314 -18148.767591  17163.598913    -20.461677  2  4  4  89       
*  2026  4  1  4  0  0.00000000
PG01 -14427.397436   7687.648465  20909.644976    306.858880  5  3  5  62       
PG02 -16001.116597  -5214.246122  21058.977428     69.573917  4  5  5  86       
PG03 -22979.561856  11705.010771   5899.120550    519.842719  4  4  4  61       
PG04 -20955.805538   2232.228233 -16238.827757     51.391566  4  4  5  74       
PG05  19264.056318    329.071699 -18472.977576   -231.147391  5  4  2  89       
PG06   4722.514921  25766.301290  -3773.263339   -612.106789  2  3  5  65       
PG07  -6985.588326  21433.020698 -13102.616877   -167.751445  3  4  3  66       
PG08 -25633.990180  -5539.498972   5405.158097    469.185653  3  4  3  65       
PG09 -12353.317758  10724.946510 -21035.335396    763.093849  3  4  1  63       
PG10   3321.485230 -17963.554389  19419.930967   -590.201568  4  3  3  75       
PG11  12164.017711  17579.300111 -15755.311014   -388.182277  5  5  4  68       
PG12  23764.537368  -8268.687726   8214.956982   -607.999531  5  3  5  92       
PG13  22794.013683  13892.953177    522.236556    681.347059  4  6  5  72       
PG14  -6064.221900  19466.103542  16948.004451    741.568553  4  5  4  83       
PG15  25803.882188   2244.818794   5451.509921    399.173976  1  3  2  87       
PG16 -16526.100757  -6563.782132 -20248.731857    236.595812  3  6  4  86       
PG17   2330.287903  17220.206697  20380.551449   -101.968609  4  5  3  64       
PG18   6154.986457 -22704.927039 -12010.355007   -387.842661  7  6  2  71       
PG19  12612.349207  18692.731239  14373.793661    695.631326  4  5  3  67       
PG20  24728.126584   9613.049414    748.258284     84.329504  3  5  5  46       
PG21  13040.844560   8948.938473 -21337.995723    412.459117  4  6  3  94       
PG22  -1079.236292  17444.770450  20412.686841    -25.597885  3  5  3  75       
PG23  14976.157728 -19544.061399   9673.646776    630.852849  6  7  3  82       
PG24  15616.897850   -999.739570  20944.768827    -56.571744  4  3  2  80       
PG25  19300.915975 -17835.242418  -3144.872122    433.270505  5  7  5  69       
PG26  -7417.579209 -14582.907793 -21114.814506   -348.025708  5  4  5  79       
PG27 -22960.526477 -13143.703594  -4616.259022    -88.833220  5  3  3  92       
PG28  -6028.695401 -25615.703695  -3515.869961   -565.731443  3  7  4  57       
PG29  14454.804583  -8654.816428 -20612.054696   -348.610349  4  3  3  96       
PG30    827.462499  26184.603860  -3210.519759    171.966098  1  2  3  71       
PG31 -11000.275353 -20416.123491 -12944.660278   -158.193868  5  6  5  66       
PG32  -7848.142571 -17414.036347  18809.733422    -20.444437  2  3  4  85       
*  2026  4  1  4 15  0.00000000
PG01 -14655.174532   5267.382533  21499.626232    306.852353  5  4  5  78       
PG02 -16465.012475  -7426.476553  20042.271595     69.580841  4  4  5  81       
PG03 -22397.990801  11054.779957   8663.606325    519.830455  5  4  4  75       
PG04 -22481.993157   1387.740377 -14179.560962     51.393065  4  4  4  67       
PG05  17693.819969   1811.276584 -19911.642510   -231.147776  5  4  2  75       
PG06   4563.984288  26060.397688   -873.305349   -612.105928  2  3  5  57       
PG07  -7485.847138  19753.453846 -15233.551073   -167.755537  3  4  3  81       
PG08 -25999.744528  -5946.060003   2663.036709    469.179940  3  4  3  72       
PG09 -14512.576295   9848.105052 -20064.946571    763.091561  3  4  1  76       
PG10   5033.321204 -19155.877231  17794.339520   -590.201197  4  3  4  84       
PG11  12154.842822  19276.433252 -13649.698415   -388.170699  5  4  5  69       
PG12  22970.643503  -7437.300347  10777.946594   -607.999493  4  3  4  98       
PG13  22634.093454  14020.702910  -2345.621740    681.345581  4  6  5  45       
PG14  -7652.153581  20406.387212  15058.589446    741.569988  3  6  4  85       
PG15  26256.605059   2650.241054   2686.384614    399.176960  1  3  3  78       
PG16 -14653.016087  -7869.505135 -21183.532262    236.601906  3  6  4  82       
PG17    194.782413  16322.577760  21272.028994   -101.977214  4  5  3  54       
PG18   6539.218867 -21219.570921 -14318.068189   -387.834199  7  6  2  91       
PG19  10984.861595  18024.903694  16364.210326    695.632411  4  6  3  65       
PG20  24557.200664   9827.335790  -2107.111041     84.348071  3  5  5  36       
PG21  11095.915923  10463.511303 -21741.692206    412.460976  4  6  4  95       
PG22  -2967.427524  18568.234054  19206.248677    -25.592655  3  6  4  72       
PG23  15822.100061 -20005.575570   6962.718389    630.856915  6  7  3  86       
PG24  16203.203909   1420.835332  20514.443771    -56.556133  4  3  1  62       
PG25  19620.311401 -17697.783838   -309.566010    433.268041  4  7  5  75       
PG26  -5663.258845 -16147.081534 -20467.115124   -348.030127  5  5  5  74       
PG27 -22285.468344 -13136.287045  -7320.895214    -88.846306  5  4  3  74       
PG28  -5820.788703 -25895.073619   -669.671142   -565.723718  3  7  4  64       
PG29  16468.397363  -7575.242307 -19508.074540   -348.603921  4  3  4  86       
PG30    406.818986  25690.291878  -5965.615263    171.977983  1  2  2  64       
PG31 -10918.036684 -21751.549982 -10538.338186   -158.191943  5  6  5  75       
PG32  -5791.941229 -16720.095423  20141.047137    -20.427164  2  3  4  80       
*  2026  4  1  4 30  0.00000000
PG01 -15013.245376   2817.400040  21719.129453    306.845601  5  4  5  76       
PG02 -17009.607730  -9482.318980  18696.502670     69.587910  4  4  6  81       
PG03 -21622.323420  10169.763826  11276.886190    519.818205  5  4  4  74       
PG04 -23819.766428    713.685749 -11877.795571     51.394545  4  5  4  65       
PG05  16106.538162   3478.076819 -21012.973879   -231.148322  5  5  2  79       
PG06   4363.404597  26036.596138   2041.841691   -612.105033  2  4  4  72       
PG07  -8115.541044  17872.213943 -17086.463634   -167.759462  2  4  3  65       
PG08 -26087.981921  -6248.671248   -123.707390    469.174234  3  4  3  37       
PG09 -16591.948449   9124.242364 -18752.745651    763.089248  3  4  2  72       
PG10   6526.239147 -20313.606984  15864.800204   -590.200785  4  3  4  75       
PG11  12195.180135  20722.441336 -11309.267286   -388.159169  5  4  5  69       
PG12  21997.737056  -6391.919790  13152.906660   -607.999522  3  3  4  93       
PG13  22196.522642  14010.948577  -5173.885495    681.344131  4  6  5  61       
PG14  -9021.245745  21274.415414  12907.991685    741.571349  3  6  3  76       
PG15  26416.463601   2980.995132   -125.207997    399.179770  1  3  3  71       
PG16 -12782.337264  -9325.087446 -21768.707998    236.608293  3  7  4  81       
PG17  -2055.571939  15510.093161  21807.735608   -101.985832  4  6  3  64       
PG18   7046.927907 -19512.677824 -16375.460453   -387.825679  6  6  3  71       
PG19   9130.802578  17358.013018  18077.654478    695.633661  4  6  3  57       
PG20  24090.034849   9955.985623  -4926.100908     84.366725  3  5  5  28       
PG21   9214.235239  12094.281640 -21771.178763    412.462797  3  6  4  95       
PG22  -4670.904361  19698.947136  17680.891565    -25.587229  3  6  4  70       
PG23  16410.155955 -20297.930684   4130.318664    630.860984  6  7  3  89       
PG24  16879.221663   3739.046010  19715.570862    -56.540659  4  4  1  45       
PG25  19712.403666 -17353.841344   2531.110872    433.265547  4  7  5  72       
PG26  -4043.744886 -17727.910523 -19471.865998   -348.034513  5  5  5  68       
PG27 -21331.390739 -13074.187333  -9904.050007    -88.859328  4  4  2  75       
PG28  -5554.221544 -25870.257358   2188.067313   -565.715974  3  7  4  47       
PG29  18402.560934  -6658.226241 -18071.030090   -348.597741  3  2  4  72       
PG30   -102.623370  24915.659900  -8615.871103    171.989896  1  2  2  69       
PG31 -10851.411766 -22813.861280  -7949.882272   -158.189887  5  6  5  75       
PG32  -3577.175944 -16098.686569  21135.352111    -20.409932  2  3  4  80       
*  2026  4  1  4 45  0.00000000
PG01 -15497.849479    386.340724  21564.613870    306.838844  5  5  4  79       
PG02 -17606.025208 -11348.377698  17044.297970     69.594774  3  3  6  73       
PG03 -20693.741100   9038.504946  13693.019129    519.805949  6  4  4  87       
PG04 -24931.247499    191.464233  -9373.121508     51.395998  4  5  4  80       
PG05  14545.291751   5307.809531 -21758.499399   -231.148390  5  5  2  89       
PG06   4082.252030  25703.632053   4921.527706   -612.104151  3  5  4  60       
PG07  -8889.184831  15832.783790 -18626.822875   -167.763732  1  4  3  73       
PG08 -25887.251406  -6481.051992  -2908.402445    469.168452  4  3  3  44       
PG09 -18545.082859   8549.041539 -17121.081626    763.086919  4  3  2  59       
PG10   7788.214068 -21390.876763  13663.122386   -590.200413  3  4  4  82       
PG11  12250.185637  21894.714882  -8774.439109   -388.147594  5  4  5  62       
PG12  20886.127359  -5125.099541  15297.746372   -607.999334  2  3  4  86       
PG13  21472.319458  13901.583005  -7915.032797    681.342645  4  5  5  75       
PG14 -10165.446371  22028.773009  10532.962249    741.572640  4  7  3  67       
PG15  26276.834736   3272.048940  -2934.704177    399.182725  2  3  3  71       
PG16 -10954.737802 -10909.378530 -21993.746882    236.614711  4  7  4  76       
PG17  -4380.146363  14806.050103  21979.774344   -101.994082  3  6  3  77       
PG18   7698.014893 -17624.714975 -18146.893617   -387.817177  5  6  3  58       
PG19   7075.461124  16727.460581  19483.932132    695.634758  3  6  3  62       
PG20  23323.582887  10036.342377  -7659.987356     84.385278  4  5  5  46       
PG21   7433.259618  13809.322903 -21425.831304    412.464628  3  6  4  87       
PG22  -6170.312178  20797.421466  15861.945145    -25.581902  3  6  4  70       
PG23  16756.838366 -20383.938411   1225.757958    630.865027  6  7  3  80       
PG24  17620.945505   5913.277416  18564.170237    -56.525137  4  5  1  61       
PG25  19603.192783 -16778.400084   5327.311789    433.263065  4  7  5  53       
PG26  -2578.864885 -19285.067872 -18144.625667   -348.038878  5  6  6  67       
PG27 -20106.247600 -12994.888983 -12323.275984    -88.872348  4  4  2  83       
PG28  -5193.151272 -25551.665605   5008.101954   -565.708247  3  7  4  67       
PG29  20211.539739  -5902.140986 -16325.699226   -348.591269  3  2  4  77       
PG30   -729.415843  23883.893094 -11114.493638    172.001818  1  3  2  61       
PG31 -10763.580728 -23587.945727  -5223.457455   -158.187768  4  6  5  96       
PG32  -1242.656560 -15575.788580  21775.943473    -20.392707  2  3  4  75       
*  2026  4  1  5  0  0.00000000
PG01 -16097.292241  -1978.470772  21038.981459    306.832143  5  5  4  86       
PG02 -18220.586693 -12997.626477  15112.996163     69.601857  3  3  6  73       
PG03 -19656.509718   7658.515430  15869.424744    519.793658  6  5  4  78       
PG04 -25784.325494   -204.091095  -6708.483700     51.397482  5  5  3  86       
PG05  13049.396845   7271.341067 -22135.685498   -231.148793  5  5  2  98       
PG06   3684.802296  25079.237646   7715.813717   -612.103258  2  6  4  82       
PG07  -9813.410871  13682.735387 -19826.041898   -167.767642  1  5  3  87       
PG08 -25394.023946  -6678.747046  -5644.620301    469.162730  3  4  3  74       
PG09 -20328.264949   8110.345035 -15197.696085    763.084559  4  3  2  73       
PG10   8816.022066 -22341.659648  11226.064468   -590.200046  3  4  4  87       
PG11  12282.397728  22778.959211  -6088.904992   -388.136081  4  5  5  70       
PG12  19678.581691  -3637.920758  17174.246337   -607.999462  1  3  3  85       
PG13  20461.009551  13732.278934 -10523.230870    681.341523  4  5  5  81       
PG14 -11086.937023  22629.276933   7974.379348    741.574005  3  7  2  82       
PG15  25839.562929   3559.259717  -5694.201394    399.186290  3  4  3  73       
PG16  -9207.150856 -12594.307705 -21853.818566    236.621157  4  8  4  86       
PG17  -6734.980792  14226.633185  21786.148423   -102.002264  2  6  3  79       
PG18   8504.932127 -15600.667456 -19601.879713   -387.808692  5  5  3  68       
PG19   4851.288220  16164.407094  20557.781452    695.635576  2  6  4  71       
PG20  22263.670879  10106.204194 -10261.455281     84.403805  4  5  5  79       
PG21   5784.595839  15571.062049 -20711.482085    412.466468  3  6  4  85       
PG22  -7454.061473  21822.325176  13779.457411    -25.576769  3  7  4  74       
PG23  16886.427142 -20231.900135  -1700.238679    630.869110  5  7  3  90       
PG24  18398.715006   7907.846997  17082.608006    -56.509714  4  5  1  52       
PG25  19324.291135 -15953.474034   8029.553381    433.260570  4  6  5  70       
PG26  -1281.237091 -20776.117454 -16506.715222   -348.043241  5  7  6  77       
PG27 -18625.836690 -12934.379927 -14538.923404    -88.885381  4  5  1  80       
PG28  -4704.876422 -24958.030113   7741.846291   -565.700496  3  7  3  66       
PG29  21851.913078  -5297.404083 -14302.034576   -348.585010  2  2  4  93       
PG30  -1497.010724  22625.232410 -13417.298893    172.013733  1  3  3  75       
PG31 -10616.614489 -24067.291095  -2406.021734   -158.185785  4  6  5  75       
PG32   1168.339285 -15170.638475  22051.859369    -20.375457  3  3  4  86       
*  2026  4  1  5 15  0.00000000
PG01 -16792.376970  -4232.650085  20151.510439    306.825471  5  5  4  71       
PG02 -18816.084801 -14410.197524  12934.249301     69.609066  3  2  6  69       
PG03 -18556.199873   6036.604303  17767.685801    519.781399  6  4  4  56       
PG04 -26353.827886   -503.546467  -3929.453800     51.398974  5  5  3  58       
PG05  11653.008138   9332.997619 -22138.132744   -231.149146  5  5  3  90       
PG06   3139.723799  24189.411270  10376.358440   -612.102332  3  6  3  29       
PG07 -10886.501071  11471.890392 -20662.125155   -167.771642  1  5  4  80       
PG08 -24612.840644  -6877.619988  -8286.876805    469.157040  3  4  2  72       
PG09 -21901.951104   7788.761583 -13015.269112    763.082206  4  3  2  69       
PG10   9615.242552 -23121.567388   8594.782331   -590.199714  3  4  5  87       
PG11  12253.337341  23369.600163  -3298.869194   -388.124606  4  5  5  73       
PG12  18418.640925  -1940.205313  18748.807513   -607.999016  1  3  3  82       
PG13  19170.721860  13542.849649 -12955.035198    681.340112  4  5  5  66       
PG14 -11795.880385  23038.609196   5276.545891    741.575356  4  7  2  71       
PG15  25114.804155   3877.795838  -8357.243549    399.189232  3  4  3  66       
PG16  -7571.519740 -14345.741201 -21349.916514    236.627661  4  8  5  80       
PG17  -9074.236364  13780.396738  21230.734332   -102.010386  2  6  3  67       
PG18   9472.049475 -13488.380988 -20715.604349   -387.800193  4  5  3  84       
PG19   2496.913017  15694.513356  21279.375455    695.637280  2  7  4  69       
PG20  20924.884645  10202.176951 -12685.431903     84.422377  4  5  5  70       
PG21   4292.934764  17337.605541 -19640.327213    412.468248  3  6  5  83       
PG22  -8518.576169  22732.002180  11467.760048    -25.571278  3  7  3  44       
PG23  16829.861944 -19816.997017  -4596.456972    630.873170  5  7  4  54       
PG24  19178.475583   9694.159416  15299.027008    -56.494191  4  6  1  73       
PG25  18911.582947 -14869.061154  10589.660612    433.258045  5  5  5  61       
PG26   -155.913216 -22158.048424 -14584.956285   -348.047600  5  7  6  69       
PG27 -16913.319701 -12925.707294 -16514.693625    -88.898404  4  5  1  69       
PG28  -4061.303252 -24115.649452  10342.211431   -565.692704  4  7  2  58       
PG29  23284.137947  -4827.018714 -12034.654313   -348.578215  2  3  4  76       
PG30  -2422.603047  21175.826084 -15483.557088    172.025610  1  3  4  76       
PG31 -10373.138782 -24254.204909    453.480806   -158.183589  4  6  4  57       
PG32   3609.481011 -14895.008415  21958.064572    -20.358239  3  3  4  81       
*  2026  4  1  5 30  0.00000000
PG01 -17557.138710  -6336.259926  18917.680098    306.818691  4  5  4  92       
PG02 -19353.185418 -15573.925983  10543.580961     69.615731  3  2  6  78       
PG03 -17437.860224   4188.834244  19354.276462    519.769160  5  4  4  67       
PG04 -26622.438155   -741.496654  -1083.464862     51.400440  5  4  2  49       
PG05  10383.926067  11451.744905 -21765.679554   -231.149504  5  5  3  91       
PG06   2421.493068  23067.377355  12857.268183   -612.101461  3  6  3  33       
PG07 -12098.298445   9250.386946 -21120.146661   -167.775938  2  4  4  92       
PG08 -23556.182126  -7112.347694 -10791.309438    469.151344  4  4  2  65       
PG09 -23232.156645   7558.555626 -10610.885553    763.079883  4  3  2  51       
PG10  10199.917768 -23689.625144   5814.179037   -590.199290  3  4  5  84       
PG11  12125.151144  23669.863903   -452.254580   -388.113138  3  5  5  81       
PG12  17148.903764    -50.376331  19993.120992   -607.998951  1  3  3  78       
PG13  17617.978986  13371.625772 -15170.041533    681.338827  4  5  5  62       
PG14 -12309.850527  23223.861116   2486.409044    741.576677  4  7  2  49       
PG15  24120.574640   4260.621094 -10879.542999    399.191895  3  4  3  67       
PG16  -6073.721872 -16124.574179 -20488.930221    236.633952  4  8  5  73       
PG17 -11351.708472  13468.034439  20323.181457   -102.019005  2  5  3  34       
PG18  10595.353724 -11336.810387 -21469.336386   -387.791674  3  5  3  63       
PG19     55.911635  15336.886230  21634.751691    695.637769  2  7  4  62       
PG20  19330.125712  10358.077458 -14889.883918     84.440870  5  5  5  51       
PG21   2975.260225  19064.244901 -18230.723911    412.470116  3  6  4  91       
PG22  -9368.256492  23486.020032   8964.976314    -25.566403  2  7  3  42       
PG23  16623.371578 -19122.419001  -7412.136061    630.877257  4  7  4  73       
PG24  19923.210569  11251.548258  13246.675126    -56.478679  4  6  1  50       
PG25  18403.701377 -13523.791320  12961.712606    433.255533  5  4  5  83       
PG26    799.687409 -23388.867075 -12411.305385   -348.051992  4  7  6  48       
PG27 -14998.494425 -12997.653133 -18218.145054    -88.911417  4  5  1  75       
PG28  -3240.234543 -23057.354800  12764.419882   -565.684924  4  7  2  62       
PG29  24473.953640  -4467.400661  -9562.260814   -348.572019  2  3  4  36       
PG30  -3516.227365  19576.350191 -17276.771587    172.037491  1  3  5  76       
PG31  -9998.005607 -24159.696325   3304.991084   -158.181577  4  6  4  75       
PG32   6032.915522 -14752.764480  21495.555050    -20.341030  4  3  4  78       
*  2026  4  1  5 45  0.00000000
PG01 -18359.850676  -8255.141847  17358.890947    306.811986  5  6  3  91       
PG02 -19791.915905 -16484.633213   7979.901887     69.622971  3  3  6  85       
PG03 -16344.219397   2140.106292  20601.198889    519.756898  5  4  3  79       
PG04 -26581.326715   -955.043896   1780.979078     51.401910  5  4  2  71       
PG05   9262.650665  13582.574889 -21024.412865   -231.149850  5  6  3  90       
PG06   1511.576464  21752.280306  15115.894115   -612.100570  3  6  2  47       
PG07 -13430.503336   7066.745350 -21192.543722   -167.779842  2  4  3  96       
PG08 -22244.065600  -7414.968006 -13116.327019    469.145647  3  5  2  72       
PG09 -24291.645949   7388.786101  -8025.428865    763.077497  5  3  2  61       
PG10  10591.875536 -24009.950979   2932.162345   -590.198925  3  3  5  82       
PG11  11862.234094  23691.529549   2402.116322   -388.101606  2  5  5  56       
PG12  15909.351078   2005.033348  20884.740569   -607.998910  1  4  3  72       
PG13  15827.192584  13253.905258 -17131.485662    681.337415  3  5  4  86       
PG14 -12652.966362  23157.924139   -347.283662    741.577986  4  7  3  53       
PG15  22882.030830   4737.095510 -13219.633255    399.195075  4  4  3  69       
PG16  -4732.706084 -17888.025915 -19283.641414    236.640164  4  9  5  82       
PG17 -13522.349610  13282.440724  19078.741772   -102.027480  2  5  3  54       
PG18  11862.490452  -9194.244516 -21850.718414   -387.783125  2  5  3  83       
PG19  -2424.631222  15103.275289  21616.156067    695.639159  2  7  4  58       
PG20  17509.851959  10603.450715 -16836.563113     84.459468  5  5  5  65       
PG21   1840.362786  20705.084325 -16506.880453    412.471999  4  6  4  78       
PG22 -10015.156358  24046.693838   6312.473822    -25.561199  2  6  3  63       
PG23  16306.895707 -18140.184186 -10097.907604    630.881247  4  6  4  80       
PG24  20594.478230  12567.780265  10963.156431    -56.463140  4  6  1  48       
PG25  17840.385508 -11925.231711  15102.964804    433.253056  5  4  5  69       
PG26   1595.543379 -24429.186040 -10022.384060   -348.056419  3  8  6  61       
PG27 -12916.844248 -13173.572996 -19621.150094    -88.924418  4  5  1  73       
PG28  -2226.429873 -21821.236257  14966.778197   -565.677148  4  6  2  81       
PG29  25393.596523  -4189.459103  -6926.996161   -348.565513  2  4  3  59       
PG30  -4780.149588  17870.455549 -18765.373147    172.049369  2  3  5  61       
PG31  -9459.902213 -23803.017392   6098.253683   -158.179766  4  5  4  90       
PG32   8390.861185 -14739.724469  20671.380733    -20.323805  4  4  4  82       
*  2026  4  1  6  0  0.00000000
PG01 -19164.263735  -9962.023372  15502.085835    306.805205  5  6  3  80       
PG02 -20093.191728 -17146.139140   5284.983924     69.629938  4  3  6  77       
PG03 -15313.991227    -76.612791  21486.513063    519.744643  4  4  3  72       
PG04 -26230.472707  -1182.184563   4615.106610     51.403332  5  4  2  43       
PG05   8301.716453  15678.050275 -19926.585071   -231.150542  5  7  3  86       
PG06    399.332304  20287.665947  17113.562689   -612.099677  3  6  3  61       
PG07 -14857.338476   4966.024760 -20879.218642   -167.784062  2  4  3  98       
PG08 -20703.384491  -7813.530099 -15223.226814    469.139992  4  5  1  74       
PG09 -25060.880067   7244.652075  -5302.910785    763.075113  5  3  3  47       
PG10  10819.735352 -24053.269729     -1.179973   -590.198554  3  3  5  68       
PG11  11432.768758  23454.365822   5215.350878   -388.090066  2  5  5  65       
PG12  14735.781235   4192.208718  21407.542060   -607.998594  1  4  3  63       
PG13  13829.883593  13220.530124 -18806.786685    681.336036  3  6  4  79       
PG14 -12854.761765  22820.667960  -3174.874672    741.579324  4  6  3  59       
PG15  21430.514941   5331.739534 -15339.449148    399.197957  4  4  3  59       
PG16  -3559.877933 -19591.098638 -17752.637561    236.646557  4  9  5  81       
PG17 -15543.751657  13209.059718  17518.032536   -102.035434  2  5  3  66       
PG18  13253.143852  -7106.578253 -21853.935508   -387.774611  1  5  4  81       
PG19  -4895.718134  14997.557657  21222.288186    695.640038  3  6  4  74       
PG20  15501.031625  10962.260816 -18491.686065     84.478013  5  5  5  71       
PG21    888.676983  22214.727807 -14498.443575    412.473748  4  6  3  84       
PG22 -10478.384075  24380.533796   3554.264887    -25.555996  2  6  3  71       
PG23  15922.364253 -16871.613034 -12606.710309    630.885299  5  6  4  69       
PG24  21153.986066  13639.214054   8489.630273    -56.447597  4  6  1  54       
PG25  17260.786968 -10089.829175  16974.721914    433.250554  5  3  4  69       
PG26   2248.499157 -25243.748296  -7458.906704   -348.060855  3  8  6  61       
PG27 -10708.396380 -13470.435136 -20700.301359    -88.937431  4  5  1  79       
PG28  -1012.395583 -20449.179393  16911.394969   -565.669376  4  6  2  76       
PG29  26022.780396  -3959.889919  -4173.744064   -348.559297  2  4  3  74       
PG30  -6208.580844  16103.106180 -19923.312735    172.061278  2  3  6  67       
PG31  -8732.828021 -23210.876319   8783.763515   -158.177592  4  5  3  73       
PG32  10637.210637 -14843.822336  19498.583718    -20.306540  4  4  3  77       
*  2026  4  1  6 15  0.00000000
PG01 -19931.030628 -11437.359673  13379.279138    306.798389  4  6  3  84       
PG02 -20220.332623 -17570.001390   2502.892817     69.636979  4  4  6  80       
PG03 -14380.353964  -2421.390257  21994.747348    519.732393  4  4  2  63       
PG04 -25578.665641  -1460.164661   7370.683868     51.404875  6  4  2  53       
PG05   7505.333042  17689.951724 -18490.437246   -231.150679  5  7  2  88       
PG06   -917.400739  18719.811823  18816.226983   -612.098842  3  6  3  87       
PG07 -16346.547549   2988.156803 -20187.449754   -167.788087  2  3  3  78       
PG08 -18967.013313  -8330.893558 -17076.774521    469.134337  4  5  1  70       
PG09 -25528.685681   7088.994881  -2489.746128    763.072768  5  4  3  34       
PG10  10917.632066 -23798.195025  -2934.473400   -590.198230  4  2  5  75       
PG11  10810.122365  22985.274725   7939.312869   -388.078474  2  5  4  73       
PG12  13658.423466   6471.184868  21552.056130   -607.998639  1  5  4  71       
PG13  11663.655664  13296.638645 -20168.030092    681.334649  3  6  4  82       
PG14 -12948.837739  22199.854863  -5946.714170    741.580637  4  6  3  70       
PG15  19802.406293   6063.200318 -17204.833688    399.201234  4  4  3  70       
PG16  -2558.760932 -21188.153279 -15920.135936    236.652834  5  9  5  87       
PG17 -17377.538859  13226.508788  15666.734332   -102.044388  3  5  3  62       
PG18  14739.736283  -5115.698787 -21479.762689   -387.766069  1  5  3  81       
PG19  -7308.134195  15015.538594  20458.436440    695.641471  4  6  4  65       
PG20  13345.850935  11451.808311 -19826.534757     84.496625  5  5  5  72       
PG21    112.448148  23549.960659 -12239.990064    412.475541  4  7  2  86       
PG22 -10783.244094  24459.565172    736.357707    -25.550774  2  6  3  82       
PG23  15511.906139 -15327.436646 -14894.659383    630.889375  4  5  4  76       
PG24  21565.136888  14470.620693   5869.982099    -56.432071  3  7  1  70       
PG25  16701.800185  -8042.485681  18543.136382    433.248050  5  4  4  71       
PG26   2781.450364 -25802.823338  -4765.011329   -348.065149  2  8  6  71       
PG27  -8416.425665 -13898.092249 -21437.265013    -88.950462  4  5  1  89       
PG28    401.126782 -18985.268961  18564.831812   -565.661609  4  5  2  75       
PG29  26349.406370  -3742.632481  -1349.388441   -348.552749  2  4  2  54       
PG30  -7787.725965  14318.879318 -20730.539210    172.073101  3  3  6  80       
PG31  -7797.373618 -22416.350369  11313.718485   -158.175647  4  4  3  84       
PG32  12729.086385 -15045.576795  17996.049295    -20.289343  5  4  3  70       
*  2026  4  1  6 30  0.00000000
PG01 -20619.259793 -12669.879244  11027.002469    306.791699  4  6  4  70       
PG02 -20140.518608 -17774.986509   -320.619452     69.644024  4  5  6  69       
PG03 -13569.666641  -4848.709740  22117.180482    519.720146  3  5  3  70       
PG04 -24643.187420  -1823.866105  10000.809095     51.406342  6  3  2  19       
PG05   6869.345593  19570.968772 -16739.929419   -231.151055  5  7  2  74       
PG06  -2432.050203  17095.972815  20195.028872   -612.097946  3  6  4  74       
PG07 -17860.675167   1166.530659 -19131.621542   -167.792422  2  3  4  81       
PG08 -17072.707587  -8983.717623 -18645.742543    469.128759  4  5  1  73       
PG09 -25692.619261   6883.900206    366.016954    763.070365  5  4  3  51       
PG10  10923.704882 -23232.220764  -5816.001436   -590.197914  4  1  5  61       
PG11   9974.048246  22317.176142  10527.432660   -388.066948  2  5  4  66       
PG12  12700.788924   8797.238611  21315.664845   -607.998770  1  6  4  81       
PG13   9370.957603  13500.635585 -21192.387239    681.333332  3  6  4  81       
PG14 -12971.352037  21291.750019  -8614.084825    741.581954  4  6  3  72       
PG15  18037.822847   6943.450222 -18785.972549    399.204384  5  5  3  64       
PG16  -1724.953448 -22634.549046 -13815.712029    236.659102  5  9  5  67       
PG17 -18990.625508  13307.455713  13555.226341   -102.052560  3  5  2  74       
PG18  16288.416821  -3258.047596 -20735.494044   -387.757531  2  5  3  73       
PG19  -9614.177095  15145.083509  19336.492580    695.642506  4  6  4  56       
PG20  11090.225531  12081.917829 -20817.966548     84.515266  5  5  5  54       
PG21   -503.778014  24671.360248  -9770.431033    412.477294  4  7  2  61       
PG22 -10960.146431  24262.472380  -2093.937387    -25.545642  3  6  3  70       
PG23  15116.062134 -13527.534140 -16921.851588    630.893438  5  5  4  71       
PG24  21794.486148  15074.687132   3149.987410    -56.416520  3  6  2  71       
PG25  16196.490635  -5815.780432  19779.908626    433.245600  5  4  3  74       
PG26   3222.273818 -26083.415833  -1987.501891   -348.069434  2  8  7  62       
PG27  -6086.045338 -14458.811080 -21819.078372    -88.963457  4  5  2  74       
PG28   2004.992976 -17474.121727  19898.676264   -565.653808  4  4  2  74       
PG29  26369.975969  -3500.434964   1497.960629   -348.546528  2  4  2  81       
PG30  -9496.164223  12560.298277 -21173.351709    172.085002  3  4  6  82       
PG31  -6641.743092 -21457.540342  13642.954488   -158.173542  4  4  2  78       
PG32  14628.293623 -15318.851264  16188.267612    -20.272109  4  4  2  64       
*  2026  4  1  6 45  0.00000000
PG01 -21188.138901 -13656.814354   8485.676564    306.784894  4  6  4  64       
PG02 -19826.136597 -17786.286590  -3138.761487     69.650722  5  6  6  70       
PG03 -12900.475417  -7309.079559  21851.989144    519.707925  3  5  3  59       
PG04 -23449.186871  -2304.284448  12460.685445     51.407812  5  4  2  75       
PG05   6381.518069  21276.373183 -14704.379553   -231.151420  5  8  2  77       
PG06  -4129.399160  15462.610760  21226.764162   -612.097048  3  5  5  80       
PG07 -19358.563178   -473.111418 -17732.790960   -167.796301  2  4  3  87       
PG08 -15061.835071  -9781.676290 -19903.401660    469.123104  5  5  1  67       
PG09 -25559.011317   6592.339363   3215.499898    763.068014  5  4  3  56       
PG10  10878.411349 -22352.374094  -8594.681565   -590.197634  5  1  5  70       
PG11   8911.645936  21487.676784  12935.488174   -388.055373  2  6  4  74       
PG12  11878.808844  11122.482101  20702.656083   -607.998697  2  7  5  76       
PG13   6997.677175  13843.415985 -21862.467902    681.332088  3  6  4  86       
PG14 -12959.409251  20101.400363 -11130.112417    741.583339  4  5  4  60       
PG15  16179.219823   7977.238990 -20057.758363    399.207032  5  6  3  77       
PG16  -1046.391413 -23888.288545 -11473.927192    236.665649  5 10  5  76       
PG17 -20356.296188  13419.720715  11218.160337   -102.061117  4  5  2  63       
PG18  17860.297202  -1563.411250 -19634.758778   -387.749044  2  5  3  76       
PG19 -11769.353417  15366.583767  17874.837779    695.643832  4  5  4  82       
PG20   8782.173825  12854.428951 -21448.823696     84.533832  5  5  4  65       
PG21   -982.362549  25544.773329  -7132.339091    412.479086  3  7  2  64       
PG22 -11043.318880  23775.523112  -4888.741114    -25.540675  3  6  3  54       
PG23  14772.076150 -11500.310153 -18653.088501    630.897498  5  4  4  80       
PG24  21813.057239  15471.234878    376.487274    -56.400979  3  6  2  69       
PG25  15772.691897  -3448.869327  20662.868052    433.243122  5  4  3  70       
PG26   3602.541690 -26070.232305    824.985538   -348.073760  2  8  7  58       
PG27  -3762.729884 -15147.078018 -21838.388088    -88.976453  4  5  2  70       
PG28   3781.816440 -15959.212879  20890.027005   -565.646030  4  3  3  68       
PG29  26089.691891  -3196.469198   4319.762342   -348.539964  2  4  1  91       
PG30 -11305.545303  10866.267451 -21244.620386    172.096893  3  4  6  81       
PG31  -5262.471421 -20376.021380  15729.838361   -158.171630  4  4  2  77       
PG32  16302.616759 -15631.881913  14105.004452    -20.254904  5  4  2  78       
*  2026  4  1  7  0  0.00000000
PG01 -21598.565755 -14403.809052   5798.920017    306.778147  4  7  4  71       
PG02 -19255.969788 -17634.502630  -5904.386210     69.657874  5  6  6  79       
PG03 -12382.849928  -9750.800735  21204.258857    519.695725  3  5  3  68       
PG04 -22028.769918  -2927.155350  14708.360921     51.409333  5  3  3  74       
PG05   6022.130752  22765.613332 -12418.013996   -231.151974  4  8  1  79       
PG06  -5986.012679  13863.676357  21894.245030   -612.096192  3  5  5  74       
PG07 -20796.989819  -1913.427337 -16018.112750   -167.800597  2  3  4  79       
PG08 -12977.980051 -10726.928379 -20827.960730    469.117439  5  5  1  77       
PG09 -25142.687423   6179.786907   6009.817573    763.065655  5  4  3  61       
PG10  10822.735711 -21165.495639 -11221.049596   -590.197323  5  1  4  83       
PG11   7618.043472  20537.574692  15122.344577   -388.043818  2  5  4  68       
PG12  11200.296350  13397.591722  19724.134170   -607.998882  3  7  5  90       
PG13   4591.613821  14327.869920 -22166.602529    681.330513  4  6  4  86       
PG14 -12949.419106  18642.569037 -13450.641316    741.584680  4  5  4  70       
PG15  14269.933437   9161.812486 -21000.087560    399.209943  5  6  3  78       
PG16   -503.916099 -24911.606662  -8933.852264    236.671931  5  9  5  86       
PG17 -21455.071346  13527.567515   8693.974780   -102.069657  4  4  2  58       
PG18  19412.884701    -53.984127 -18197.231310   -387.740561  3  5  3  65       
PG19 -13733.971245  15653.744360  16098.095182    695.644548  5  5  4  77       
PG20   6470.115878  13763.011109 -21708.234743     84.552438  5  4  4  64       
PG21  -1351.508512  26142.602326  -4371.210171    412.480927  3  7  3  59       
PG22 -11069.365059  22993.234437  -7600.370753    -25.535441  4  6  4  55       
PG23  14512.335521  -9281.738833 -20058.503028    630.901578  5  4  4  83       
PG24  21597.470178  15686.195155  -2403.409568    -56.385483  2  6  2  53       
PG25  15451.834840   -986.108364  21176.417741    433.240649  5  5  4  76       
PG26   3956.070088 -25756.360173   3622.876852   -348.078135  3  7  7  67       
PG27  -1490.817887 -15949.690946 -21493.624371    -88.989472  4  5  3  77       
PG28   5706.450841 -14481.260532  21521.883451   -565.638270  3  3  3  74       
PG29  25522.242163  -2795.934072   7067.850390   -348.533863  3  4  1  71       
PG30 -13181.569818   9270.673347 -20943.873081    172.108680  4  4  6  88       
PG31  -3664.801833 -19215.155250  17537.094795   -158.169381  4  4  2  73       
PG32  17726.910134 -15948.540458  11780.880690    -20.237692  5  4  1  80       
*  2026  4  1  7 15  0.00000000
PG01 -21814.724075 -14924.509648   3012.806432    306.771401  4  7  4  56       
PG02 -18416.184901 -17354.424138  -8570.707724     69.665051  6  7  5  68       
PG03 -12018.075200 -12121.822015  20185.859600    519.683558  4  6  4  59       
PG04 -20419.838848  -3711.781699  16705.424742     51.410824  5  4  3  72       
PG05   5764.871981  24003.770076  -9919.433364   -231.152542  4  8  1  70       
PG06  -7970.982955  12339.008523  22186.556215   -612.095313  3  5  5  78       
PG07 -22132.374596  -3145.855836 -14020.150487   -167.804776  2  3  4  86       
PG08 -10865.467092 -11813.864039 -21402.948509    469.111781  5  5  1  73       
PG09 -24466.374828   5615.751982   8700.909962    763.063286  5  4  3  74       
PG10  10796.367577 -19688.128779 -13648.227798   -590.197059  5  2  4  80       
PG11   6096.775911  19509.256447  17050.641309   -388.032246  2  5  4  80       
PG12  10664.753818  15573.599468  18397.789413   -607.998554  3  7  5  86       
PG13   2200.881940  14948.686897 -22099.050582    681.329275  4  6  4  81       
PG14 -12975.492209  16937.327417 -15535.054712    741.585980  4  5  3  62       
PG15  12352.717627  10486.902624 -21598.092640    399.213321  5  6  3  89       
PG16    -72.134319 -25672.439947  -6238.486538    236.678318  5  9  5  80       
PG17 -22275.326976  13593.141164   6024.350563   -102.078023  4  4  2  65       
PG18  20901.654883   1256.265232 -16448.244056   -387.732034  4  5  3  62       
PG19 -15474.561150  15974.666886  14036.747617    695.645905  5  5  4  66       
PG20   4201.164355  14793.310243 -21591.802216     84.571013  5  4  4  85       
PG21  -1643.966526  26444.850311  -1534.673109    412.482688  3  7  3  63       
PG22 -11075.718375  21918.750340 -10182.129065    -25.530445  4  5  4  41       
PG23  14363.023799  -6914.114650 -21114.077105    630.905653  5  5  4  82       
PG24  21130.848709  15750.388143  -5143.086373    -56.369925  2  6  2  49       
PG25  15248.061252   1524.539024  21311.830481    433.238211  5  5  4  73       
PG26   4317.361347 -25143.624807   6356.595078   -348.082529  3  7  7  81       
PG27    687.955464 -16846.139241 -20789.105829    -89.002514  3  5  3  71       
PG28   7746.776580 -13076.730366  21783.433439   -565.630488  3  2  3  74       
PG29  24689.274945  -2267.586675   9695.236016   -348.527291  3  4  1  75       
PG30 -15085.211761   7801.207347 -20277.249269    172.120559  4  4  5  86       
PG31  -1862.703429 -18018.336555  19032.544728   -158.167250  3  5  2  70       
PG32  18883.939232 -16229.788750   9254.861426    -20.220488  5  4  1  81       
*  2026  4  1  7 30  0.00000000
PG01 -21805.543919 -15239.854590    175.082234    306.764617  4  7  4  63       
PG02 -17301.076610 -16983.642429 -11092.045664     69.671968  6  7  5  45       
PG03 -11798.709186 -14371.606151  18815.190959    519.671408  4  6  4  54       
PG04 -18664.723166  -4670.106147  18417.649868     51.412319  5  4  3  78       
PG05   5577.992992  24962.818598  -7250.999296   -231.152933  4  8  1  53       
PG06 -10046.962754  10922.910872  22099.203385   -612.094403  3  4  5  60       
PG07 -23322.472647  -4170.622401 -11776.101901   -167.808856  2  3  4  88       
PG08  -8767.854047 -13029.140837 -21617.531009    469.106116  5  5  2  76       
PG09 -23559.815453   4875.163344  11242.367948    763.060951  5  4  3  79       
PG10  10835.929943 -17946.017343 -15832.851504   -590.196748  5  3  4  91       
PG11   4359.845467  18445.047919  18687.416077   -388.020681  2  5  4  53       
PG12  10263.532062  17603.671517  16747.533396   -607.998264  3  7  5  77       
PG13   -127.701001  15692.469124 -21660.131165    681.327963  5  5  4  58       
PG14 -13067.940823  15015.321680 -17347.021077    741.587402  3  4  3  61       
PG15  10468.320447  11934.985320 -21842.312464    399.216358  5  6  3  77       
PG16    279.454160 -26145.714304  -3434.074700    236.684812  5  9  5  72       
PG17 -22813.644161  13578.004806   3253.610448   -102.086453  4  5  2  71       
PG18  22281.702950   2361.904619 -14418.312641   -387.723554  4  5  3  65       
PG19 -16965.062913  16293.187171  11726.623374    695.647508  5  4  4  75       
PG20   2019.474279  15923.421576 -21101.673490     84.589571  5  5  4  74       
PG21  -1895.561940  26439.883758   1328.338848    412.484445  3  7  3  80       
PG22 -11099.047750  20563.909282 -12589.105701    -25.524754  4  4  4  54       
PG23  14343.039865  -4444.562290 -21802.041667    630.909727  5  5  4  78       
PG24  20403.480786  15698.157789  -7797.131496    -56.354387  2  5  2  22       
PG25  15167.660454   4033.240446  21067.389166    433.235766  6  4  5  76       
PG26   4720.005823 -24242.603907   8977.514694   -348.086928  3  6  7  83       
PG27   2735.845988 -17809.264876 -19735.068818    -89.015508  3  5  3  68       
PG28   9864.761427 -11776.517613  21670.234509   -565.622639  3  2  3  73       
PG29  23619.582624  -1585.142633  12156.896720   -348.521060  3  5  1  70       
PG30 -16974.130613   6478.455319 -19257.326201    172.132381  4  4  5  75       
PG31    121.474057 -16827.248988  20189.735286   -158.164965  3  5  1  86       
PG32  19764.936414 -16435.273682   6569.657648    -20.203333  5  4  1  65       
*  2026  4  1  7 45  0.00000000
PG01 -21545.990937 -15377.091866  -2665.642036    306.757849  4  8  5  57       
PG02 -15913.534493 -16561.042605 -13424.589121     69.679062  6  7  5  81       
PG03 -11709.000291 -16452.932004  17116.804835    519.659231  5  6  5  71       
PG04 -16808.652253  -5806.065078  19815.571922     51.413800  5  4  4  81       
PG05   5425.684392  25622.646828  -4458.149096   -231.153584  5  8  2  61       
PG06 -12171.446411   9642.957444  21634.153870   -612.093564  3  4  5  72       
PG07 -24327.987293  -4996.385912  -9326.967114   -167.813356  3  4  4  80       
PG08  -6726.446371 -14352.013411 -21466.757291    469.100471  5  5  2  80       
PG09 -22458.617524   3939.552929  13590.239052    763.058606  5  4  3  76       
PG10  10973.334616 -15973.229235 -17735.929298   -590.196440  5  3  4  85       
PG11   2427.460531  17385.580983  20004.656386   -388.009163  3  5  4  75       
PG12   9980.331791  19444.799839  14803.010712   -607.998555  3  6  5  83       
PG13  -2350.185954  16538.153029 -20856.271921    681.326737  5  5  4  72       
PG14 -13251.947246  12912.744989 -18855.150709    741.588724  3  4  3  77       
PG15   8654.144735  13481.795883 -21728.802519    399.219161  5  6  3  86       
PG16    585.099745 -26314.392715   -569.328325    236.690900  5  8  5  84       
PG17 -23074.872241  13444.723060    428.065079   -102.095125  4  5  2  74       
PG18  23509.410603   3266.018453 -12142.584092   -387.715079  5  5  3  73       
PG19 -18187.724050  16570.414032   9208.257496    695.648142  5  4  4  72       
PG20    -35.284225  17124.669806 -20246.493922     84.608206  5  5  4  72       
PG21  -2143.601959  26124.883227   4168.439633    412.486384  2  6  3  42       
PG22 -11173.675081  18948.990950 -14778.978118    -25.519749  4  3  4  84       
PG23  14463.225182  -1923.367244 -22111.153240    630.913773  5  5  5  82       
PG24  19413.217188  15565.915432 -10321.999467    -56.338869  2  5  3  53       
PG25  15208.851589   6490.102211  20448.370201    433.233385  6  4  5  76       
PG26   5195.112425 -23072.293415  11438.911306   -348.091405  4  6  7  67       
PG27   4620.358773 -18806.188308 -18347.614730    -89.028540  3  4  3  85       
PG28  12017.754952 -10604.856607  21184.286086   -565.614859  3  3  3  75       
PG29  22348.024639   -728.491589  14410.538337   -348.514614  3  5  1  74       
PG30 -18804.213800   5315.286899 -17902.825212    172.144256  4  4  5  69       
PG31   2257.694501 -15680.207486  20988.444855   -158.163035  3  4  1  80       
PG32  20369.844706 -16525.003727   3771.045503    -20.186127  5  4  2  58       
*  2026  4  1  8  0  0.00000000
PG01 -21018.135154 -15368.562325  -5460.713844    306.751121  4  8  5  70       
PG02 -14265.205484 -16125.225951 -15527.169656     69.686023  6  6  4  94       
PG03 -11725.644156 -18323.560803  15120.916436    519.647066  5  6  5  82       
PG04 -14898.125967  -7115.249915  20874.995336     51.415293  5  4  4  78       
PG05   5269.623659  25971.789171  -1588.647012   -231.154209  5  8  2  65       
PG06 -14298.248894   8519.070480  20799.771554   -612.092678  3  3  5  73       
PG07 -25114.037566  -5639.556722  -6716.686852   -167.817646  3  4  4  73       
PG08  -4778.885544 -15754.951015 -20951.726131    469.094820  4  4  2  72       
PG09 -21202.888491   2797.989967  15703.798754    763.056283  5  4  3  79       
PG10  11234.338135 -13810.941206 -19323.613454   -590.196109  5  3  3  88       
PG11    327.462712  16368.237833  20979.770264   -387.997591  2  5  4  81       
PG12   9792.022695  21059.337434  12599.001132   -607.998791  3  6  5  80       
PG13  -4426.968134  17457.728226 -19699.972153    681.325451  5  4  4  75       
PG14 -13546.454685  10671.058798 -20033.548944    741.590053  2  3  2  77       
PG15   6943.034716  15097.084417 -21259.186241    399.222493  5  6  3  72       
PG16    881.266520 -26170.231718   2305.437107    236.697510  4  8  5  78       
PG17 -23071.898255  13158.436391  -2404.690264   -102.103428  4  5  2  78       
PG18  24544.065911   3979.863216  -9660.219043   -387.706652  5  5  3  47       
PG19 -19133.668006  16766.405009   6526.140690    695.649537  5  4  4  80       
PG20  -1929.271107  18362.665715 -19041.243790     84.626762  5  5  4  73       
PG21  -2425.225836  25505.964378   6936.649609    412.488168  2  6  4  85       
PG22 -11330.066562  17102.143050 -16712.797029    -25.514793  3  2  3  75       
PG23  14725.927534    597.804839 -22036.844732    630.917890  5  6  5  85       
PG24  18165.602366  15390.645352 -12676.617092    -56.323351  2  4  3  60       
PG25  15361.917611   8846.967373  19466.874029    433.230966  6  4  5  60       
PG26   5769.837209 -21659.435414  13696.881912   -348.095890  4  5  6  72       
PG27   6315.329874 -19799.473314 -16648.568579    -89.041611  3  4  2  82       
PG28  14159.967492  -9578.499214  20333.991625   -565.607143  3  3  2  80       
PG29  20914.228375    315.319878  16417.318205   -348.508249  3  5  1  59       
PG30 -20531.186035   4316.563946 -16238.208750    172.156218  4  4  4  74       
PG31   4509.248628 -14610.657966  21415.051088   -158.160841  3  4  1  76       
PG32  20707.234280 -16461.043164    907.110771    -20.168940  5  3  2  57       
*  2026  4  1  8 15  0.00000000
PG01 -20211.958358 -15250.295996  -8162.260885    306.744341  4  8  5  25       
PG02 -12376.334241 -15712.920059 -17362.030229     69.693135  7  6  4  83       
PG03 -11818.845114 -19947.701596  12862.816601    519.634844  6  6  5  88       
PG04 -12979.243399  -8584.890666  21577.418205     51.416783  5  3  4  79       
PG05   5070.635522  26007.844227   1308.217280   -231.154741  4  8  2  65       
PG06 -16379.126727   7562.902439  19610.649094   -612.091890  4  3  4  62       
PG07 -25651.427942  -6123.329008  -3991.274940   -167.821825  4  4  4  79       
PG08  -2957.863590 -17204.527173 -20079.665846    469.089032  4  4  2  77       
PG09 -19835.700842   1447.726727  17546.273129    763.053975  5  4  3  75       
PG10  11637.362379 -11505.936013 -20567.859967   -590.195720  5  3  3  85       
PG11  -1905.537427  15425.731586  21595.968978   -387.985983  3  4  4  71       
PG12   9669.741924  22416.315671  10174.728831   -607.998860  3  6  5  67       
PG13  -6324.113901  18417.232891 -18209.676246    681.324185  5  4  3  62       
PG14 -13963.325220   8335.517054 -20862.255860    741.591393  2  3  2  78       
PG15   5362.226563  16745.587375 -20440.647485    399.225425  5  5  3  90       
PG16   1204.976479 -25714.205565   5139.234193    236.703730  4  7  5  92       
PG17 -22825.124979  12688.369125  -5196.522447   -102.111891  4  5  2  86       
PG18  25349.376451   4522.215106  -7013.719205   -387.698169  5  5  3  56       
PG19 -19803.104320  16841.907167   3727.872398    695.650427  5  4  4  70       
PG20  -3635.587909  19598.597231 -17506.962744     84.645367  5  5  4  80       
PG21  -2775.763478  24597.964686   9585.246897    412.489950  2  5  3  78       
PG22 -11593.459763  15058.501616 -18355.739672    -25.509405  3  2  3  93       
PG23  15124.915204   3067.728639 -21581.251034    630.922003  5  6  6  71       
PG24  16673.740222  15208.423707 -14822.933524    -56.307803  1  4  4  61       
PG25  15609.680312  11059.127297  18141.511928    433.228584  7  4  5  79       
PG26   6466.075729 -20037.534369  15711.211171   -348.100410  3  4  6  86       
PG27   7801.788143 -20748.495444 -14665.242671    -89.054711  2  4  2  79       
PG28  16244.077346  -8706.193061  19134.011626   -565.599316  3  4  2  91       
PG29  19361.116041   1551.377270  18142.517340   -348.502113  3  5  1  68       
PG30 -22112.220830   3479.174006 -14293.180677    172.168114  4  4  4  63       
PG31   6834.041638 -13645.898474  21462.754321   -158.158753  3  3  1  76       
PG32  20793.888640 -16209.156956  -1972.571090    -20.151729  5  3  3  73       
*  2026  4  1  8 30  0.00000000
PG01 -19125.868990 -15060.475506 -10724.000152    306.737569  5  7  5  52       
PG02 -10275.274947 -15357.437901 -18895.574156     69.700316  7  5  4  83       
PG03 -11953.635740 -21297.220354  10382.200191    519.622644  6  6  5  84       
PG04 -11096.051976 -10194.164808  21910.368136     51.418241  4  3  4  67       
PG05   4790.401476  25737.556733   4182.470683   -231.155342  4  8  2  58       
PG06 -18365.479911   6777.542882  18087.341854   -612.091022  4  3  4  69       
PG07 -25917.679224  -6476.479064  -1197.965716   -167.825936  5  5  4  69       
PG08  -1290.013135 -18662.555451 -18863.919721    469.083368  3  4  2  62       
PG09 -18401.449482   -105.472130  19085.498928    763.051682  5  4  4  67       
PG10  12192.631793  -9108.876758 -21446.961160   -590.195387  4  4  3  79       
PG11  -4231.284463  14584.876801  21842.555673   -387.974457  3  4  4  88       
PG12   9580.222282  23492.492813   7573.097151   -607.999092  3  6  5  75       
PG13  -8014.488987  19377.994430 -16409.553978    681.322721  6  3  4  67       
PG14 -14506.797485   5953.554718 -21327.565612    741.592725  2  2  2  87       
PG15   3932.496593  18388.185463 -19285.863204    399.228339  5  5  4  80       
PG16   1592.103320 -24956.570013   7881.384636    236.710330  3  6  4  87       
PG17 -22361.670131  12009.213695  -7899.543119   -102.120371  4  4  1  69       
PG18  25894.820789   4918.437846  -4248.211405   -387.689678  6  5  3  58       
PG19 -20205.169354  16760.086822    863.238491    695.651688  5  4  3  48       
PG20  -5135.113517  20790.703805 -15670.367704     84.663934  4  5  4  65       
PG21  -3227.167376  23423.904351  12068.595436    412.491842  3  4  3  56       
PG22 -11982.685555  12859.031184 -19677.812820    -25.504359  3  2  3  84       
PG23  15645.641023   5437.407806 -20753.112862    630.926095  5  6  6  73       
PG24  14957.905365  15052.999405 -16726.414657    -56.292257  1  3  5  66       
PG25  15928.290228  13086.875772  16496.962572    433.226244  7  4  5  67       
PG26   7299.377803 -18245.602857  17446.160463   -348.104914  3  4  6  87       
PG27   9068.559617 -21610.969663 -12430.100124    -89.067782  2  4  2  46       
PG28  18222.905011  -7988.478874  17605.010130   -565.591538  3  4  2  90       
PG29  17733.312395   2976.488720  19556.149880   -348.495592  3  5  2  76       
PG30 -23507.491007   2792.381269 -12102.103734    172.180001  4  4  4  72       
PG31   9186.098547 -12806.074612  21131.653735   -158.156362  4  3  1  73       
PG32  20654.070811 -15740.338877  -4817.806167    -20.134534  5  3  3  70       
*  2026  4  1  8 45  0.00000000
PG01 -17766.904418 -14837.825651 -13102.020825    306.730803  5  7  5  30       
PG02  -7997.680605 -15087.248870 -20099.075779     69.707194  6  5  4  92       
PG03 -12091.398309 -22352.548627   7722.426455    519.610497  6  6  5  88       
PG04  -9288.978865 -11914.822606  21867.642295     51.419779  5  3  4  80       
PG05   4393.151457  25176.556622   6984.325123   -231.155103  3  7  2  56       
PG06 -20210.071603   6157.558793  16256.008987   -612.090154  4  3  4  44       
PG07 -25897.791795  -6731.986739   1615.606973   -167.830310  6  5  4  58       
PG08    204.982023 -20087.435325 -17323.830153    469.077692  3  4  2  46       
PG09 -16944.164205  -1847.332533  20294.507960    763.049394  4  4  3  81       
PG10  12901.664247  -6672.433327 -21945.938224   -590.195031  4  4  3  77       
PG11  -6605.220883  13865.596517  21715.115124   -387.962872  3  4  4  71       
PG12   9487.291695  24273.095378   4839.868427   -607.998976  4  6  5  65       
PG13  -9478.643849  20298.074708 -14329.185080    681.321400  5  2  4  71       
PG14 -15173.263431   3573.106629 -21422.221927    741.594077  2  2  3  79       
PG15   2667.535673  19983.212684 -17812.874333    399.231662  5  4  4  92       
PG16   2075.689978 -23916.553357  10482.525462    236.716649  3  5  4  81       
PG17 -21714.309853  11102.335705 -10466.917371   -102.129098  4  4  1  72       
PG18  26156.789916   5199.308178  -1410.699376   -387.681226  6  5  3  77       
PG19 -20357.403437  16488.171780  -2016.762821    695.652813  5  4  3  64       
PG20  -6417.033205  21895.875842 -13563.372030     84.682476  4  5  4  75       
PG21  -3806.579787  22014.142675  14343.934952    412.493648  4  4  3  55       
PG22 -12509.238340  10549.123936 -20654.486682    -25.498947  2  2  3  81       
PG23  16265.841654   7661.762810 -19567.564636    630.930205  5  6  6  56       
PG24  13044.917273  14954.481676 -18356.483036    -56.276720  1  3  5  64       
PG25  16288.291651  14896.843870  14563.415189    433.223858  7  5  5  62       
PG26   8278.133189 -16326.690833  18871.158908   -348.109425  3  4  5  87       
PG27  10112.584461 -22344.584368  -9980.314708    -89.080893  2  4  2  52       
PG28  20051.090696  -7417.813982  15773.299048   -565.583736  3  5  2  89       
PG29  16075.493215   4579.095567  20633.498625   -348.488922  3  5  2  82       
PG30 -24681.599093   2238.475046  -9703.348901    172.191916  4  3  5  67       
PG31  11517.221608 -12103.488694  20428.678353   -158.154377  4  2  2  73       
PG32  20318.493378 -15032.158000  -7578.688691    -20.117317  5  3  3  66       
*  2026  4  1  9  0  0.00000000
PG01 -16150.612268 -14619.990932 -15255.528326    306.723986  5  7  5  69       
PG02  -5585.389486 -14924.724021 -20949.332504     69.714279  6  4  3  76       
PG03 -12191.524955 -23103.260624   4929.727842    519.598240  6  5  6  76       
PG04  -7593.404192 -13712.108071  21449.445919     51.421314  4  3  4  79       
PG05   3847.270055  24348.761543   9665.056958   -231.156025  3  7  2  34       
PG06 -21868.702100   5689.364688  14147.968025   -612.089265  4  3  4  75       
PG07 -25584.724516  -6925.539726   4402.186727   -167.834468  6  5  4  64       
PG08   1515.017228 -21435.662650 -15484.515757    469.072000  2  4  2  80       
PG09 -15505.843214  -3755.409207  21152.023690    763.047097  4  4  4  77       
PG10  13757.135806  -4249.342011 -22056.785856   -590.194646  3  4  4  74       
PG11  -8979.999146  13280.203709  21215.601037   -387.951371  4  4  3  68       
PG12   9353.479700  24752.227904   2022.808662   -607.999201  3  6  5  67       
PG13 -10705.419130  21133.870300 -12003.146734    681.320089  5  2  4  82       
PG14 -15951.369847   1240.924426 -21145.489537    741.595434  3  3  3  78       
PG15   1573.572608  21487.876411 -16044.892111    399.234862  5  4  4  65       
PG16   2684.365885 -22621.679499  12895.613480    236.723867  2  4  3  72       
PG17 -20920.200111   9956.748479 -12853.686234   -102.137687  4  2  1  86       
PG18  26119.478352   5399.644627   1450.705765   -387.672740  6  5  2  65       
PG19 -20284.887485  15998.933398  -4860.921207    695.654133  4  5  3  59       
PG20  -7479.042259  22871.316295 -11222.515599     84.700978  3  5  4  70       
PG21  -4535.091642  20405.263017  16372.118868    412.495499  5  4  3  59       
PG22 -13176.639642   8177.008704 -21267.240751    -25.494013  3  2  3  98       
PG23  16956.444458   9701.154462 -18045.814282    630.934258  5  6  6  70       
PG24  10967.300877  14938.174499 -19686.904834    -56.261187  1  3  6  65       
PG25  16655.911933  16463.065548  12375.918553    433.221474  7  5  4  83       
PG26   9403.063867 -14326.262458  19961.378915   -348.113891  3  3  4  92       
PG27  10938.925921 -22908.681921  -7357.225867    -89.094002  2  3  2  67       
PG28  21686.711189  -6979.016487  13670.386330   -565.575965  4  5  2  81       
PG29  14430.737254   6339.509460  21355.566266   -348.482819  3  5  2  79       
PG30 -25604.834807   1793.684700  -7138.591591    172.203752  4  3  5  66       
PG31  13778.728665 -11542.247135  19367.379343   -158.152168  5  3  2  85       
PG32  19823.029474 -14069.864174 -10206.524668    -20.100109  5  3  3  47       
*  2026  4  1  9 15  0.00000000
PG01 -14300.614460 -14441.963371 -17147.537504    306.717173  5  6  6  78       
PG02  -3085.042512 -14885.113973 -21429.236669     69.721465  6  4  3  91       
PG03 -12213.149239 -23548.301329   2052.383839    519.585904  6  5  6  73       
PG04  -6038.430939 -15545.943299  20662.424859     51.422832  4  4  4  82       
PG05   3126.751735  23285.462781  12177.880641   -231.156497  3  6  2  65       
PG06 -23301.775678   5351.907036  11799.170172   -612.088381  4  3  4  48       
PG07 -24979.583783  -7093.980276   7115.618886   -167.838635  7  4  3  76       
PG08   2635.907907 -22663.450827 -13376.537520    469.066288  2  3  2  59       
PG09 -14124.873365  -5799.748695  21642.859373    763.044820  4  4  4  87       
PG10  14743.122253  -1890.481391 -21778.566163   -590.194207  3  5  4  76       
PG11 -11307.107116  12832.984955  20352.318704   -387.939832  4  4  3  72       
PG12   9141.664005  24932.941010   -829.183653   -607.999310  3  6  4  50       
PG13 -11692.243215  21841.810684  -9470.504379    681.318819  5  3  4  71       
PG14 -16822.436784   -999.042145 -20503.104267    741.596814  4  3  3  77       
PG15    649.262724  22859.744094 -14010.036401    399.237846  4  3  5  46       
PG16   3440.937596 -21106.745971  15076.899147    236.729920  2  4  3  83       
PG17 -20019.419629   8569.812268 -15017.588540   -102.146168  4  2  1  95       
PG18  25775.493819   5556.791574   4287.565647   -387.664239  6  5  2  73       
PG19 -20019.078127  15271.943359  -7618.814008    695.655225  4  4  3  84       
PG20  -8327.218416  23676.199337  -8688.316939     84.719436  3  5  4  61       
PG21  -5426.741951  18638.729944  18118.287332    412.497354  5  4  2  52       
PG22 -13980.128996   5792.030975 -21504.003510    -25.488629  4  2  4  85       
PG23  17682.742859  11522.687247 -16214.724388    630.938304  5  6  5  84       
PG24   8762.262270  15023.593002 -20696.125318    -56.245654  1  3  6  75       
PG25  16994.516366  17767.737499   9973.656275    433.219077  7  6  4  81       
PG26  10667.044197 -12290.491213  20698.182943   -348.118376  3  3  4  97       
PG27  11560.461865 -23265.920568  -4605.690831    -89.107126  2  3  2  71       
PG28  23092.774428  -6650.012284  11332.435542   -565.568192  4  5  3  84       
PG29  12838.944963   8230.470034  21709.432932   -348.476149  3  5  3  89       
PG30 -26254.214871   1429.320610  -4452.069421    172.215671  3  3  5  63       
PG31  15923.199439 -11118.254928  17967.593878   -158.150183  5  3  3  83       
PG32  19207.214020 -12847.201754 -12654.752213    -20.082886  5  3  4  57       
*  2026  4  1  9 30  0.00000000
PG01 -12247.869589 -14334.621040 -18745.503628    306.710447  5  5  6  76       
PG02   -546.479204 -14975.811032 -21528.245364     69.728538  5  4  3 103       
PG03 -12116.880495 -23695.862289   -860.124029    519.573594  6  5  6  55       
PG04  -4645.899541 -17372.333570  19519.589150     51.424285  4  4  4  82       
PG05   2212.444479  22024.127711  14478.799178   -231.157005  3  6  2  38       
PG06 -24475.702934   5117.636136   9249.604228   -612.087489  4  4  4  80       
PG07 -24091.527507  -7273.751683   9711.517068   -167.842750  7  4  3  73       
PG08   3571.421071 -23728.401878 -11035.452466    469.060583  2  3  2  35       
PG09 -12834.599906  -7943.853653  21758.208736    763.042585  3  4  4  75       
PG10  15835.702996    356.954698 -21117.353876   -590.193826  3  5  4  86       
PG11 -13538.546418  12520.102857  19139.802211   -387.928328  4  4  2  58       
PG12   8816.690437  24826.961862  -3666.946416   -607.999351  3  5  4  54       
PG13 -12445.104462  22380.091287  -6774.208410    681.317511  4  3  4  56       
PG14 -17761.172278  -3107.137278 -19507.107114    741.598150  5  3  3  97       
PG15   -114.149525  24058.248713 -11741.002349    399.240730  4  3  5  64       
PG16   4361.219917 -19412.497341  16986.840552    236.736431  2  4  2  87       
PG17 -19053.387043   6947.621994 -16919.865464   -102.155063  4  1  1  81       
PG18  25126.164539   5709.015218   7051.895049   -387.655733  6  5  2  69       
PG19 -19596.394374  14294.551037 -10241.779411    695.656493  4  4  2  77       
PG20  -8975.570314  24273.261527  -6004.559790     84.737946  2  5  4  74       
PG21  -6487.796977  16759.370872  19552.463860    412.499177  5  5  2  52       
PG22 -14906.702737   3442.872958 -21359.469576    -25.483461  5  2  4  76       
PG23  18405.791509  13101.246311 -14106.305415    630.942364  5  6  5  72       
PG24   6470.512665  15223.691415 -21367.553769    -56.230107  1  3  6  77       
PG25  17266.165042  18801.651220   7399.169114    433.216691  7  6  3  60       
PG26  12055.254754 -10264.546899  21069.432701   -348.122820  4  4  4  98       
PG27  11997.262144 -23383.849672  -1773.339481    -89.120236  3  3  1  69       
PG28  24238.534741  -6402.855460   8799.645925   -565.560423  4  4  3  82       
PG29  11335.385374  10218.004751  21688.511926   -348.469692  4  4  3  92       
PG30 -26614.269808   1113.093366  -1689.815714    172.227531  2  3  5  53       
PG31  17906.158419 -10819.550648  16254.993910   -158.147859  5  4  3  86       
PG32  18512.594988 -11366.892168 -14879.836961    -20.065660  6  4  4  52       
*  2026  4  1  9 45  0.00000000
PG01 -10029.660617 -14323.433683 -20021.880756    306.703714  5  5  6  62       
PG02   1979.027365 -15195.936828 -21242.727316     69.735609  5  5  2  97       
PG03 -11866.473817 -23562.915252  -3757.960637    519.561270  5  5  6  51       
PG04  -3429.686492 -19144.941434  18040.126304     51.425729  3  5  3  80       
PG05   1093.028908  20606.964055  16527.413572   -231.157446  3  5  2  63       
PG06 -25364.087267   4953.728423   6542.637822   -612.086564  4  4  5  61       
PG07 -22937.397604  -7499.397957  12147.869759   -167.847184  7  2  2  70       
PG08   4332.989059 -24591.161830  -8501.256312    469.054870  2  3  2  60       
PG09 -11662.102937 -10145.912509  21495.822249    763.040315  3  4  4  81       
PG10  17003.897010   2451.112454 -20086.039362   -590.193408  4  5  5  67       
PG11 -15628.500866  12329.821872  17598.586911   -387.916792  5  4  2  60       
PG12   8346.902751  24454.104416  -6441.903905   -607.999510  3  5  4  66       
PG13 -12978.192638  22710.374530  -3960.401954    681.316353  4  4  5  71       
PG14 -18736.651345  -5049.308746 -18175.569856    741.599577  6  3  3  79       
PG15   -732.393189  25046.162516  -9274.651898    399.244014  4  2  6  58       
PG16   5453.164064 -17584.050467  18590.929339    236.743017  3  4  1  78       
PG17 -18063.212406   5105.058447 -18526.029255   -102.163303  4  1  1  99       
PG18  24181.533848   5893.870697   9696.932514   -387.647291  6  5  2  68       
PG19 -19056.619726  13062.540926 -12683.838431    695.657145  4  4  2  81       
PG20  -9445.281769  24630.263909  -3217.527470     84.756480  2  4  4  69       
PG21  -7716.337328  14813.741107  20650.065651    412.501002  5  5  1  52       
PG22 -15935.506090   1175.787719 -20835.280626    -25.478086  5  2  4  77       
PG23  19083.965266  14420.232881 -11757.132418    630.946432  6  6  4  76       
PG24   4134.977427  15544.326262 -21689.798014    -56.214533  2  3  7  86       
PG25  17433.206535  19564.289688   4697.544426    433.214318  6  6  3  69       
PG26  13545.660325  -8290.947267  21069.656785   -348.127253  4  3  4  97       
PG27  12275.668478 -23236.330240   1090.258252    -89.133344  3  3  1  77       
PG28  25100.578546  -6204.982073   6115.563355   -565.552615  5  4  3  91       
PG29   9949.428195  12262.560446  21292.697043   -348.463493  4  5  3  95       
PG30 -26677.552670    810.558124   1101.118030    172.239399  2  3  5  55       
PG31  19687.627845 -10626.961019  14260.535428   -158.145908  5  4  3  91       
PG32  17781.002456  -9640.759620 -16842.120343    -20.048442  6  4  4  65       
*  2026  4  1 10  0  0.00000000
PG01  -7688.345246 -14427.385567 -20954.598111    306.696963  5  3  6  87       
PG02   4440.625482 -15536.283601 -20576.168174     69.742654  5  4  2  86       
PG03 -11430.372524 -23174.426576  -6591.774886    519.548981  4  5  6  79       
PG04  -2395.315790 -20816.770744  16249.104887     51.427229  4  5  3  72       
PG05   -234.309932  19079.301761  18287.673686   -231.158152  2  5  2  72       
PG06 -25948.651942   4823.513105   3724.305278   -612.085663  4  4  5  51       
PG07 -21541.102077  -7802.165082  14385.587028   -167.851240  7  1  1  67       
PG08   4939.110196 -25216.992555  -5817.720114    469.049120  2  3  2  59       
PG09 -10627.229799 -12360.247569  20860.064243    763.038034  3  3  4  74       
PG10  18210.886566   4356.896499 -18703.999825   -590.192965  4  6  4  76       
PG11 -17534.931987  12243.049959  15754.879457   -387.905263  5  3  2  58       
PG12   7705.524236  23841.388780  -9106.883335   -607.999236  3  5  4  75       
PG13 -13313.217094  22799.390517  -1077.647872    681.314809  4  4  5  54       
PG14 -19713.517502  -6798.187901 -16532.221401    741.600939  7  4  3  83       
PG15  -1227.466805  25790.987139  -6651.527392    399.246655  3  1  6  64       
PG16   6716.325364 -15669.141160  19860.403097    236.749622  3  4  1  85       
PG17 -17088.048584   3065.490754 -19806.576360   -102.172197  4  1  1  97       
PG18  22960.042710   6146.600372  12177.891402   -387.638773  6  5  2  70       
PG19 -18441.191125  11580.445010 -14902.543707    695.658043  4  4  2  85       
PG20  -9763.683348  24721.268871   -375.199037     84.774988  3  4  4  70       
PG21  -9102.169129  12848.435406  21392.319305    412.502847  5  5  1  70       
PG22 -17038.567873   -967.077086 -19940.060005    -25.472838  6  2  4  84       
PG23  19674.620885  15471.974938  -9207.697261    630.950531  6  6  4  84       
PG24   1799.429949  15983.972290 -21656.847675    -56.199001  3  3  7  81       
PG25  17459.844553  20063.594900   1915.591395    433.211899  6  6  3  62       
PG26  15109.788080  -6408.042543  20700.077372   -348.131576  5  3  4 102       
PG27  12427.107553 -22804.735916   3934.498272    -89.146485  4  3  1  46       
PG28  25663.639002  -6020.648298   3326.333827   -565.544842  5  4  3  78       
PG29   8703.511573  14320.365103  20528.396642   -348.456779  4  4  3  79       
PG30 -26444.855338    486.627943   3873.438480    172.251292  2  2  5  57       
PG31  21233.491922 -10515.041312  12019.825191   -158.143878  5  4  3  89       
PG32  17052.808241  -7689.489680 -18506.598941    -20.031215  6  4  4  54       
*  2026  4  1 10 15  0.00000000
PG01  -5269.915397 -14658.157631 -21527.446232    306.690239  5  2  6  66       
PG02   6789.750660 -15979.621459 -19539.219193     69.749781  5  5  2  86       
PG03 -10783.066133 -22562.286628  -9313.513513    519.536657  3  5  6  86       
PG04  -1539.900227 -22341.896363  14177.071020     51.428699  3  6  3  79       
PG05  -1763.548676  17487.856598  19728.553725   -231.158293  2  4  1  77       
PG06 -26219.873418   4688.049662    842.552093   -612.084803  4  4  5  60       
PG07 -19932.773942  -8208.746394  16388.989074   -167.855229  6  1  1  70       
PG08   5414.454672 -25577.192924  -3031.629809    469.043384  3  3  1  52       
PG09  -9741.922499 -14538.925420  19861.848593    763.035735  3  3  4  86       
PG10  19415.473167   6047.098368 -16996.652160   -590.192491  4  6  4  80       
PG11 -19221.040926  12234.176346  13640.129370   -387.893720  6  3  2  61       
PG12   6871.840654  23021.909125 -11616.885536   -607.999300  3  4  4  75       
PG13 -13478.422616  22620.370570   1823.913721    681.313344  4  4  5  58       
PG14 -20653.357387  -8333.902789 -14605.985433    741.602291  7  3  2  85       
PG15  -1626.685242  26266.208264  -3915.285803    399.249658  3  1  6  50       
PG16   8141.696315 -13716.271254  20772.822864    236.756110  4  4  1  93       
PG17 -16163.510842    860.132406 -20737.624551   -102.180120  4  1  1  89       
PG18  21487.911541   6498.622045  14452.681885   -387.630316  6  5  3  80       
PG19 -17791.449674   9861.501179 -16859.736662    695.659490  4  4  2  84       
PG20  -9962.992995  24527.683141   2473.578353     84.793458  3  4  4  75       
PG21 -10627.062744  10908.410974  21766.575395    412.504572  5  5  2  74       
PG22 -18181.850776  -2949.192684 -18689.295340    -25.467814  6  2  4  89       
PG23  20135.797735  16257.802332  -6501.708450    630.954572  6  5  4  76       
PG24   -492.907548  16533.702073 -21268.204087    -56.183449  3  3  7  97       
PG25  17313.617554  20315.425032   -898.981136    433.209478  6  6  2  61       
PG26  16713.769113  -4648.693445  19968.500855   -348.136008  6  3  4 103       
PG27  12486.681431 -22078.876440   6708.702939    -89.159587  4  4  1  58       
PG28  25921.108502  -5812.496772    479.912127   -565.537131  6  4  3  71       
PG29   7612.387145  16344.968708  19408.451629   -348.450318  4  4  2  71       
PG30 -25925.128817    107.098887   6580.374664    172.263179  1  2  5  26       
PG31  22516.623126 -10453.257314   9572.422549   -158.141722  5  4  3  98       
PG32  16365.250455  -5542.026858 -19843.614381    -20.013956  6  4  4  80       
*  2026  4  1 10 30  0.00000000
PG01  -2822.419585 -15019.601257 -21730.365950    306.683505  4  1  6  79       
PG02   8981.919677 -16501.366413 -18149.579307     69.756738  5  5  2  75       
PG03  -9906.214897 -21763.998116 -11877.199511    519.524279  3  5  6  91       
PG04   -852.416757 -23677.172512  11859.542647     51.430192  3  6  3  70       
PG05  -3479.846380  15878.945236  20824.636869   -231.158521  1  3  1  76       
PG06 -26177.297127   4507.797145  -2053.553333   -612.083964  4  4  5  60       
PG07 -18147.739093  -8740.208366  18126.239282   -167.859429  6  2  1  56       
PG08   5788.707622 -25650.306107   -191.941569    469.037625  3  3  1  58       
PG09  -9009.867391 -16633.466541  18518.453271    763.033452  3  3  3  69       
PG10  20573.701991   7503.196181 -14994.903243   -590.192100  4  6  4  86       
PG11 -20656.540495  12272.174189  11290.507821   -387.882198  6  2  2  64       
PG12   5832.143053  22033.497696 -13929.799571   -607.999151  3  4  4  83       
PG13 -13507.337351  22154.251206   4693.462933    681.311817  4  4  5  50       
PG14 -21516.193563  -9644.598203 -12430.440688    741.603619  8  3  2  76       
PG15  -1961.504678  26452.364627  -1112.054087    399.252867  3  1  6  67       
PG16   9711.912608 -11772.839944  21312.499666    236.762605  4  4  1  78       
PG17 -15320.232617  -1472.931570 -21301.454018   -102.189145  4  2  1  93       
PG18  19798.243142   6976.162828  16482.594598   -387.621808  5  4  3  85       
PG19 -17146.927781   7927.264749 -18522.198587    695.660544  4  4  2  86       
PG20 -10078.876087  24039.027631   5279.926448     84.811894  3  4  3  61       
PG21 -12265.309911   9035.386038  21766.517203    412.506369  5  5  2  71       
PG22 -19326.574811  -4740.932820 -17105.068424    -25.462428  7  2  4  63       
PG23  20427.893554  16787.787911  -3685.350687    630.958650  7  5  4  64       
PG24  -2700.752673  17177.433311 -20528.953573    -56.167913  4  3  6  88       
PG25  16966.737336  20342.730937  -3698.369795    433.207038  6  6  3  72       
PG26  18319.596076  -3039.193064  18889.081021   -348.140460  6  3  4  97       
PG27  12491.591585 -21057.595841   9363.113988    -89.172695  4  4  1  75       
PG28  25875.229435  -5543.189996  -2374.760830   -565.529357  6  3  3  71       
PG29   6682.673421  18288.904298  17951.936725   -348.444046  4  4  3  76       
PG30 -25135.114377   -359.869368   9176.420158    172.274982  1  3  5  90       
PG31  23517.732705 -10407.356465   6961.093790   -158.139674  6  4  3  84       
PG32  15750.895218  -3234.633722 -20829.435480    -19.996681  6  4  4  81       
*  2026  4  1 10 45  0.00000000
PG01   -394.307370 -15507.525020 -21559.634681    306.676779  4  1  6  79       
PG02  10978.370554 -17070.585719 -16431.706596     69.763884  4  5  2  85       
PG03  -8789.501473 -20821.174992 -14239.665064    519.511939  3  5  5  88       
PG04   -314.306922 -24783.852562   9336.408716     51.431699  3  6  3  61       
PG05  -5359.921841  14296.724224  21556.595499   -231.159021  2  3  1  73       
PG06 -25829.523260   4244.312599  -4914.629542   -612.083094  5  5  5  71       
PG07 -16225.329032  -9411.126583  19569.724885   -167.863596  5  3  1  63       
PG08   6095.194230 -25423.057184   2651.130160    469.031882  3  3  1   5       
PG09  -8426.481235 -18596.586638  16853.216683    763.031139  3  3  3  73       
PG10  21640.586160   8715.801530 -12734.514803   -590.191664  4  6  4  63       
PG11 -21818.687936  12321.926365   8746.301113   -387.870701  7  1  3  46       
PG12   4580.399156  20917.238357 -16007.053257   -607.999243  3  4  3  74       
PG13 -13437.299742  21390.593788   7480.435067    681.310727  4  3  5  50       
PG14 -22262.037380 -10726.648088 -10043.215714    741.604948  8  3  1  68       
PG15  -2266.162750  26337.884919   1710.291272    399.255798  4  1  6  67       
PG16  11401.821196  -9883.343431  21470.760059    236.769175  4  4  2  73       
PG17 -14582.621884  -3890.013248 -21486.933627   -102.197258  4  2  2  93       
PG18  17929.878320   7599.089422  18232.936851   -387.613381  5  4  4  76       
PG19 -16543.743504   5806.895174 -19862.185514    695.661743  5  3  2  79       
PG20 -10148.881741  23253.405572   7995.768014     84.830435  4  3  3  63       
PG21 -13984.577841   7266.374961  21392.260712    412.508214  5  4  3  37       
PG22 -20430.757846  -6320.570426 -15215.636927    -25.457232  7  2  4  77       
PG23  20515.253222  17080.168279   -806.515973    630.962716  7  4  4  45       
PG24  -4786.096598  17892.440580 -19449.779557    -56.152366  4  3  6  72       
PG25  16397.240213  20174.490560  -6435.452678    433.204578  5  6  3  76       
PG26  19886.541726  -1598.470908  17481.966361   -348.144893  6  3  4  90       
PG27  12479.462868 -19749.011147  11849.892068    -89.185747  4  4  1  61       
PG28  25536.956010  -5177.047011  -5188.597910   -565.521586  6  4  3  36       
PG29   5912.736453  20105.404772  16183.846771   -348.437395  4  3  3  78       
PG30 -24098.702204   -942.370906  11618.044643    172.286835  2  3  4  78       
PG31  24225.919657 -10340.870318   4231.035777   -158.137556  6  4  3  68       
PG32  15236.302090   -809.649623 -21446.717394    -19.979451  6  4  4  87       
*  2026  4  1 11  0  0.00000000
PG01   1967.241674 -16109.803888 -21017.945997    306.670038  4  2  5  80       
PG02  12747.471602 -17651.299291 -14416.362000     69.771148  4  5  2  90       
PG03  -7431.180768 -19777.909329 -16361.230240    519.499602  3  5  5  88       
PG04     99.619871 -25629.055701   6651.242746     51.433199  4  6  4  71       
PG05  -7372.774328  12781.524723  21911.555785   -231.159578  2  2  2  61       
PG06 -25193.862052   3861.914570  -7691.801673   -612.082225  5  5  4  80       
PG07 -14207.577158 -10228.955150  20696.388163   -167.867317  5  4  2  79       
PG08   6369.343034 -24890.975744   5447.071477    469.026182  4  3  1  43       
PG09  -7979.233999 -20383.900709  14895.121379    763.028772  2  3  3  61       
PG10  22571.860525   9684.744901 -10255.400676   -590.191189  4  6  4  54       
PG11 -22693.037686  12345.723592   6051.228086   -387.859173  7  1  3  59       
PG12   3118.632652  19715.886839 -17814.193490   -607.998990  4  4  3  81       
PG13 -13307.822530  20328.175667  10135.472939    681.309264  3  3  5  69       
PG14 -22852.442834 -11584.557395  -7485.330071    741.606284  8  3  1  67       
PG15  -2576.180315  25919.651930   4502.914275    399.258796  5  1  6  72       
PG16  13179.381871  -8087.722271  21246.047022    236.775553  5  4  2  72       
PG17 -13967.875447  -6343.338546 -21289.815955   -102.205966  4  1  3  87       
PG18  15926.044519   8379.979021  19673.612515   -387.604862  3  3  4  82       
PG19 -16013.165775   3536.153152 -20857.841050    695.662825  5  3  3  77       
PG20 -10210.816540  22177.652079  10574.640254     84.848967  4  3  3  77       
PG21 -15747.027541   5632.415356  20650.344775    412.510011  5  5  3  70       
PG22 -21450.906306  -7674.943220 -13054.877743    -25.452087  7  3  3  74       
PG23  20367.612573  17160.468897   2085.982258    630.966770  6  3  4  57       
PG24  -6715.438608  18650.120616 -18046.907935    -56.136806  4  3  5  85       
PG25  15589.913094  19844.446818  -9064.526595    433.202129  5  6  4  62       
PG26  21372.678296   -337.604187  15772.845303   -348.149342  7  3  4  96       
PG27  12486.640661 -18170.373523  14124.095121    -89.198838  4  5  1  65       
PG28  24925.492603  -4681.619381  -7913.208524   -565.513865  7  4  3  59       
PG29   5292.903647  21750.108100  14134.672305   -348.431288  5  3  2  71       
PG30 -22846.043171  -1663.518071  13864.367176    172.298651  3  3  4  53       
PG31  24638.904810 -10216.687652   1429.084378   -158.135347  6  4  2  71       
PG32  14840.950645   1685.999081 -21684.826211    -19.962176  6  4  4  82       
*  2026  4  1 11 15  0.00000000
PG01   4217.941156 -16806.807994 -20114.380116    306.663301  4  3  5  77       
PG02  14265.832731 -18204.019885 -12139.995189     69.778057  5  5  2  78       
PG03  -5838.310162 -18679.067102 -18206.320054    519.487157  3  5  5  90       
PG04    420.014943 -26187.021206   3850.542462     51.434685  3  6  4  69       
PG05  -9480.719957  11368.351070  21883.338187   -231.159987  2  2  2  80       
PG06 -24295.670109   3329.248424 -10337.518741   -612.081384  6  5  4  98       
PG07 -12137.839303 -11193.646253  21488.010616   -167.871724  5  4  2  77       
PG08   6647.052533 -24058.671528   8146.051397    469.020485  4  4  1  67       
PG09  -7648.294908 -21955.522190  12678.273174    763.026422  2  3  3  71       
PG10  23325.695961  10418.805623  -7600.874051   -590.190723  4  6  3  79       
PG11 -23273.883949  12304.876833   3251.692375   -387.847640  7  1  3  21       
PG12   1457.000601  18472.256396 -19321.392030   -607.999083  5  4  3  93       
PG13 -13158.860722  18975.221827  12611.374382    681.307726  3  3  5  43       
PG14 -23252.003517 -12230.561807  -4800.493821    741.607600  8  3  1  86       
PG15  -2926.779710  25203.261526   7216.869083    399.261806  5  2  5  51       
PG16  15006.858250  -6419.927020  20643.858832    236.781957  5  5  3  87       
PG17 -13485.298170  -8782.751393 -20712.888036   -102.214139  4  2  2  80       
PG18  13832.845390   9323.466947  20779.636862   -387.596357  2  3  5  88       
PG19 -15580.404660   1156.154210 -21493.485351    695.663850  5  2  3 100       
PG20 -10301.118701  20827.160440  12972.476412     84.867496  4  3  3  65       
PG21 -17510.653513   4157.535088  19553.612155    412.511908  6  4  3  69       
PG22 -22343.781600  -8799.759758 -10661.606699    -25.446938  7  3  3  82       
PG23  19961.345175  17060.368405   4943.200964    630.970855  6  3  4  68       
PG24  -8460.878386  19416.992270 -16341.979332    -56.121248  4  3  5  83       
PG25  14536.966170  19389.699266 -11541.998154    433.199663  4  5  5  72       
PG26  22736.435485    740.352117  13792.404601   -348.153778  7  3  4  88       
PG27  12546.537750 -16347.551654  16144.607009    -89.211914  4  5  1  84       
PG28  24067.526490  -4029.144828 -10501.729734   -565.506127  7  4  3  65       
PG29   4806.003121  23182.683344  11839.871142   -348.424760  4  2  2  71       
PG30 -21412.447205  -2540.396479  15877.784474    172.310482  3  3  3  60       
PG31  24762.948815  -9998.637140  -1397.078304   -158.133430  6  4  2  67       
PG32  14576.473682   4202.474222 -21540.021641    -19.944908  6  4  4  59       
*  2026  4  1 11 30  0.00000000
PG01   6317.911336 -17572.135780 -18864.264624    306.656597  4  4  5  91       
PG02  15519.066572 -18687.461741  -9643.989383     69.785053  5  5  3  67       
PG03  -4026.653702 -17568.575313 -19744.013608    519.474822  4  5  4  83       
PG04    681.596866 -26440.099045    982.909298     51.436166  3  6  5  60       
PG05 -11640.702424  10085.604430  21472.568448   -231.160075  2  3  2  71       
PG06 -23167.391156   2620.693334 -12806.355978   -612.080500  6  5  4  85       
PG07 -10059.380448 -12297.530087  21931.451565   -167.875666  5  5  3  74       
PG08   6963.032099 -22939.746670  10699.902446    469.014789  4  4  1  50       
PG09  -7407.474979 -23277.493754  10241.286135    763.024035  2  3  3  59       
PG10  23864.309327  10935.105865  -4816.861615   -590.190312  4  5  3  71       
PG11 -23564.374731  12161.380906    395.982058   -387.836093  7  1  3  31       
PG12   -386.430211  17227.627193 -20503.873821   -607.999179  5  4  3  87       
PG13 -13029.056380  17349.261404  14864.011548    681.306166  3  3  5  39       
PG14 -23429.738004 -12683.944461  -2034.376804    741.608886  8  3  2  67       
PG15  -3351.281248  24202.954464   9803.995540    399.264991  5  2  5  58       
PG16  16842.241408  -4906.760367  19676.534276    236.788569  6  5  3  81       
PG17 -13135.960952 -11157.534264 -19765.969069   -102.222736  4  3  1  74       
PG18  11697.645269  10425.897675  21531.577927   -387.587867  1  2  5  82       
PG19 -15263.669365  -1288.067029 -21759.781961    695.665332  5  2  3  83       
PG20 -10453.295237  19225.392660  15148.343254     84.885993  3  3  3  54       
PG21 -19230.793597   2857.997741  18120.983876    412.513685  6  4  3  40       
PG22 -23068.164429  -9699.534542  -8078.793643    -25.441629  7  4  3  64       
PG23  19280.467511  16816.345684   7716.854730    630.974955  5  3  4  67       
PG24 -10001.025292  20155.904012 -14361.841475    -56.105713  4  3  4  76       
PG25  13238.433597  18849.202738 -13827.023288    433.197212  4  5  5  82       
PG26  23938.135606   1640.218114  11575.716730   -348.158162  7  3  5  81       
PG27  12688.106568 -14314.155731  17874.988479    -89.224969  4  5  1  83       
PG28  22996.184663  -3197.821571 -12909.631422   -565.498368  7  4  3  63       
PG29   4428.207573  24368.312563   9339.245190   -348.418560  4  2  2  57       
PG30 -19837.108411  -3583.246993  17624.548177    172.322310  4  3  3  62       
PG31  24612.464281  -9653.020450  -4199.705623   -158.131280  6  4  1  50       
PG32  14446.228406   6688.815278 -21015.494862    -19.927665  6  4  4  82       
*  2026  4  1 11 45  0.00000000
PG01   8233.024866 -18373.624378 -17288.926625    306.649831  4  4  4  80       
PG02  16502.164564 -19060.338248  -6973.787977     69.792229  5  5  3  49       
PG03  -2020.265188 -16487.762298 -20948.520047    519.462512  5  5  3  83       
PG04    921.591525 -26379.435762  -1901.816710     51.437652  3  6  5  67       
PG05 -13805.825155   8954.083185  20686.656908   -231.160708  3  2  3  51       
PG06 -21847.335699   1717.556088 -15055.789455   -612.079554  5  4  5  85       
PG07  -8013.970121 -13525.458961  22018.841458   -167.879546  5  5  3  80       
PG08   7349.190558 -21556.344975  13063.073329    469.009105  5  4  1  74       
PG09  -7225.427141 -24322.993315   7626.585882    763.021649  2  3  4  63       
PG10  24155.410517  11258.200184  -1951.100254   -590.189859  4  5  3  63       
PG11 -23576.291764  11879.563634  -2466.569398   -387.824617  7  2  4  76       
PG12  -2386.196948  16020.235515 -21342.265988   -607.999110  5  5  3  92       
PG13 -12954.035667  15476.610068  16853.198314    681.305001  3  3  5  74       
PG14 -23360.313885 -12970.098384    766.141241    741.610195  7  3  3  58       
PG15  -3879.544466  22941.211682  12217.842743    399.267858  5  2  5  57       
PG16  18640.840315  -3567.039055  18362.897457    236.795257  6  5  3  84       
PG17 -12912.715806 -13418.267037 -18465.751312   -102.231055  4  3  1  78       
PG18   9567.406969  11675.295402  21915.916269   -387.579398  1  2  5  90       
PG19 -15073.524250  -3749.122284 -21653.787200    695.666201  5  2  4  93       
PG20 -10696.481881  17403.093532  17065.123144     84.904544  3  3  3  61       
PG21 -20861.751301   1741.854368  16377.130977    412.515458  7  4  4  38       
PG22 -23586.539699 -10387.158415  -5352.695225    -25.436426  7  4  4  79       
PG23  18317.366797  16468.160354  10360.088389    630.979063  5  2  4  68       
PG24 -11321.687688  20827.413649 -12138.254993    -56.090172  4  3  4  95       
PG25  11702.293077  18262.227218 -15882.091464    433.194723  4  5  5  93       
PG26  24941.447531   2374.238857   9161.572157   -348.162570  7  3  5  91       
PG27  12934.507334 -12110.338447  19284.224754    -89.238024  3  5  1  85       
PG28  21749.754988  -2172.853284 -15095.481654   -565.490597  6  4  3  73       
PG29   4130.149012  25278.969094   6676.234019   -348.412243  5  2  2  53       
PG30 -18161.702419  -4794.903279  19075.285663    172.334170  3  4  2  77       
PG31  24209.342685  -9150.040400  -6931.746515   -158.129219  6  4  1  57       
PG32  14445.221360   9094.767499 -20121.263022    -19.910425  6  4  5  88       
*  2026  4  1 12  0  0.00000000
PG01   9936.032865 -19174.599127 -15415.339376    306.643090  4  5  4  82       
PG02  17219.473050 -19283.164832  -4177.930670     69.799165  4  4  3  33       
PG03    149.234067 -15473.810572 -21799.576859    519.450199  5  5  3  88       
PG04   1178.068633 -26005.326828  -4753.449641     51.439136  3  5  5  49       
PG05 -15927.042626   7986.299841  19539.647197   -231.161578  3  2  3  58       
PG06 -20378.244207    609.004240 -17046.930131   -612.078711  5  4  5  77       
PG07  -6040.528959 -14855.212853  21747.728742   -167.883619  5  5  4  78       
PG08   7833.144299 -19938.355867  15193.527873    469.003416  5  4  1  78       
PG09  -7067.054595 -25073.268041   4879.645429    763.019296  2  3  4  57       
PG10  24173.436273  11418.902128    947.669552   -590.189384  4  4  3  60       
PG11 -23329.503947  11427.654929  -5286.445813   -387.813106  7  2  4  63       
PG12  -4510.224030  14883.895039 -21822.866521   -607.999141  5  5  3  89       
PG13 -12964.832426  13391.496382  18543.482900    681.303597  4  3  5  55       
PG14 -23025.067187 -13119.371844   3553.729224    741.611568  7  3  4  59       
PG15  -4536.522487  21448.017979  14414.599125    399.270786  5  2  4  28       
PG16  20356.967989  -2411.102565  16727.779225    236.801575  7  5  4  88       
PG17 -12800.569561 -15518.643111 -16835.485826   -102.239721  3  3  1  79       
PG18   7487.043792  13051.659011  21925.315509   -387.570916  2  2  5  81       
PG19 -15012.560163  -6178.902557 -21178.889068    695.667529  5  2  4  90       
PG20 -11054.180536  15397.238447  18690.130494     84.923102  2  3  2  15       
PG21 -22358.468682    808.817580  14352.049388    412.517279  7  3  4  73       
PG22 -23866.629519 -10883.127496  -2531.929951    -25.431458  6  4  5  52       
PG23  17073.225545  16057.222770  12828.225412    630.983152  4  3  4  42       
PG24 -12416.310588  21391.296812  -9707.506782    -56.074611  4  3  4  69       
PG25   9944.304575  17666.832572 -17673.552077    433.192245  5  4  5  84       
PG26  25714.706398   2961.356304   6591.771765   -348.167010  7  3  5  82       
PG27  13302.033418  -9781.325607  20347.347648    -89.251097  3  4  1  85       
PG28  20370.221075   -947.223463 -17021.659113   -565.482782  6  4  3  81       
PG29   3878.259372  25894.440734   3897.138810   -348.405785  5  2  2  62       
PG30 -16428.905367  -6170.504964  20205.459315    172.345994  3  4  2  60       
PG31  23582.025784  -8465.074325  -9547.575243   -158.127085  6  4  1  60       
PG32  14560.386864  11372.572333 -18873.926082    -19.893177  6  4  5  68       
*  2026  4  1 12 15  0.00000000
PG01  11407.427613 -19935.314511 -13275.668408    306.636373  3  5  3  69       
PG02  17684.274906 -19319.983878  -1307.029990     69.806003  4  4  2  66       
PG03   2443.656710 -14558.377253 -22282.766716    519.437915  6  5  3  92       
PG04   1488.242289 -25327.220185  -7522.360080     51.440647  3  5  5  69       
PG05 -17954.942103   7186.140644  18051.938615   -231.161925  3  1  3  75       
PG06 -18805.686959   -707.299586 -18745.204614   -612.077886  5  4  5  89       
PG07  -4173.868223 -16258.157209  21121.177649   -167.887666  5  4  4  47       
PG08   8436.911453 -18122.307064  17053.566079    468.997724  5  4  2  74       
PG09  -6895.069773 -25518.260472   2048.169099    763.016914  3  3  4  82       
PG10  23900.529855  11452.897320   3830.501239   -590.188949  3  3  3  76       
PG11 -22851.114942  10779.212864  -8014.818700   -387.801550  7  3  4  65       
PG12  -6720.847085  13846.797174 -21937.832113   -607.999327  5  5  4 101       
PG13 -13086.507659  11134.866813  19904.844522    681.302445  4  2  4  71       
PG14 -22412.781586 -13165.740722   6281.361990    741.612897  6  4  4  61       
PG15  -5340.996454  19759.814377  16354.004451    399.273611  4  2  3  68       
PG16  21945.650888  -1440.678810  14801.434859    236.808127  7  4  3  80       
PG17 -12777.400477 -17417.163002 -14904.520281   -102.248547  3  3  2  79       
PG18   5497.847101  14527.574453  21558.796664   -387.562419  2  2  5  76       
PG19 -15075.385708  -8530.216353 -20344.644242    695.668532  5  3  4  94       
PG20 -11543.222102  13249.754894  19995.653523     84.941647  1  2  2  70       
PG21 -23678.185973     50.461740  12080.545141    412.519052  7  3  3  12       
PG22 -23882.710103 -11214.469336    333.478980    -25.426034  5  4  5  51       
PG23  15558.127537  15624.913133  15079.482897    630.987223  3  3  4  55       
PG24 -13286.136935  21808.133337  -7109.926500    -56.059069  4  3  3  76       
PG25   7987.577094  17098.409794 -19172.081425    433.189802  6  4  5  65       
PG26  26232.052930   3426.237834   3910.393696   -348.171415  7  4  5  74       
PG27  13799.342562  -7375.742390  21045.914877    -89.264059  3  4  1  70       
PG28  18901.667316    477.831590 -18655.000388   -565.475068  6  3  4  79       
PG29   3636.282545  26203.056651   1050.292046   -348.399620  5  1  1  73       
PG30 -14680.886380  -7697.497306  20995.759405    172.357813  3  4  2  78       
PG31  22764.358953  -7579.749541 -12003.683552   -158.125057  7  4  2  58       
PG32  14771.203061  13478.646770 -17296.295485    -19.875924  5  4  5  66       
*  2026  4  1 12 30  0.00000000
PG01  12636.008118 -20614.530877 -10906.724101    306.629635  3  5  3  55       
PG02  17918.002087 -19139.933856   1587.279499     69.813027  4  5  2  58       
PG03   4819.494680 -13766.431165 -22389.749561    519.425706  6  5  3  85       
PG04   1886.804950 -24363.370133 -10160.368809     51.442134  4  5  6  72       
PG05 -19841.543668   6548.879473  16249.889459   -231.162674  4  1  3  80       
PG06 -17176.360503  -2224.889559 -20120.970241   -612.077062  4  5  6  91       
PG07  -2443.562646 -17700.137074  20147.812669   -167.891910  6  4  3  53       
PG08   9175.849847 -16149.994744  18610.545863    468.992052  5  5  2  79       
PG09  -6671.640481 -25656.903494   -818.759052    763.014543  3  3  4  84       
PG10  23327.236012  11399.198137   6649.019953   -590.188469  3  3  3  58       
PG11 -22174.337947   9914.349181 -10604.409025   -387.790040  7  3  3  72       
PG12  -8976.041152  12930.531043 -21685.284981   -607.999345  5  5  4  99       
PG13 -13337.025722   8752.919110  20913.275745    681.300706  5  2  4  47       
PG14 -21520.200528 -13145.357475   8903.066966    741.614283  6  4  5  45       
PG15  -6304.551920  17918.175090  18000.216885    399.276761  3  2  3  31       
PG16  23364.291266   -649.101012  12618.878944    236.814425  7  5  3  77       
PG17 -12814.985561 -19078.631243 -12707.701357   -102.256561  3  4  1  73       
PG18   3636.049139  16069.125658  20821.810222   -387.553911  3  2  4  82       
PG19 -15248.931005 -10758.373205 -19166.522743    695.669915  5  4  4  95       
PG20 -12172.993916  11006.065744  20959.413507     84.960187  1  2  3  37       
PG21 -24782.024618   -549.259450   9601.638589    412.520946  7  4  4  50       
PG22 -23616.659745 -11413.417921   3193.067745    -25.420887  4  5  5  55       
PG23  13790.840882  15210.910925  17075.644334    630.991249  3  3  4  76       
PG24 -13940.076434  22040.914184  -4389.304168    -56.043513  4  3  3  58       
PG25   5861.880578  16588.337141 -20353.089139    433.187371  6  3  5  70       
PG26  26474.354475   3798.103353   1163.047611   -348.175855  7  4  6  75       
PG27  14427.027282  -4943.810809  21368.334878    -89.277081  3  4  2  80       
PG28  17388.615584   2092.670357 -19967.371041   -565.467288  6  3  4  85       
PG29   3366.896219  26202.088990  -1814.810346   -348.393098  5  1  2  44       
PG30 -12957.826375  -9355.918871  21432.425869    172.369629  3  4  2  76       
PG31  21794.269967  -6482.785544 -14259.329349   -158.122653  7  4  3  60       
PG32  15050.615213  15375.084508 -15416.907294    -19.858687  5  4  5  68       
*  2026  4  1 12 45  0.00000000
PG01  13619.126256 -21171.165608  -8349.329578    306.622848  2  5  3  48       
PG02  17949.122174 -18718.594559   4453.387532     69.819914  4  5  2  65       
PG03   7229.364753 -13115.348299 -22118.407101    519.413449  6  5  4  79       
PG04   2404.362948 -23140.155128 -12621.613479     51.443656  4  5  6  49       
PG05 -21542.046161   6061.542640  14165.311292   -231.163035  3  1  3  62       
PG06 -15536.345303  -3928.529900 -21150.052684   -612.076227  4  4  6  95       
PG07   -872.994795 -19142.584915  18841.804081   -167.896132  6  4  3  71       
PG08  10057.884582 -14066.911974  19837.487806    468.986358  5  4  2  79       
PG09  -6360.056692 -25497.074476  -3671.545452    763.012125  4  3  4  71       
PG10  22452.891419  11298.498732   9356.171683   -590.188095  3  2  3  45       
PG11 -21337.141734   8820.704376 -13010.323878   -387.778474  7  3  3  62       
PG12 -11230.810398  12149.356206 -21069.338583   -607.999281  6  5  4  96       
PG13 -13726.436386   6295.426402  21551.235717    681.299430  5  2  4  58       
PG14 -20352.254715 -13095.029943  11374.651301    741.615684  5  4  5  45       
PG15  -7430.850189  15968.259918  19322.607427    399.279535  3  3  2  56       
PG16  24574.217500    -21.855315  10219.158641    236.821001  7  5  2  75       
PG17 -12880.291516 -20475.391961 -10284.658996   -102.265031  3  4  2  67       
PG18   1931.576790  17637.073462  19726.201048   -387.545373  3  3  3  75       
PG19 -15513.045544 -12822.656804 -17665.570244    695.671088  5  4  5  66       
PG20 -12944.961088   8713.508822  21564.934871     84.978739  1  2  3  46       
PG21 -25636.433288  -1013.198775   6957.897560    412.522678  7  3  4  56       
PG22 -23058.698610 -11515.899039   5996.878954    -25.416011  3  5  5  70       
PG23  11798.284940  14851.595597  18782.681582    630.995315  3  3  4  74       
PG24 -14394.276239  22056.606688  -1592.209946    -56.027952  4  3  2  68       
PG25   3602.727352  16162.795219 -21197.063089    433.184941  6  3  4  78       
PG26  26429.878857   4109.398558  -1603.872146   -348.180319  7  4  6  74       
PG27  15177.540781  -2535.499252  21310.031492    -89.290087  3  3  2  83       
PG28  15874.357575   3879.421109 -20936.150706   -565.459476  6  3  4  84       
PG29   3033.377377  25897.813517  -4648.396825   -348.386741  5  1  2  61       
PG30 -11296.515423 -11118.969194  21507.494318    172.381487  3  4  2  74       
PG31  20712.321367  -5170.575983 -16277.137106   -158.120750  7  5  4  83       
PG32  15366.223333  17030.921048 -13269.434916    -19.841420  5  4  5  64       
*  2026  4  1 13  0  0.00000000
PG01  14362.603636 -21565.954007  -5647.614614    306.616017  2  5  4  48       
PG02  17811.756579 -18039.053442   7240.720412     69.826813  4  5  3  66       
PG03   9623.603790 -12614.298634 -21472.897257    519.401195  6  6  4  91       
PG04   3066.037497 -21691.087045 -14863.370617     51.445138  4  5  6  69       
PG05 -23016.449661   5703.606628  11834.866437   -231.163770  4  1  3  76       
PG06 -13929.391374  -5794.591795 -21814.195127   -612.075397  3  5  6  89       
PG07    521.394019 -20543.812532  17222.787580   -167.900182  6  3  3  72       
PG08  11083.057031 -11920.544849  20713.549660    468.980691  5  4  3  81       
PG09  -5926.351260 -25055.212608  -6460.959019    763.009748  4  3  5  86       
PG10  21285.701557  11191.490630  11906.936395   -590.187681  3  2  3  54       
PG11 -20380.721394   7494.132404 -15190.851972   -387.767004  6  3  4  47       
PG12 -13438.691563  11509.752947 -20100.042205   -607.999468  6  5  4  91       
PG13 -14256.397701   3813.923830  21807.963720    681.297978  5  2  4  68       
PG14 -18921.997205 -13050.685327  13654.401066    741.616987  4  4  5  62       
PG15  -8715.235245  13957.105905  20296.454538    399.282281  3  3  1  58       
PG16  25542.065183    462.573911   7644.585715    236.827362  7  5  2  73       
PG17 -12936.970106 -21588.251530  -7678.993631   -102.273460  3  4  2  50       
PG18    407.045902  19188.261108  18290.062738   -387.536937  2  3  1  65       
PG19 -15841.362056 -14687.637841 -15867.997994    695.672154  5  5  5  74       
PG20 -13852.500040   6419.691677  21801.820768     84.997296  1  2  3  70       
PG21 -26214.441640  -1369.936871   4194.710580    412.524467  7  4  4  54       
PG22 -22207.795883 -11559.893860   8696.370112    -25.410690  3  5  5  51       
PG23   9614.698793  14578.577118  20171.317807    630.999415  3  4  3  64       
PG24 -14671.399534  21827.613219   1232.778902    -56.012393  4  2  2  76       
PG25   1250.254092  15841.779826 -21689.851672    433.182537  6  3  4  73       
PG26  26094.701606   4394.365651  -4343.924457   -348.184730  7  4  6  55       
PG27  16035.477249   -198.705647  20873.448951    -89.303137  3  3  2  91       
PG28  14399.346992   5812.478523 -21544.623933   -565.451643  6  3  5  94       
PG29   2601.243669  25305.227714  -7401.310107   -348.380631  4  1  2  56       
PG30  -9729.078786 -12953.838930  21218.961677    172.393303  4  5  1  75       
PG31  19560.187598  -3647.492324 -18023.645999   -158.118854  7  5  4  84       
PG32  15681.681134  18423.116295 -10892.018266    -19.824217  5  4  5  77       
*  2026  4  1 13 15  0.00000000
PG01  14880.322289 -21763.054375  -2848.247899    306.609293  3  5  4  68       
PG02  17544.098609 -17092.653440   9900.693273     69.833904  4  5  3  78       
PG03  11951.957730 -12263.947544 -20463.616550    519.388964  7  6  4  92       
PG04   3890.288139 -20055.552103 -16846.816479     51.446622  5  5  6  82       
PG05 -24230.990989   5447.997275   9299.382844   -231.164301  4  1  3  69       
PG06 -12395.298454  -7791.762912 -22101.409177   -612.074554  4  4  6  86       
PG07   1730.615548 -21860.450632  15315.710201   -167.904061  6  3  2  82       
PG08  12243.411630  -9758.610654  21224.362179    468.975038  5  4  3  80       
PG09  -5340.810262 -24355.616883  -9138.988596    763.007364  4  4  5  63       
PG10  19842.505513  11117.198793  14258.999100   -590.187327  3  3  3  64       
PG11 -19347.854404   5939.066626 -17108.202635   -387.755437  6  4  4  75       
PG12 -15553.319613  11010.266001 -18793.244394   -607.999382  7  5  4 101       
PG13 -14920.058777   1359.835336  21679.647019    681.296682  6  2  4  81       
PG14 -17250.248321 -13045.874917  15703.744380    741.618353  4  4  5  75       
PG15 -10144.701435  11931.832333  20903.513948    399.285363  3  3  1  72       
PG16  26240.941391    831.604235   4939.946170    236.833860  7  5  1  71       
PG17 -12946.989869 -22407.052142  -4937.390245   -102.281742  4  4  2  67       
PG18   -922.962514  20677.195153  16537.479822   -387.528471  2  3  1  72       
PG19 -16202.390213 -16324.283794 -13804.709949    695.672972  5  5  5  72       
PG20 -14881.050972   4170.842749  21665.930023     85.015863  1  2  3  69       
PG21 -26496.673863  -1652.481326   1359.512299    412.526280  7  4  4  40       
PG22 -21071.735037 -11583.751453  11245.264903    -25.405310  3  5  5  55       
PG23   7280.539453  14417.410846  21217.523313    631.003501  3  4  3  58       
PG24 -14799.630907  21333.058365   4035.934267    -55.996859  4  3  2  57       
PG25  -1152.058938  15638.345273 -21822.881964    433.180122  6  4  4  84       
PG26  25472.836727   4687.564600  -7011.341879   -348.189199  7  5  6  78       
PG27  16978.188632   2022.447881  20067.903301    -89.316220  3  3  2  79       
PG28  12999.713326   7859.303766 -21782.270058   -565.443829  5  4  5  90       
PG29   2039.804129  24447.438763 -10025.881297   -348.374200  4  1  2  74       
PG30  -8281.878055 -14822.775926  20570.866991    172.405160  4  5  1  81       
PG31  18379.109637  -1925.900147 -19469.802308   -158.116218  7  5  5  82       
PG32  15958.245894  19537.221221  -8326.527137    -19.807033  4  4  5  77       
*  2026  4  1 13 30  0.00000000
PG01  15193.505283 -21731.533623      0.378539    306.602484  4  5  4  57       
PG02  17186.705923 -15879.399144  12387.580991     69.841121  4  5  4  89       
PG03  14165.304614 -12056.484372 -19107.068903    519.376727  7  6  4  88       
PG04   4888.006191 -18277.334555 -18537.711856     51.448157  5  5  5  91       
PG05 -25159.337214   5262.347014   6603.101819   -231.164942  5  2  3  48       
PG06 -10968.454333  -9882.065328 -22006.219095   -612.073730  4  4  6  92       
PG07   2753.383904 -23048.992831  13150.594229   -167.908095  6  3  2  72       
PG08  13523.221120  -7627.313330  21362.222773    468.969402  5  4  3  84       
PG09  -4579.313785 -23429.454610 -11659.670286    763.004990  4  4  5  57       
PG10  18148.240191  11111.395972  16373.373897   -590.186935  3  3  3  57       
PG11 -18281.207321   4168.551391 -18729.174107   -387.743909  6  4  4  94       
PG12 -17530.001772  10641.648118 -17170.375287   -607.999587  7  5  4 101       
PG13 -15702.304955  -1017.379999  21169.441737    681.295259  6  2  4  80       
PG14 -15364.962332 -13110.373750  17487.870627    741.619691  3  4  5  83       
PG15 -11698.229548   9937.839443  21132.442377    399.288152  2  3  1  79       
PG16  26651.335203   1117.251475   2151.704212    236.840224  7  6  1  74       
PG17 -12872.331074 -22930.877138  -2108.684665   -102.290365  4  4  2  60       
PG18  -2052.313021  22057.742539  14498.158367   -387.519990  3  4  1  80       
PG19 -16560.797367 -17710.830897 -11510.776091    695.674039  5  5  5  60       
PG20 -16008.584170   2010.220223  21159.452590     85.034457  2  1  3  88       
PG21 -26472.083161  -1896.794273  -1499.025951    412.528153  6  4  4  60       
PG22 -19666.842645 -11624.520295  13600.332256    -25.400331  3  5  5  70       
PG23   4841.147587  14386.545215  21902.936478    631.007624  3  4  3  76       
PG24 -14811.440662  20559.842968   6767.302214    -55.981306  4  3  2  69       
PG25  -3558.789798  15558.104108 -21593.311715    433.177738  5  5  4  98       
PG26  24576.090515   5022.398160  -9561.726407   -348.193654  6  5  6  91       
PG27  17976.704747   4089.138610  18909.291339    -89.329282  3  3  2  81       
PG28  11705.954371   9981.498173 -21644.947088   -565.436051  5  4  5  95       
PG29   1323.556799  23354.747285 -12476.771187   -348.367956  4  1  2  94       
PG30  -6974.628587 -16684.352036  19573.283202    172.417030  4  5  1  75       
PG31  17208.380018    -25.888120 -20591.392833   -158.114226  6  5  5  79       
PG32  16156.414507  20367.709072  -5617.776790    -19.789808  4  4  5  74       
*  2026  4  1 13 45  0.00000000
PG01  15329.715735 -21446.674251   2848.997800    306.595672  4  5  4  63       
PG02  16780.743783 -14408.014740  14659.291631     69.847958  4  6  4  93       
PG03  16217.349968 -11975.979551 -17425.640041    519.364511  7  6  4  82       
PG04   6061.914374 -16402.982862 -19906.997976     51.449603  5  5  5  94       
PG05 -25783.492751   5110.456967   3792.874949   -231.165774  6  3  3  38       
PG06  -9676.589488 -12022.145147 -21529.792605   -612.072838  4  4  6  92       
PG07   3596.084072 -24067.394567  10762.211037   -167.912535  6  3  2  79       
PG08  14899.535613  -5569.688723  21126.148146    468.963778  5  4  3  88       
PG09  -3624.455336 -22313.521326 -13979.870343    763.002657  4  4  5  72       
PG10  16235.124771  11205.149556  18214.976788   -590.186491  2  3  3  55       
PG11 -17221.660321   2203.937121 -20025.738442   -387.732375  6  4  4 101       
PG12 -19327.245225  10387.300133 -15258.148090   -607.999770  8  5  3  97       
PG13 -16580.351500  -3271.984723  20287.349933    681.294062  6  3  4  89       
PG14 -13300.337389 -13268.926269  18976.298053    741.621019  3  3  5  82       
PG15 -13347.480257   8017.083231  20979.059076    399.291209  2  3  1  40       
PG16  26761.748881   1354.677707   -672.785176    236.846406  7  6  2  55       
PG17 -12676.669653 -23167.886375    757.092316   -102.298957  5  4  2  49       
PG18  -2983.394085  23284.878564  12206.947957   -387.511482  3  4  1  65       
PG19 -16878.828628 -18833.392164  -9024.860200    695.675400  5  5  5  75       
PG20 -17206.363387    -23.362174  20290.881987     85.053007  3  1  3  59       
PG21 -26138.378976  -2140.205755  -4331.826872    412.529881  6  4  4  45       
PG22 -18017.399721 -11716.365119  15722.081749    -25.395137  3  4  4  70       
PG23   2345.227190  14496.543013  22215.202314    631.011716  3  4  3  66       
PG24 -14742.153256  19503.410157   9377.677286    -55.965749  3  3  2  52       
PG25  -5924.052449  15599.001702 -21004.112528    433.175346  5  5  4  91       
PG26  23423.646914   5429.692413 -11952.714453   -348.198132  6  5  6  75       
PG27  18996.910886   5969.125653  17419.672139    -89.342343  2  4  2  77       
PG28  10541.857616  12136.110066 -21134.966318   -565.428224  5  4  5 100       
PG29    433.377524  22063.464824 -14711.762707   -348.361890  3  1  2  94       
PG30  -5819.767762 -18494.887772  18242.216157    172.428843  4  5  2  82       
PG31  16083.909853   2025.281410 -21369.416122   -158.112004  6  5  5  84       
PG32  16237.579486  20917.965513  -2812.713331    -19.772614  4  4  4  86       
*  2026  4  1 14  0  0.00000000
PG01  15321.614049 -20891.050408   5648.333671    306.588886  5  5  4  66       
PG02  16366.253564 -12695.662583  16678.031667     69.854901  4  6  4  83       
PG03  18066.232840 -11999.060043 -15447.277472    519.352307  6  6  4  88       
PG04   7406.295996 -14480.083987 -20931.292896     51.451122  5  5  5  99       
PG05 -26094.387809   4953.903382    917.326856   -231.166211  6  3  3  60       
PG06  -8539.798250 -14164.785843 -20679.953540   -612.071995  5  4  5  96       
PG07   4272.449784 -24876.671856   8189.657737   -167.916507  6  3  2  78       
PG08  16343.027040  -3624.105909  20521.791357    468.958096  4  3  3  90       
PG09  -2466.397348 -21048.802146 -16060.010720    763.000301  4  4  4  93       
PG10  14141.594689  11423.550185  19753.143549   -590.186121  2  3  2  58       
PG11 -16206.716046     74.250264 -20975.532129   -387.720812  5  4  5  78       
PG12 -20908.184549  10223.994273 -13088.180329   -607.999628  8  6  3  84       
PG13 -17524.656635  -5363.551423  19049.960319    681.292613  6  3  4  69       
PG14 -11095.698993 -13540.184372  20143.382168    741.622344  4  4  4  76       
PG15 -15057.815492   6206.505770  20446.435355    399.294411  2  4  1  81       
PG16  26569.035262   1580.648984  -3486.043325    236.852903  7  7  3  71       
PG17 -12326.978536 -23134.796591   3609.668295   -102.306942  5  4  2  64       
PG18  -3726.857617  24316.416955   9703.260672   -387.503003  4  5  1  56       
PG19 -17117.815153 -19686.284354  -6388.609574    695.676377  5  5  5  78       
PG20 -18439.978455  -1896.837388  19074.884493     85.071565  3  1  3  62       
PG21 -25502.130418  -2419.774571  -7090.245258    412.531675  6  4  5  27       
PG22 -16154.766310 -11889.129167  17575.367542    -25.389706  3  4  4  52       
PG23   -156.807133  14749.607863  22148.221562    631.015834  3  4  4  72       
PG24 -14628.376859  18168.178944  11819.602043    -55.950217  2  3  3  70       
PG25  -8203.001557  15751.376090 -20064.080966    433.172955  5  6  5  84       
PG26  22041.401301   5936.381740 -14144.605827   -348.202585  6  5  6  90       
PG27  20000.927307   7637.744956  15626.739118    -89.355414  2  4  2  79       
PG28   9523.691904  14277.125229 -20261.056204   -565.420405  4  5  5  96       
PG29   -642.546863  20614.513471 -16692.490069   -348.355293  3  1  2  80       
PG30  -4822.100442 -20209.985211  16599.407901    172.440715  5  5  2  81       
PG31  15036.926896   4193.982598 -21790.388112   -158.109587  5  5  6  78       
PG32  16165.640062  21199.945654     40.414514    -19.755375  4  4  4  59       
*  2026  4  1 14 15  0.00000000
PG01  15205.522916 -20055.329918   8349.967033    306.582130  6  5  4  55       
PG02  15980.515554 -10767.345045  18410.857256     69.862021  4  6  4  78       
PG03  19675.982840 -12095.881326 -13205.077190    519.340098  6  6  4  71       
PG04   8907.063472 -12555.514583 -21593.280291     51.452605  4  5  5  89       
PG05 -26092.129115   4753.723252  -1973.999696   -231.166600  6  3  3  94       
PG06  -7569.866584 -16260.587738 -19471.073784   -612.071139  5  4  4  88       
PG07   4802.950797 -25442.440538   5475.831414   -167.920694  6  3  1  79       
PG08  17819.088640  -1822.981854  19561.232252    468.952435  4  4  3  67       
PG09  -1103.430971 -19678.891570 -17864.725974    762.997964  4  4  4  74       
PG10  11911.021930  11784.665246  20962.089138   -590.185727  2  3  2  68       
PG11 -15269.055583  -2184.737478 -21562.243534   -387.709270  4  5  5  66       
PG12 -22241.857231  10122.857665 -10696.536164   -607.999941  8  6  3  79       
PG13 -18500.111344  -7258.320295  17480.063530    681.291480  6  2  4  96       
PG14  -8794.195328 -13935.877994  20968.757459    741.623695  4  4  5  82       
PG15 -16789.601394   4536.692920  19544.809155    399.297281  1  4  2  79       
PG16  26078.437752   1831.960946  -6241.205403    236.859266  6  7  3  59       
PG17 -11794.980832 -22856.037003   6399.457438   -102.315305  5  4  1  91       
PG18  -4301.027137  25114.652537   7030.395464   -387.494527  5  5  1  69       
PG19 -17239.717710 -20272.065897  -3646.013510    695.677633  5  5  5  76       
PG20 -19670.609088  -3583.966415  17532.066270     85.090132  4  1  3  65       
PG21 -24578.541739  -2770.660374  -9726.899259    412.533511  6  3  5  72       
PG22 -14116.259782 -12167.093547  19129.896311    -25.384467  3  4  4  69       
PG23  -2614.555992  15139.436948  21702.303856    631.019949  3  4  4  66       
PG24 -14506.360709  16567.614761  14048.363933    -55.934648  2  3  2  80       
PG25 -10353.314352  15998.304845 -18787.773840    433.170608  4  6  5  88       
PG26  20461.067172   6564.343027 -16100.952135   -348.207055  6  5  6  88       
PG27  20948.628525   9078.585075  13563.202276    -89.368494  2  4  2  45       
PG28   8659.700265  16357.084375 -19038.215859   -565.412603  4  5  5  96       
PG29  -1908.077006  19051.864210 -18385.091925   -348.349103  4  1  2  97       
PG30  -3978.738686 -21786.114294  14672.042361    172.452602  5  4  2  81       
PG31  14092.849850   6441.271235 -21846.578483   -158.107275  5  5  6  87       
PG32  15908.507329  21233.518317   2892.881974    -19.738154  4  4  4  79       
*  2026  4  1 14 30  0.00000000
PG01  15019.857376 -18938.770020  10907.186780    306.575308  6  5  4  59       
PG02  15656.567069  -8655.023722  19830.110393     69.869209  3  6  4  73       
PG03  21017.772590 -12231.362905 -10736.779583    519.327918  5  6  4  76       
PG04  10542.162098 -10673.738002 -21881.985055     51.454113  4  5  5  96       
PG05 -25785.907389   4472.112073  -4831.500453   -231.167116  5  3  3  24       
PG06  -6769.934627 -18259.748667 -17923.844414   -612.070303  5  4  4  78       
PG07   5213.900814 -25736.334141   2666.798585   -167.924397  6  4  1  64       
PG08  19289.139791   -191.755588  18262.653070    468.946752  3  4  3  72       
PG09    457.779870 -18248.333379 -19363.441964    762.995621  4  4  4  85       
PG10   9590.264890  12298.753234  21821.305112   -590.185354  3  3  1  79       
PG11 -14435.298326  -4531.704284 -21775.890452   -387.697708  4  5  5  79       
PG12 -23304.279678  10050.583525  -8123.191982   -607.999780  8  6  4  87       
PG13 -19467.452480  -8930.275017  15606.155794    681.289906  5  2  4  98       
PG14  -6441.349703 -14460.250804  21437.705035    741.625098  4  4  5  71       
PG15 -18499.732280   3030.819489  18291.328890    399.300415  1  4  2  80       
PG16  25303.339305   2143.888846  -8892.721442    236.865684  6  7  4  81       
PG17 -11058.398154 -22362.623187   9078.443572   -102.323462  5  4  1  89       
PG18  -4730.995798  25647.849155   4234.779158   -387.486036  5  6  1  44       
PG19 -17208.652198 -20601.286933   -842.736763    695.678636  5  5  5  80       
PG20 -20856.472955  -5066.157946  15688.641052     85.108678  4  1  3  84       
PG21 -23390.908219  -3224.570365 -12196.480829    412.535299  5  3  5  63       
PG22 -11943.834639 -12567.975669  20360.637555    -25.379006  3  4  3  71       
PG23  -4979.371125  15651.409478  20884.219229    631.024066  3  4  5  78       
PG24 -14410.353586  14723.923015  16022.959045    -55.919100  2  3  2  73       
PG25 -12336.598727  16316.231786 -17195.363634    433.168203  4  7  5  81       
PG26  18719.087075   7329.418775 -17789.100372   -348.211509  5  5  6  91       
PG27  21799.237203  10283.826974  11266.100873    -89.381621  3  5  2  67       
PG28   7949.913239  18328.765911 -17487.460377   -565.404780  4  5  5 103       
PG29  -3358.795139  17420.876311 -19760.777899   -348.342494  4  2  2  92       
PG30  -3279.342329 -23182.194044  12492.353009    172.464506  5  4  3  80       
PG31  13270.378984   8724.131370 -21536.173677   -158.105205  5  5  6  99       
PG32  15439.448335  21045.528923   5696.299558    -19.720936  4  4  4  94       
*  2026  4  1 14 45  0.00000000
PG01  14803.482576 -17549.386835  13275.809289    306.568556  6  5  4  83       
PG02  15421.927004  -6396.499020  20913.742506     69.876138  3  6  4  95       
PG03  22070.916302 -12366.643844  -8084.178678    519.315731  5  5  4  58       
PG04  12282.291657  -8875.213389 -21792.932697     51.455649  4  5  5  80       
PG05 -25193.569360   4074.067519  -7606.353055   -231.167800  5  3  3  57       
PG06  -6134.508768 -20113.876016 -16064.928535   -612.069440  5  4  4  68       
PG07   5536.309521 -25737.238339   -188.938646   -167.928767  5  4  1  72       
PG08  20712.079824   1251.844477  16649.912930    468.941061  3  4  3  68       
PG09   2202.277951 -16800.944449 -20530.868528    762.993277  3  4  4  83       
PG10   7228.096365  12967.766872  22315.891274   -590.184972  3  3  1  73       
PG11 -13725.014011  -6921.190923 -21612.983365   -387.686171  4  5  4  79       
PG12 -24079.281827   9970.828709  -5411.428712   -607.999839  7  6  4  86       
PG13 -20384.837681 -10361.899441  13461.846878    681.288827  5  2  4  77       
PG14  -4083.520998 -15109.784721  21541.439013    741.626448  4  4  5  79       
PG15 -20143.304518   1703.926700  16709.637491    399.303429  1  4  3  69       
PG16  24264.735848   2548.715186 -11397.015914    236.872226  6  7  4  78       
PG17 -10101.948266 -21690.802432  11601.001642   -102.332387  5  4  1  75       
PG18  -5047.448873  25891.510833   1365.137924   -387.477624  5  6  1  70       
PG19 -16992.344814 -20691.961490   1974.566210    695.679616  5  5  4  66       
PG20 -21954.403848  -6332.994980  13576.002486     85.127214  4  1  3  65       
PG21 -21969.773045  -3808.341162 -14456.531644    412.537129  5  3  5  67       
PG22  -9682.616822 -13102.198105  21248.136987    -25.373828  3  5  3  78       
PG23  -7206.036719  16263.108054  19707.143362    631.028173  3  5  5  58       
PG24 -14371.039500  12667.370327  17706.991265    -55.903557  2  3  2  67       
PG25 -14119.677612  16675.856955 -15312.410060    433.165843  4  7  4  81       
PG26  16855.384910   8240.662625 -19180.687615   -348.215975  5  5  5  91       
PG27  22512.927401  11254.245627   8776.066399    -89.394725  3  5  2  81       
PG28   7386.289597  20146.869637 -15635.462031   -565.396996  4  6  5  92       
PG29  -4982.006086  15766.603133 -20796.300019   -348.336350  5  2  2  84       
PG30  -2706.655878 -24361.108596  10097.133906    172.476411  5  4  3  82       
PG31  12580.836837  10996.882979 -20863.362204   -158.103008  5  5  6 101       
PG32  14738.221709  20668.621638   8403.397284    -19.703694  3  3  3  69       
*  2026  4  1 15  0  0.00000000
PG01  14594.064678 -15903.791598  15414.951151    306.561775  5  5  4  68       
PG02  15297.567015  -4034.099472  21645.530876     69.883288  3  6  4  83       
PG03  22823.573435 -12460.705483  -5292.450749    519.303485  5  6  4  71       
PG04  14091.915903  -7194.977835 -21328.191962     51.457179  4  5  5  90       
PG05 -24340.874759   3528.916165 -10251.333386   -231.168135  5  2  3  45       
PG06  -5649.823882 -21777.758305 -13926.500978   -612.068572  5  4  4  45       
PG07   5804.514940 -25432.282686  -3041.273516   -167.933266  5  4  1  62       
PG08  22045.830629   2498.219570  14752.036118    468.935382  2  4  2  49       
PG09   4107.211286 -15378.186049 -21347.400033    762.990942  3  4  4  84       
PG10   4873.562323  13785.164064  22436.817450   -590.184534  4  3  1  68       
PG11 -13150.024921  -9305.175797 -21076.572257   -387.674666  4  5  4  72       
PG12 -24559.065881   9845.748449  -2607.155895   -607.999954  7  6  5  83       
PG13 -21209.515725 -11544.592099  11085.189470    681.287446  5  2  4  84       
PG14  -1766.327135 -15873.227112  21277.304785    741.627815  4  5  5  80       
PG15 -21675.362970    562.559341  14829.313543    399.306492  1  4  3  57       
PG16  22990.457556   3074.383654 -13713.102521    236.878828  5  7  4  62       
PG17  -8918.058534 -20880.530765  13924.644562   -102.340759  5  4  1  84       
PG18  -5285.257459  25829.382279  -1528.384456   -387.469166  6  6  1  72       
PG19 -16563.466938 -20568.780405   4758.950587    695.680707  5  5  4  72       
PG20 -22921.500397  -7382.447899  11230.206806     85.145751  4  1  3  73       
PG21 -20351.817186  -4542.711259 -16468.171359    412.538961  5  3  5  59       
PG22  -7379.348315 -13772.448284  21778.735544    -25.368655  2  5  3  84       
PG23  -9254.332150  16945.157466  18190.493297    631.032267  4  5  5   9       
PG24 -14414.125117  10435.257439  19069.476157    -55.888042  3  3  2  34       
PG25 -15675.701909  17043.263882 -13169.544152    433.163464  5  7  4  75       
PG26  14912.001672   9299.833928 -20252.082585   -348.220429  5  5  5  85       
PG27  23052.374727  11998.884779   6136.554522    -89.407804  3  5  2  66       
PG28   6953.178652  21769.636806 -13514.093194   -565.389162  5  6  5  76       
PG29  -6757.063412  14132.130167 -21474.322741   -348.329790  5  2  2  91       
PG30  -2237.325556 -25291.098484   7527.157766    172.488301  5  4  3  85       
PG31  12027.785338  13212.704226 -19838.337637   -158.100727  5  6  6  89       
PG32  13791.966324  20139.868698  10968.771794    -19.686456  3  3  3  44       
*  2026  4  1 15 15  0.00000000
PG01  14426.480457 -14026.700010  17287.740996    306.555084  5  5  4  72       
PG02  15297.158082  -1613.234006  22015.195271     69.890498  3  6  4  79       
PG03  23273.126580 -12472.100795  -2409.410386    519.291282  4  6  4  71       
PG04  15930.519035  -5661.454899 -20496.302361     51.458722  4  5  5  80       
PG05 -23260.470116   2811.666025 -12721.592455   -231.168431  4  3  3  65       
PG06  -5294.541926 -23211.025551 -11545.682701   -612.067724  5  4  4  60       
PG07   6054.644824 -24817.536385  -5839.410948   -167.937184  5  5  2  87       
PG08  23248.906720   3545.998566  12602.629472    468.929709  2  5  2  62       
PG09   6142.534387 -14017.643594 -21799.419363    762.988625  2  4  4  77       
PG10   2574.326895  14736.036278  22181.110867   -590.184161  4  3  2  68       
PG11 -12714.024478 -11634.750892 -20176.177172   -387.663192  4  5  4  61       
PG12 -24744.463650   9637.612559    241.825678   -608.000173  6  5  5  81       
PG13 -21899.524153 -12478.730156   8517.947673    681.286187  4  2  4  81       
PG14    466.911020 -16731.923824  20648.882841    741.629185  3  5  5  90       
PG15 -23052.640991   -395.228455  12685.191147    399.309440  1  3  3  72       
PG16  21514.168230   3743.322466 -15803.152056    236.885298  5  7  4  51       
PG17  -7507.274394 -19973.845801  16010.686088   -102.349175  5  4  1  80       
PG18  -5481.900504  25454.135691  -4395.143284   -387.460702  6  6  2  67       
PG19 -15900.803459 -20262.091652   7463.888448    695.681995  5  5  3  72       
PG20 -23716.782598  -8220.765241   8691.373095     85.164243  4  2  4  71       
PG21 -18578.524511  -5441.332251 -18196.765827    412.540824  5  3  4  69       
PG22  -5080.798736 -14573.538543  21944.697771    -25.363471  3  5  3  73       
PG23 -11090.415191  17662.352864  16359.652091    631.036370  4  6  5  62       
PG24 -14559.147355   8070.586509  20085.521627    -55.872543  4  3  2  48       
PG25 -16985.048264  17381.248873 -10802.062213    433.161077  5  7  4  79       
PG26  12931.660422  10501.160330 -20984.769603   -348.224964  4  5  4  93       
PG27  23384.196044  12534.428181   3393.062923    -89.420923  3  5  3  68       
PG28   6628.085867  23160.344262 -11159.878607   -565.381343  5  6  5  83       
PG29  -8656.006427  12557.008899 -21783.687406   -348.323417  5  3  2  74       
PG30  -1842.968798 -25946.970616   4826.507146    172.500191  5  3  3  84       
PG31  11606.937101  15325.216833 -18477.214710   -158.098450  5  6  5  93       
PG32  12595.814316  19499.260186  13349.588018    -19.669235  2  3  3  77       
*  2026  4  1 15 30  0.00000000
PG01  14331.348549 -11950.133980  18861.957614    306.548288  4  5  5  89       
PG02  15426.609989    819.137964  22018.423263     69.897431  3  5  4  75       
PG03  23426.214529 -12360.724091    515.295648    519.279057  4  5  4  80       
PG04  17754.059059  -4295.533254 -19312.090417     51.460275  4  5  5  71       
PG05 -21990.621113   1904.135231 -14975.382891   -231.169160  4  3  3  93       
PG06  -5040.759119 -24379.631646  -8963.880305   -612.066845  4  4  4  42       
PG07   6322.967296 -23898.364479  -8532.851837   -167.941436  5  5  2  86       
PG08  24281.952808   4401.820143  10239.243955    468.924014  2  5  2  77       
PG09   8271.984861 -12751.671106 -21879.502455    762.986301  2  4  4  87       
PG10    375.060375  15797.553942  21551.964233   -590.183720  4  3  3  68       
PG11 -12412.525750 -13861.833573 -18927.604869   -387.651638  4  5  4  17       
PG12 -24644.877387   9310.442536   3086.613825   -608.000141  6  5  5  93       
PG13 -22415.347186 -13173.388730   5804.822062    681.284643  4  3  5  56       
PG14   2576.647418 -17660.450056  19665.992594    741.630525  3  5  5  94       
PG15 -24235.217748  -1179.508076  10316.583399    399.312386  1  3  4  49       
PG16  19874.178712   4571.473959 -17633.011952    236.891542  5  7  4  69       
PG17  -5878.354856 -19013.200578  17824.813754   -102.357324  5  4  1  95       
PG18  -5675.780130  24767.713767  -7184.924872   -387.452260  6  6  2  74       
PG19 -14990.213121 -19806.682189  10043.978043    695.683165  5  4  3  90       
PG20 -24302.792497  -8862.045590   6003.009940     85.182817  4  2  4  65       
PG21 -16694.673000  -6510.057882 -19612.523893    412.542624  5  3  4  65       
PG22  -2832.199593 -15492.565627  21744.254056    -25.357991  4  5  3  87       
PG23 -12687.970301  18375.037328  14245.582895    631.040459  4  7  5  73       
PG24 -14818.559141   5620.482130  20736.861897    -55.857006  5  3  2  63       
PG25 -18035.963626  17650.808210  -8249.428368    433.158645  5  7  4  78       
PG26  10956.308960  11831.379139 -21365.670035   -348.229373  4  5  4 101       
PG27  23480.228292  12884.300705    592.349740    -89.434048  3  5  3  66       
PG28   6382.711604  24288.615082  -8613.366219   -565.373587  5  7  5  71       
PG29 -10644.481923  11075.845526 -21719.569024   -348.317229  6  3  2  92       
PG30  -1491.457430 -26311.075794   2041.827645    172.512089  5  3  3  76       
PG31  11306.369166  17290.079446 -16801.854213   -158.096428  5  6  5  89       
PG32  11153.210022  18788.110803  15506.228603    -19.651972  2  3  3  61       
*  2026  4  1 15 45  0.00000000
PG01  14333.740199  -9712.347143  20110.583207    306.541564  4  5  5  86       
PG02  15683.910461   3216.064016  21656.813078     69.904415  4  5  4  67       
PG03  23298.414571 -12089.551532   3431.044215    519.266841  3  6  4  77       
PG04  19516.560947  -3109.948134 -17796.380223     51.461786  4  5  4  74       
PG05 -20573.753242    795.816281 -16974.725636   -231.169441  4  3  3  68       
PG06  -4855.280984 -25257.099028  -6226.043458   -612.065952  4  4  4  59       
PG07   6644.200390 -22689.414042 -11072.422054   -167.945556  5  4  2  88       
PG08  25109.192461   5079.815794   7702.694779    468.918262  3  5  2  91       
PG09  10454.298121 -11606.249926 -21586.521909    762.983958  1  4  4  69       
PG10  -1684.073158  16939.718091  20558.759398   -590.183282  4  3  3  52       
PG11 -12233.140225 -15940.848069 -17352.656018   -387.640097  5  5  4  66       
PG12 -24277.900558   8831.606168   5878.036282   -608.000021  5  4  5  86       
PG13 -22721.470773 -13645.734692   2992.648047    681.283299  3  3  5  73       
PG14   4528.453911 -18627.519698  18344.591795    741.631898  3  6  5  85       
PG15 -25188.023383  -1807.777992   7766.436110    399.315606  1  3  4  56       
PG16  18112.114851   5567.560463 -19172.676522    236.898268  5  6  3  72       
PG17  -4048.059113 -18039.821929  19337.568872   -102.365873  5  4  1  91       
PG18  -5904.500341  23781.313397  -9848.873201   -387.443775  6  6  2  82       
PG19 -13825.345531 -19240.402088  12455.648595    695.684671  5  4  2  82       
PG20 -24647.076938  -9327.506310   3211.278876     85.201349  4  3  4  79       
PG21 -14746.709578  -7746.539376 -20691.012541    412.544450  5  3  4  71       
PG22   -675.754291 -16509.358943  21181.561522    -25.352865  4  5  4  88       
PG23 -14029.074526  19040.677957  11884.335329    631.044564  5  7  5  70       
PG24 -15197.137225   3134.438746  21012.227303    -55.841505  5  3  2  68       
PG25 -18824.926082  17812.731228  -5554.686502    433.156221  5  8  4  73       
PG26   9025.690026  13270.059561 -21387.395882   -348.233779  4  4  4  99       
PG27  23318.604187  13077.540760  -2218.334976    -89.447188  3  4  3  75       
PG28   6184.222171  25131.495148  -5918.427420   -565.365803  5  7  5  79       
PG29 -12682.914039   9717.096803 -21283.525148   -348.310609  6  4  2  88       
PG30  -1148.365866 -26374.010560   -778.485225    172.524002  5  3  2  68       
PG31  11107.037131  19066.531696 -14839.593075   -158.094059  5  6  5  69       
PG32   9475.926802  18047.441551  17402.885664    -19.634713  1  3  2  56       
*  2026  4  1 16  0  0.00000000
PG01  14452.119932  -7356.516266  21012.262462    306.534802  3  5  5  91       
PG02  16059.260807   5532.131054  20937.742584     69.911531  4  4  4  61       
PG03  22913.581929 -11626.282284   6287.126581    519.254594  3  6  4  83       
PG04  21171.787796  -2108.986159 -15975.605547     51.463270  4  5  4  68       
PG05 -19054.856634   -515.554388 -18686.008840   -231.169930  4  4  3  66       
PG06  -4701.113305 -25825.475462  -3379.855065   -612.065069  4  3  4  49       
PG07   7049.856545 -21214.216338 -13411.317775   -167.949727  5  4  2  50       
PG08  25699.736792   5600.820476   5036.353349    468.912550  3  5  2  73       
PG09  12644.614555 -10600.102969 -20925.649536    762.981642  1  4  4  88       
PG10  -3568.773827  18126.397001  19217.001417   -590.182868  5  4  3  67       
PG11 -12156.174265 -17830.312090 -15478.729324   -387.628558  5  4  5  56       
PG12 -23668.627305   8173.305751   8567.510142   -607.999861  4  3  5  90       
PG13 -22787.777717 -13920.125725    129.583006    681.281865  3  4  4  65       
PG14   6294.176007 -19597.142675  16706.568536    741.633254  3  6  5  93       
PG15 -25882.132507  -2303.972367   5080.438541    399.318364  1  3  4  54       
PG16  16271.484062   6732.609195 -20396.706852    236.904717  6  5  2  85       
PG17  -2040.639394 -17092.153102  20524.733163   -102.374093  5  4  1  99       
PG18  -6203.180986  22515.009889 -12340.390741   -387.435304  6  6  2  93       
PG19 -12408.086632 -18602.677471  14657.853485    695.685419  5  5  1  90       
PG20 -24723.494209  -9644.476669    364.206459     85.219846  4  4  4  62       
PG21 -12781.070594  -9140.143762 -21413.581468    412.546226  5  3  5  77       
PG22   1350.726908 -17597.197934  20266.588250    -25.347434  4  6  4  99       
PG23 -15104.743755  19615.580430   9316.449621    631.048609  5  8  5  24       
PG24 -15691.739120    662.476081  20907.539468    -55.825969  5  4  2  72       
PG25 -19356.700744  17829.240554  -2763.784905    433.153805  5  7  4  86       
PG26   7175.988966  14790.198845 -21048.429729   -348.238205  4  4  4 100       
PG27  22884.591607  13147.491327  -4991.994769    -89.460285  3  4  3  58       
PG28   5996.703157  25674.254025  -3121.498772   -565.358044  5  7  5  81       
PG29 -14727.876686   8502.116766 -20483.438349   -348.304405  5  3  2  92       
PG30   -778.527338 -26135.010341  -3585.151032    172.535971  5  3  2  61       
PG31  10983.576715  20618.831342 -12622.877154   -158.092130  5  6  5  93       
PG32   7583.783891  17316.393803  19008.090465    -19.617454  1  3  3  57       
*  2026  4  1 16 15  0.00000000
PG01  14697.557203  -4929.249578  21551.660083    306.527969  3  5  5  92       
PG02  16535.495921   7724.922888  19874.172320     69.918618  4  3  4  73       
PG03  22302.868377 -10944.812550   9033.657545    519.242323  3  6  4  81       
PG04  22674.925983  -1288.521557 -13881.331990     51.464761  4  5  3  60       
PG05 -17479.814812  -2023.740791 -20080.512387   -231.170413  3  4  3  70       
PG06  -4539.107986 -26075.964679   -474.870710   -612.064152  4  2  4  65       
PG07   7566.700585 -19504.409660 -15506.134702   -167.953736  5  4  2  52       
PG08  26028.708910   5991.346287   2285.422982    468.906839  3  4  2  86       
PG09  14796.026779  -9744.096145 -19908.258900    762.979306  1  4  4  74       
PG10  -5251.758348  19316.616097  17548.158151   -590.182465  5  4  3  65       
PG11 -12155.518225 -19494.268090 -13338.330674   -387.616942  5  4  4  67       
PG12 -22848.672057   7313.898163  11107.914040   -608.000232  3  3  5  83       
PG13 -22590.733723 -14026.955324  -2735.703793    681.280697  3  4  4  36       
PG14   7852.854519 -20529.989366  14779.424720    741.634588  3  6  4  97       
PG15 -26295.798835  -2697.228465   2306.116727    399.321140  1  3  4  24       
PG16  14396.186999   8059.751427 -21284.598998    236.911287  6  5  1  98       
PG17    112.935127 -16204.434678  21367.623500   -102.382617  5  4  1 104       
PG18  -6602.877446  20997.037072 -14615.993486   -387.426837  5  6  2  88       
PG19 -10748.712632 -17932.963352  16612.743728    695.686476  5  5  1  98       
PG20 -24513.292707  -9845.153866  -2489.141910     85.238372  4  4  4  55       
PG21 -10842.512120 -10672.199536 -21767.689650    412.548032  4  3  5  79       
PG22   3215.022879 -18723.770999  19014.925278    -25.342456  4  6  4  96       
PG23 -15915.134180  20056.674946   6586.266763    631.052697  5  8  5  63       
PG24 -16291.417925  -1746.711814  20425.928928    -55.810461  6  4  2  75       
PG25 -19644.080417  17665.616110     75.179987    433.151391  5  7  5  65       
PG26   5438.607383  16359.076188 -20353.224996   -348.242591  4  4  5 100       
PG27  22171.172855  13130.360868  -7682.601425    -89.473412  3  3  3  62       
PG28   5782.737898  25910.879226   -270.778547   -565.350238  5  7  5  77       
PG29 -16733.615897   7444.488119 -19333.355297   -348.297720  5  3  2  76       
PG30   -347.635067 -25602.013015  -6328.904307    172.547889  5  3  2  70       
PG31  10905.368658  21917.528489 -10188.795890   -158.090194  5  6  5  92       
PG32   5504.075235  16630.731099  20295.177445    -19.600169  1  3  3  74       
*  2026  4  1 16 30  0.00000000
PG01  15073.239189  -2478.969923  21719.711459    306.521237  3  5  5  79       
PG02  17088.768563   9756.357650  18484.389446     69.925621  4  2  4  63       
PG03  21503.455749 -10026.480046  11622.484800    519.230073  3  6  4  88       
PG04  23984.220480   -636.379129 -11549.698838     51.466281  4  5  3  46       
PG05 -15893.718987  -3714.073560 -21134.852633   -231.170699  3  4  3  80       
PG06  -4329.696418 -26009.206052   2438.374939   -612.063239  4  3  4  92       
PG07   8215.397628 -17598.607654 -17317.846378   -167.958294  4  4  3  56       
PG08  26078.147680   6282.361333   -503.791092    468.901100  3  4  2  69       
PG09  16861.209804  -9040.947970 -18551.730024    762.976956  2  4  4  89       
PG10  -6713.661143  20466.059427  15579.401256   -590.182057  5  5  3  60       
PG11 -12199.791984 -20903.505102 -10968.496956   -387.605432  5  4  5  50       
PG12 -21854.933142   6238.989821  13454.455849   -608.000037  3  3  5  72       
PG13 -22114.324467 -14001.292171  -5554.826211    681.279242  3  4  4  43       
PG14   9191.374276 -21384.911912  12595.852043    741.635939  4  7  4  98       
PG15 -26415.197426  -3020.472448   -508.067340    399.324166  2  4  4  70       
PG16  12529.022345   9534.303374 -21821.098472    236.917695  6  4  1  88       
PG17   2375.990358 -15405.470788  21853.297680   -102.391227  4  4  1  98       
PG18  -7129.171806  19262.753328 -16636.101640   -387.418349  5  6  2  94       
PG19  -8865.741515 -17269.190805  18286.312675    695.687611  4  5  1  99       
PG20 -24005.918197  -9965.170068  -5299.512112     85.256909  4  5  5  50       
PG21  -8972.513895 -12316.561391 -21747.127977    412.549854  4  4  5  53       
PG22   4891.490453 -19852.341387  17447.530266    -25.337237  4  6  4  99       
PG23 -16469.387478  20323.302006   3741.155768    631.056720  4  8  5  62       
PG24 -16977.885311  -4047.529533  19577.579747    -55.794945  6  5  2  79       
PG25 -19707.312837  17291.736586   2912.790995    433.148945  5  7  5  75       
PG26   3839.108456  17939.339060 -19312.220314   -348.246970  4  5  5 103       
PG27  21179.349449  13063.707377 -10245.772894    -89.486517  3  3  3  80       
PG28   5505.048905  25844.244808   2584.607758   -565.342453  4  7  5  88       
PG29 -18653.664419   6549.661070 -17853.226872   -348.291601  5  3  2  83       
PG30    176.178157 -24791.385660  -8961.410231    172.559857  5  4  1  60       
PG31  10837.831801  22940.524761  -7578.520120   -158.088269  4  6  5  64       
PG32   3270.731392  16021.480386  21242.679530    -19.582873  1  3  3  74       
*  2026  4  1 16 45  0.00000000
PG01  15574.302870    -54.235121  21513.763173    306.514465  3  5  5  85       
PG02  17689.470924  11593.864517  16791.698288     69.932552  4  2  4  58       
PG03  20557.052702  -8861.024805  14008.079285    519.217836  4  6  5  82       
PG04  25062.499065   -133.007130  -9020.791060     51.467775  5  5  2  68       
PG05 -14339.229238  -5563.834342 -21831.343063   -231.171432  3  4  3  68       
PG06  -4034.639522 -25635.193145   5309.276377   -612.062338  4  4  4  91       
PG07   9009.420333 -15540.957790 -18812.696428   -167.962277  4  5  3  86       
PG08  25837.662904   6507.921120  -3284.608336    468.895374  3  4  2  68       
PG09  18794.074055  -8485.257126 -16879.159538    762.974583  2  4  5  84       
PG10  -7943.645768  21528.731710  13343.245568   -590.181662  5  5  3  62       
PG11 -12253.700930 -22036.525472  -8410.145494   -387.593972  4  5  5  95       
PG12 -20728.145943   4942.257159  15565.517227   -607.999970  3  4  5  77       
PG13 -21350.713893 -13881.368016  -8280.450613    681.277840  3  3  4  70       
PG14  10304.810965 -22120.564510  10193.204062    741.637292  4  7  4  82       
PG15 -26234.855145  -3308.887599  -3313.590570    399.327194  3  5  4  76       
PG16  10710.233196  11134.128320 -21996.458242    236.923922  6  4  1  91       
PG17   4707.355678 -14717.619666  21974.674986   -102.399868  4  4  1  87       
PG18  -7800.993573  17353.336893 -18365.749340   -387.409844  5  6  2  79       
PG19  -6785.481155 -16646.264675  19649.001787    695.688682  3  5  1  87       
PG20 -23199.516495 -10042.026416  -8018.320293     85.275426  5  5  4  68       
PG21  -7207.818060 -14040.473441 -21352.133788    412.551655  4  4  6  76       
PG22   6361.814714 -20943.079675  15590.406256    -25.331998  4  6  4  81       
PG23 -16785.122827  20378.925124    830.671830    631.060779  4  8  4  79       
PG24 -17726.295598  -6199.097015  18379.412464    -55.779405  6  5  2  82       
PG25 -19573.229767  16683.472853   5699.195313    433.146464  5  6  5  79       
PG26   2396.375108  19490.287709 -17941.762084   -348.251351  4  5  5  92       
PG27  19918.167279  12984.899184 -12639.410271    -89.499626  3  3  2  55       
PG28   5128.137615  25485.947952   5395.458117   -565.334630  4  7  5  83       
PG29 -20442.487996   5814.910782 -16068.554832   -348.285055  5  3  3  63       
PG30    820.849020 -23727.321715 -11436.175488    172.571756  4  4  2  69       
PG31  10743.898831  23673.871429  -4836.646994   -158.085804  4  6  4  60       
PG32    923.243976  15513.759371  21834.652011    -19.565610  2  3  3  65       
*  2026  4  1 17  0  0.00000000
PG01  16187.991989   2297.940058  20937.602092    306.507707  3  4  4  59       
PG02  18303.360570  13211.364773  14824.061893     69.939667  4  2  4  62       
PG03  19508.213905  -7447.223156  16148.386845    519.205588  4  6  4  71       
PG04  25878.528934    247.568136  -6337.952540     51.469252  5  5  2  42       
PG05 -12855.041660  -7542.943792 -22158.267485   -231.171499  2  4  3  78       
PG06  -3618.723255 -24972.835850   8088.061699   -612.061439  4  5  4  91       
PG07   9954.273156 -13379.452864 -19962.971532   -167.966582  4  5  3  83       
PG08  25304.822930   6703.703147  -6010.688336    468.889705  3  3  2  74       
PG09  20551.380457  -8063.846200 -14918.980499    762.972222  3  3  5  78       
PG10  -8939.697524  22458.721920  10877.085649   -590.181268  5  5  3  53       
PG11 -12279.548569 -22880.220979  -5707.361092   -387.582454  4  6  4  79       
PG12 -19511.281235   3425.953354  17403.455457   -608.000019  3  5  4  74       
PG13 -20300.604550 -13706.971724 -10867.030750    681.276223  4  3  3  52       
PG14  11196.458647 -22697.059268   7612.870682    741.638676  4  7  4  70       
PG15 -25757.763637  -3598.330157  -6062.701160    399.330291  3  5  4  48       
PG16   8976.142956  12830.271413 -21806.636473    236.930460  6  4  2  89       
PG17   7062.724073 -14156.038900  21730.575713   -102.407586  3  5  1  83       
PG18  -8629.717789  15314.264886 -19775.199264   -387.401395  4  5  2  81       
PG19  -4541.283544 -16094.668071  20676.256310    695.689755  2  5  1  85       
PG20 -22101.110191 -10113.455582 -10598.505029     85.293893  5  5  4  52       
PG21  -5579.158687 -15805.698719 -20589.394811    412.553416  3  5  6  65       
PG22   7615.496871 -21954.517629  13474.218417    -25.326492  3  7  4  85       
PG23 -16887.593797  20192.699270  -2094.338293    631.064823  3  8  4  70       
PG24 -18506.308795  -8166.642017  16854.622461    -55.763854  6  5  3  74       
PG25 -19274.106404  15823.870659   8385.030412    433.143954  5  6  5  79       
PG26   1122.016067  20969.315235 -16263.929937   -348.255704  4  6  5  96       
PG27  18404.465766  12929.605054 -14824.290833    -89.512711  3  2  2  54       
PG28   4619.857862  24855.820106   8113.345761   -565.326838  3  7  5  61       
PG29 -22057.102082   5229.612796 -14009.951678   -348.278273  5  3  3  58       
PG30   1609.045691 -22440.930380 -13709.432863    172.583631  4  5  2  68       
PG31  10585.619845  24112.269009  -2010.458937   -158.083798  3  6  5  60       
PG32  -1494.610454  15125.830479  22060.922358    -19.548333  2  4  4  85       
*  2026  4  1 17 15  0.00000000
PG01  16894.131816   4533.696403  20001.373699    306.500962  3  4  3  72       
PG02  18892.852889  14590.028237  12613.697796     69.946594  4  2  4  65       
PG03  18402.549352  -5793.164923  18005.621706    519.193350  5  5  4  92       
PG04  26408.155906    536.544349  -3547.052096     51.470773  5  4  2  67       
PG05 -11474.516467  -9614.928058 -22110.063174   -231.171642  1  4  3  67       
PG06  -3051.331105 -24049.185437  10726.675174   -612.060516  4  5  4  94       
PG07  11047.075388 -11164.073286 -20747.626112   -167.970578  4  5  4  90       
PG08  24485.264779   6905.497218  -8636.728416    468.883991  2  3  2  72       
PG09  22094.258093  -7756.408315 -12704.497206    762.969872  3  3  5  79       
PG10  -9708.579067  23212.002949   8222.630503   -590.180947  5  5  3  52       
PG11 -12238.846281 -23430.234132  -2906.633517   -387.570977  3  6  4  85       
PG12 -18247.852482   1701.074435  18935.342842   -607.999796  4  5  4  70       
PG13 -18973.291411 -13517.808668 -13271.500758    681.274941  4  4  2  55       
PG14  11877.533275 -23077.591062   4899.564317    741.640175  4  7  4  69       
PG15 -24995.181872  -3923.756160  -8709.195785    399.333477  4  5  4  42       
PG16   7357.926974  14587.850398 -21253.429311    236.936954  6  5  2  94       
PG17   9396.115975 -13728.206793  21125.683849   -102.416336  3  5  1  89       
PG18  -9618.576108  13193.639088 -20840.450860   -387.392926  4  5  2  86       
PG19  -2172.525446 -15639.228110  21349.018856    695.690744  1  6  1  82       
PG20 -20726.440773 -10215.777772 -12995.356797     85.312447  5  5  4  55       
PG21  -4110.230876 -17569.872394 -19471.941904    412.555201  3  6  6  64       
PG22   8650.063751 -22845.074638  11133.851327    -25.321370  2  7  4  70       
PG23 -16808.542677  19740.828918  -4982.665290    631.068875  3  8  4  59       
PG24 -19283.378503  -9922.613982  15032.095167    -55.748304  6  6  3  84       
PG25 -18846.292781  14704.066703  10922.370505    433.141455  5  5  5  68       
PG26     20.047158  22333.453242 -14306.260881   -348.260097  4  6  5  88       
PG27  16662.362809  12930.363686 -16764.615057    -89.525781  3  3  2  85       
PG28   3952.861064  23981.132002  10691.456924   -565.319093  3  7  5  46       
PG29 -23458.599223   4775.824131 -11712.621224   -348.271850  5  3  3  79       
PG30   2557.041259 -20969.054018 -15740.978140    172.595513  4  6  3  65       
PG31  10325.831403  24259.241513    850.893053   -158.081842  3  5  4  62       
PG32  -3936.203783  14868.414570  21917.263351    -19.531030  3  4  4  82       
*  2026  4  1 17 30  0.00000000
PG01  17665.902394   6613.816232  18721.392176    306.494161  3  4  2  39       
PG02  19418.438074  15718.782496  10196.630142     69.953779  4  3  4  75       
PG03  17284.897025  -3916.158830  19546.983120    519.181077  5  4  4  92       
PG04  26635.184843    768.948764   -695.714078     51.472244  5  4  1  63       
PG05 -10224.516170 -11738.129117 -21687.412090   -231.171634  2  5  3  71       
PG06  -2307.830683 -22898.355447  13179.620867   -612.059521  4  6  4  93       
PG07  12276.525733  -8944.848213 -21152.735958   -167.974541  4  4  4  95       
PG08  23392.525815   7147.704206 -11119.137726    468.878264  1  2  2  74       
PG09  23389.568326  -7536.432422 -10273.341292    762.967576  4  3  5  86       
PG10 -10265.443296  23748.197649   5425.240231   -590.180508  5  5  3  35       
PG11 -12093.957407 -23690.992666    -56.058793   -387.559446  3  6  4  69       
PG12 -16980.201285   -212.827953  20133.624450   -607.999913  4  6  4  71       
PG13 -17386.411096 -13351.884220 -15453.920277    681.273861  4  4  1  51       
PG14  12366.560928 -23229.964606   2100.529859    741.641528  4  7  4  76       
PG15 -23966.146488  -4317.718504 -11209.132546    399.336366  4  5  4  58       
PG16   5880.563342  16367.177445 -20344.533086    236.943252  6  6  3  90       
PG17  11661.396682 -13433.732145  20170.436809   -102.424847  3  4  1  85       
PG18 -10762.402854  11040.426970 -21543.633924   -387.384417  4  5  3  95       
PG19    276.653424 -15298.093420  21654.148218    695.692114  1  6  2  97       
PG20 -19099.480778 -10382.315667 -15167.309056     85.330966  6  5  4  66       
PG21  -2816.939048 -19288.027213 -18018.931853    412.557001  3  7  6  72       
PG22   9470.991328 -23574.605463   8607.909091    -25.316359  2  7  4  87       
PG23 -16584.798132  19007.657769  -7783.680754    631.072929  3  8  4  73       
PG24 -20020.202314 -11447.480542  12945.722239    -55.732789  5  6  3  88       
PG25 -18328.670697  13323.891887  13265.670660    433.138929  5  4  5  66       
PG26   -913.134172  23540.966942 -12101.369614   -348.264465  3  7  5  88       
PG27  14722.494862  13015.279304 -18428.505934    -89.538827  3  3  2  86       
PG28   3105.856195  22895.523699  13085.399710   -565.311317  2  6  4  67       
PG29 -24613.530861   4429.146696  -9215.768198   -348.265506  5  3  4  77       
PG30   3673.848307 -19352.861780 -17494.938755    172.607376  3  6  4  75       
PG31   9929.823460  24126.971117   3697.268106   -158.080029  2  5  4  62       
PG32  -6353.598458  14744.289371  21405.486796    -19.513747  4  4  4  78       
*  2026  4  1 17 45  0.00000000
PG01  18470.879514   8505.027063  17119.846502    306.487224  4  3  1  28       
PG02  19840.177444  16594.559153   7612.199455     69.960678  4  4  4  71       
PG03  16197.534505  -1842.266911  20745.278157    519.168846  4  4  3  90       
PG04  26551.969646    982.101121   2167.474522     51.473635  5  3  2  66       
PG05  -9124.495635 -13867.115868 -20897.238923   -231.172459  2  6  3  79       
PG06  -1370.719728 -21560.183302  15404.751596   -612.058589  4  6  4  94       
PG07  13623.250591  -6769.928354 -21171.765801   -167.978540  4  4  4  83       
PG08  22047.604650   7461.894878 -13416.682759    468.872585  1  3  2  73       
PG09  24411.064596  -7372.372694  -7666.856448    762.965207  4  3  5  74       
PG10 -10633.111368  24032.239895   2533.171648   -590.180104  5  5  3  44       
PG11 -11809.711928 -23675.417692   2795.481992   -387.547953  3  7  4  86       
PG12 -15747.832578  -2288.184590  20976.676358   -607.999891  4  6  4  87       
PG13 -15565.398272 -13243.968008 -17378.066693    681.272570  4  4  1  64       
PG14  12688.473038 -23127.959631   -735.306626    741.642870  3  7  4  66       
PG15 -22696.717610  -4808.987374 -13521.473975    399.339273  4  5  4  72       
PG16   4562.002123  18125.079202 -19093.529610    236.949528  6  7  3  91       
PG17  13813.796579 -13264.455787  18880.845665   -102.433303  3  4  1  86       
PG18 -12047.723781   8902.688980 -21873.282438   -387.375922  4  5  3 102       
PG19   2758.813223 -15081.967907  21584.750624    695.693086  1  6  2  93       
PG20 -17251.633768 -10641.931776 -17076.675789     85.349483  6  5  3  31       
PG21  -1706.953311 -20914.232869 -16255.323358    412.558774  3  7  6  70       
PG22  10091.343423 -24105.916824   5938.160723    -25.310843  1  7  4  70       
PG23 -16256.673590  17986.443190 -10448.274257    631.077012  3  7  3  79       
PG24 -20678.267879 -12730.184496  10633.644050    -55.717261  5  6  4  84       
PG25 -17760.999607  11692.128342  15372.683793    433.136430  5  4  4  59       
PG26  -1688.473705  24552.939237  -9686.464676   -348.268844  3  7  5  94       
PG27  12621.038291  13206.885565 -19788.459075    -89.551876  3  3  3  77       
PG28   2064.634886  21637.701552  15253.969876   -565.303522  2  6  4  49       
PG29 -25495.092829   4159.839452  -6561.945927   -348.259090  4  4  4  49       
PG30   4960.652977 -17636.277989 -18940.455356    172.619266  4  6  5  77       
PG31   9366.934146  23735.793087   6478.459192   -158.077834  2  5  5  66       
PG32  -8699.145913  14748.188540  20533.455090    -19.496452  4  4  4  62       
*  2026  4  1 18  0  0.00000000
PG01  19272.302586  10181.074470  15224.408391    306.480430  4  3  1  44       
PG02  20119.231524  17222.268396   4902.530814     69.967828  3  4  4  81       
PG03  15178.503931    394.515200  21579.435790    519.156600  4  3  3  80       
PG04  26159.691980   1213.992470   4993.768505     51.475111  6  3  2  68       
PG05  -8185.877103 -15954.245855 -19752.615403   -231.172778  2  6  3  89       
PG06   -230.487135 -20078.687426  17363.989260   -612.057696  4  6  4  90       
PG07  15060.517439  -4683.762071 -20805.644504   -167.982781  3  3  4  98       
PG08  20478.267292   7875.477912 -15491.099638    468.866882  1  3  2  91       
PG09  25140.304287  -7229.018395  -4929.420164    762.962839  4  3  5  82       
PG10 -10841.037888  24035.860663   -403.256674   -590.179721  5  5  3  62       
PG11 -11354.929531 -23404.318377   5599.152608   -387.536525  3  7  3 101       
PG12 -14585.870164  -4490.279405  21449.248711   -607.999643  4  6  4  92       
PG13 -13542.670327 -13224.191890 -19011.970359    681.270984  4  4  1  72       
PG14  12873.443796 -22752.475837  -3558.233182    741.644213  3  6  4  56       
PG15 -21218.995405  -5421.339823 -15608.657271    399.342327  5  4  3  81       
PG16   3412.586834  19816.374523 -17519.787851    236.955980  6  7  4  78       
PG17  15811.383958 -13204.838325  17278.248729   -102.441185  3  4  1  78       
PG18 -13453.181082   6825.862319 -21824.486569   -387.367415  4  5  3 101       
PG19   5224.826834 -14993.637086  21140.410861    695.694264  1  6  2  97       
PG20 -15220.652463 -11017.747029 -18690.321272     85.368002  6  4  3  74       
PG21   -779.590881 -22403.286227 -14211.451298    412.560587  4  7  5  72       
PG22  10531.135611 -24406.200457   3168.933483    -25.305926  1  6  3  65       
PG23 -15866.232685  16679.781749 -12929.763041    631.081077  4  7  3  66       
PG24 -21219.427071 -13768.255405   8137.443509    -55.701694  5  6  4  92       
PG25 -17182.222032   9826.401880  17205.324996    433.133890  5  4  4  60       
PG26  -2323.688983  25334.781084  -7102.762849   -348.273245  4  7  5  79       
PG27  10398.544209  13521.214842 -20821.741839    -89.564925  3  3  3  80       
PG28    822.821239  20249.952896  17159.860183   -565.295741  1  5  4  49       
PG29 -26084.071017   3934.136873  -3796.351794   -348.252777  4  4  4  48       
PG30   6410.573626 -15864.311319 -20052.259904    172.631177  4  5  5  77       
PG31   8612.003102  23113.365652   9145.141918   -158.075722  3  5  5  62       
PG32 -10927.086246  14867.007625  19315.007847    -19.479202  4  3  3  58       
*  2026  4  1 18 15  0.00000000
PG01  20030.520017  11623.524646  13067.749404    306.473680  5  3  1  57       
PG02  20219.370786  17614.500618   2111.960969     69.974724  3  5  4  62       
PG03  14260.120127   2753.399797  22034.900244    519.144353  4  2  2  88       
PG04  25468.319219   1501.641231   7735.068636     51.476591  6  2  2  54       
PG05  -7411.733467 -17951.321933 -18272.570945   -231.173088  2  7  3  83       
PG06   1113.843393 -18500.382051  19023.964589   -612.056835  4  6  4  98       
PG07  16555.275488  -2725.459416 -20062.650420   -167.987081  3  3  3  75       
PG08  18718.122180   8410.522585 -17307.668684    468.861185  1  3  3  73       
PG09  25567.277800  -7069.012940  -2107.711924    762.960465  5  3  5  86       
PG10 -10923.999416  23738.833718  -3332.565835   -590.179273  4  4  3  71       
PG11 -10703.792668 -22905.497713   8306.986698   -387.524983  3  7  3 102       
PG12 -13523.698811  -6778.419575  21542.780784   -607.999632  5  6  4  90       
PG13 -11356.569698 -13316.829588 -20328.389126    681.269902  4  5  1  85       
PG14  12955.516623 -22092.407867  -6318.671944    741.645544  3  6  5  77       
PG15 -19569.948254  -6172.556073 -17437.091229    399.345345  5  4  2  94       
PG16   2434.755063  21395.462234 -15648.275283    236.962204  6  8  4  81       
PG17  17616.441997 -13232.620106  15389.000774   -102.449785  3  4  1  78       
PG18 -14950.274600   4851.167870 -21398.923613   -387.358872  4  5  2  96       
PG19   7625.583691 -15027.812988  20327.311658    695.695445  2  6  2  92       
PG20 -13049.316749 -11526.092312 -19980.249132     85.386462  7  4  3  86       
PG21    -26.026902 -23712.387170 -11922.506199    412.562365  4  7  5  60       
PG22  10816.443305 -24448.331789    346.457575    -25.300789  2  7  3  59       
PG23 -15455.494079  15099.667174 -15184.753911    631.085111  4  7  3  89       
PG24 -21607.433276 -14567.585165   5501.314704    -55.686157  4  6  4  87       
PG25 -16628.802740   7752.708358  18730.458039    433.131367  5  4  3  71       
PG26  -2842.418170  25857.605721  -4394.807426   -348.277488  4  7  5  44       
PG27   8098.624284  13967.103892 -21510.739220    -89.578021  3  4  3  84       
PG28   -617.683272  18776.536248  18770.301106   -565.287952  2  5  4  85       
PG29 -26369.512382   3715.723742   -966.080756   -348.246571  4  4  4  58       
PG30   8008.754652 -14081.355134 -20811.137070    172.643031  3  5  6  93       
PG31   7646.618296  22293.544496  11649.826130   -158.073548  3  5  4  76       
PG32 -12995.093148  15080.313061  17769.801029    -19.461964  4  3  3  71       
*  2026  4  1 18 30  0.00000000
PG01  20704.556197  12822.267619  10686.975841    306.466950  5  4  1  73       
PG02  20108.419419  17790.961518   -713.574824     69.981507  3  6  4  45       
PG03  13467.723825   5188.224152  22103.894721    519.132108  4  2  2  84       
PG04  24496.243772   1879.488394  10344.713883     51.478054  6  2  3  59       
PG05  -6796.792478 -19811.284429 -16481.810527   -231.173875  1  7  3  90       
PG06   2654.506530 -16872.516620  20356.566516   -612.055912  4  5  5 104       
PG07  18069.469477   -927.416738 -18958.117762   -167.990992  3  3  3  83       
PG08  16805.494867   9082.776833 -18835.746622    468.855525  1  3  3  76       
PG09  25690.730111  -6854.464880    750.061653    762.958049  5  2  5  78       
PG10 -10920.555760  23129.923492  -6203.066938   -590.178911  5  4  4  56       
PG11  -9837.017231 -22212.604674  10872.694630   -387.513491  4  7  3  99       
PG12 -12583.851355  -9107.357922  21255.578763   -607.999562  5  6  4 101       
PG13  -9050.100693 -13539.299657 -21305.218836    681.268588  4  5  1  71       
PG14  12971.076291 -21145.211687  -8968.103259    741.646842  4  6  5  79       
PG15 -17790.097405  -7073.651479 -18977.581040    399.348450  5  3  2  85       
PG16   1623.036743  22817.965024 -13509.272791    236.968808  6  8  4  81       
PG17  19196.704373 -13319.731257  13244.099699   -102.457779  3  4  1  78       
PG18 -16504.386932   3014.200631 -20604.771187   -387.350300  4  5  2  97       
PG19   9913.719328 -15171.311632  19158.231328    695.696671  2  5  2  91       
PG20 -10783.922939 -12175.735385 -20924.099321     85.404946  7  3  3  84       
PG21    570.173844 -24802.735060  -9427.927644    412.564117  5  7  4  83       
PG22  10978.281820 -24211.986365  -2481.833416    -25.295637  3  7  3  84       
PG23 -15064.650548  13267.177962 -17173.938259    631.089191  4  6  3  86       
PG24 -21809.382164 -15141.890262   2771.227406    -55.670633  4  6  4  77       
PG25 -16133.175832   5504.589876  19920.580609    433.128854  5  5  3  66       
PG26  -3273.118311  26099.407653  -1609.699479   -348.281756  5  7  5  68       
PG27   5766.529477  14545.760316 -21843.243566    -89.591099  2  4  3  90       
PG28  -2246.577551  17262.009437  20057.622040   -565.280188  2  5  4  64       
PG29 -26349.096437   3467.310699   1880.652259   -348.239723  4  4  4  36       
PG30   9732.791120 -12329.530230 -21204.259257    172.654901  3  5  6  84       
PG31   6460.098859  21315.005673  13947.786494   -158.071714  3  4  4  63       
PG32 -14865.708631  15361.139981  15923.056472    -19.444733  4  3  3  45       
*  2026  4  1 18 45  0.00000000
PG01  21253.739705  13775.703556   8122.991249    306.460128  5  4  2  59       
PG02  19759.582959  17777.655064  -3527.194894     69.988608  3  7  4  59       
PG03  12818.731182   7649.084927  21785.550173    519.119883  3  2  2  75       
PG04  23269.617432   2377.892189  12778.250384     51.479560  6  1  3  58       
PG05  -6327.763257 -21489.877410 -14410.341596   -231.173839  1  7  2  78       
PG06   4375.131276 -15241.308597  21339.393618   -612.054959  4  5  5 108       
PG07  19561.560091    685.741528 -17513.981977   -167.995077  2  4  4  71       
PG08  14782.139395   9900.915553 -20049.251503    468.849867  1  3  3  78       
PG09  25518.161292  -6548.589674   3594.973254    762.955674  5  2  5  81       
PG10 -10871.345211  22207.488886  -8963.839659   -590.178555  5  4  4  73       
PG11  -8742.776288 -21363.777353  13252.439465   -387.501960  4  7  3 100       
PG12 -11781.188615 -11428.908811  20592.850939   -607.999761  5  6  5 104       
PG13  -6669.503859 -13901.426246 -21925.836442    681.267260  5  5  1  80       
PG14  12957.230541 -19917.136874 -11459.972792    741.648209  4  6  5  79       
PG15 -15922.105213  -8128.364434 -20205.683222    399.351488  6  4  1  69       
PG16    964.358806  24042.370635 -11137.988256    236.974849  6  9  4  71       
PG17  20526.407975 -13433.422063  10878.752114   -102.466653  4  4  1  52       
PG18 -18076.049461   1343.755502 -19456.508228   -387.341830  4  5  2  97       
PG19  12045.301677 -15403.563516  17652.412025    695.697940  3  5  3  97       
PG20  -8472.643277 -12967.414597 -21505.543506     85.423604  7  3  3  82       
PG21   1032.225476 -25640.983712  -6770.722055    412.565876  5  7  4  79       
PG22  11051.294671 -23684.530697  -5268.040630    -25.290347  4  7  3  86       
PG23 -14730.376376  11211.807774 -18862.803091    631.093290  5  6  2  88       
PG24 -21797.003782 -15511.894468     -5.894589    -55.655058  3  6  5  48       
PG25 -15722.369748   3121.993754  20754.387770    433.126360  5  5  4  75       
PG26  -3647.753902  26045.992883   1203.745082   -348.286065  5  7  6  36       
PG27   3447.667286  15250.606882 -21812.684297    -89.604175  2  4  3  94       
PG28  -4045.366466  15749.560304  20999.723627   -565.272384  2  5  4  76       
PG29 -26029.193141   3152.251124   4695.309814   -348.233448  3  4  4  59       
PG30  11553.465254 -10647.138709 -21225.389409    172.666813  3  5  6  91       
PG31   5050.167289  20219.673299  15997.947676   -158.069328  4  4  4  73       
PG32 -16507.614513  15677.054198  13805.220377    -19.427507  5  3  3  65       
*  2026  4  1 19  0  0.00000000
PG01  21639.330251  14490.606552   5419.797332    306.453323  5  5  2  68       
PG02  19152.612310  17605.836818  -6281.759702     69.995843  4  8  4  58       
PG03  12322.017728  10084.122607  21085.897374    519.107641  3  2  2  70       
PG04  21821.405334   3021.778890  14994.166078     51.481031  6  1  3  66       
PG05  -5983.975029 -22947.227783 -12093.012900   -231.174428  1  7  2  63       
PG06   6251.212278 -13650.237677  21956.102245   -612.054059  4  5  5  98       
PG07  20988.176746   2097.865740 -15758.187611   -167.999506  2  4  3  77       
PG08  12691.828815  10866.047251 -20927.094898    468.844209  1  4  3  81       
PG09  25065.504290  -6117.319267   6378.200519    762.953335  5  2  4  81       
PG10 -10817.284178  20979.710834 -11565.715908   -590.178185  5  4  4  82       
PG11  -7417.341800 -20400.129250  15405.569998   -387.490442  4  7  3  95       
PG12 -11122.406784 -13693.689795  19566.599235   -607.999589  5  6  5  96       
PG13  -4262.716153 -14404.983900 -22179.372356    681.265967  5  5  1  68       
PG14  12950.169346 -18423.113830 -13750.560681    741.649477  4  5  5  60       
PG15 -14009.315072  -9332.911948 -21101.993495    399.354362  6  4  1  78       
PG16    438.653910  25031.608199  -8574.065853    236.981024  6  9  4  78       
PG17  21587.126268 -13537.576894   8331.879231   -102.474534  4  4  1  82       
PG18 -19622.397833   -139.069954 -17974.611146   -387.333291  4  5  2  93       
PG19  13981.404291 -15697.443212  15835.294071    695.698972  4  4  3  89       
PG20  -6163.819859 -13893.698442 -21714.571460     85.442121  7  3  2  72       
PG21   1389.022735 -26200.498111  -3996.716783    412.567638  6  7  3  63       
PG22  11072.294182 -22861.650402  -7964.569256    -25.285345  5  6  3  37       
PG23 -14484.292833   8970.466989 -20222.243491    631.097393  5  5  2 100       
PG24 -21547.762656 -15704.274233  -2782.966719    -55.639478  4  5  5  66       
PG25 -15416.872207    649.862858  21217.197139    433.123913  5  4  4  72       
PG26  -4000.327427  25691.616163   3995.896323   -348.290454  5  6  6  67       
PG27   1186.105686  16067.412873 -21418.292974    -89.617285  3  4  3  91       
PG28  -5987.886788  14279.404266  21580.453473   -565.264591  2  5  4  71       
PG29 -25424.604477   2736.138287   7429.837597   -348.227033  3  4  4  54       
PG30  13435.762372  -9067.291931 -20874.949719    172.678670  4  5  6  94       
PG31   3423.277990  19051.018360  17763.700262   -158.067289  4  4  4  75       
PG32 -17896.691795  15991.443676  11451.530528    -19.410273  5  4  3  56       
*  2026  4  1 19 15  0.00000000
PG01  21826.082045  14981.672559   2623.744945    306.446544  5  5  3  48       
PG02  18274.759718  17310.768219  -8930.592856     70.002693  4  8  4  50       
PG03  11977.660203  12441.382656  20017.724164    519.095441  3  3  2  84       
PG04  20190.194277   3829.500814  16954.580346     51.482516  6  2  4  78       
PG05  -5738.306526 -24149.278106  -9568.969400   -231.174849  2  7  1  92       
PG06   8250.896339 -12138.465960  22196.648067   -612.053163  4  5  5  79       
PG07  22305.825435   3301.609918 -13723.985724   -168.003549  2  4  4  53       
PG08  10578.871764  11971.499426 -21453.555338    468.838550  1  4  3  88       
PG09  24356.490413  -5530.817098   9051.857708    762.950989  4  2  4  75       
PG10 -10797.747844  19464.427731 -13962.243837   -590.177878  5  4  4  80       
PG11  -5865.419860 -19364.136449  17295.299666   -387.478923  5  7  3  86       
PG12 -10605.892149 -15852.915716  18195.370330   -607.999603  5  7  5  97       
PG13  -1877.768940 -15043.543835 -22060.908401    681.264663  6  5  1  70       
PG14  12983.571027 -16686.300000 -15799.792779    741.650808  5  5  5  71       
PG15 -12094.290790 -10676.016451 -21652.370461    399.357695  6  5  1  78       
PG16     19.758895  25754.496466  -5860.990844    236.987210  5  9  4  73       
PG17  22368.352960 -13594.168603   5645.564653   -102.483330  4  4  1  79       
PG18 -21098.759095  -1421.465725 -16185.153953   -387.324842  4  5  2  99       
PG19  15689.499061 -16020.389575  13738.115581    695.700232  4  4  3  75       
PG20  -3904.259677 -14939.176888 -21547.663231     85.460678  7  3  2  37       
PG21   1673.819396 -26462.363735  -1153.763774    412.569366  6  7  3  76       
PG22  11078.705365 -21747.686250 -10524.919877    -25.280044  6  6  3  53       
PG23 -14351.654093   6586.197507 -21229.064852    631.101435  5  5  1  97       
PG24 -21045.732294 -15750.415055  -5513.497357    -55.623939  4  5  5  76       
PG25 -15229.785694  -1863.481129  21301.224142    433.121418  5  4  5  69       
PG26  -4365.312189  25039.292604   6717.249361   -348.294756  5  6  6  46       
PG27   -976.886407  16974.713157 -20665.198183    -89.630405  2  4  3  77       
PG28  -8041.133623  12887.310275  21789.879221   -565.256785  2  4  4  66       
PG29 -24557.998563   2188.322123  10037.466253   -348.220813  3  4  4  51       
PG30  15340.122220  -7616.766946 -20159.958052    172.690539  4  5  5  92       
PG31   1594.584636  17852.301803  19213.625228   -158.065008  4  4  4  88       
PG32 -19016.825179  16264.995312   8901.493451    -19.393041  5  3  3  70       
*  2026  4  1 19 30  0.00000000
PG01  21783.683824  15270.769922   -217.252491    306.439746  6  5  3  56       
PG02  17121.486767  16930.310349 -11428.228662     70.009757  4  8  4  62       
PG03  11777.044187  14670.677452  18600.303161    519.083200  4  3  3  83       
PG04  18418.799041   4811.945146  18625.878479     51.483981  6  2  4  74       
PG05  -5558.373455 -25069.018291  -6881.028896   -231.175213  2  7  1  83       
PG06  10336.052269 -10739.442847  22057.419703   -612.052274  4  4  5  90       
PG07  23472.575894   4298.386980 -11449.149583   -168.007650  2  4  4  40       
PG08   8486.605292  13202.894636 -21618.586389    468.832906  1  4  3  84       
PG09  23421.724922  -4764.839004  11569.819597    762.948635  4  1  4  74       
PG10 -10848.810969  17688.580572 -16110.606863   -590.177559  5  4  4  86       
PG11  -4100.166480 -18297.986918  18889.321065   -387.467407  5  6  3  87       
PG12 -10221.927253 -17860.169865  16503.873760   -607.999482  5  6  5  98       
PG13    438.821620 -15802.629579 -21571.597515    681.263454  6  5  2  79       
PG14  13087.122298 -14737.304047 -17571.975783    741.652248  5  5  4  70       
PG15 -10217.401872 -12139.199598 -21848.097619    399.360976  6  5  1  80       
PG16   -323.423948  26187.002087  -3045.393001    236.994008  5  8  4  81       
PG17  22867.812819 -13564.804890   2864.446212   -102.491288  4  5  1  76       
PG18 -22460.308812  -2499.174704 -14119.322245   -387.316311  4  5  3  89       
PG19  17144.606784 -16335.774029  11397.380871    695.701573  4  4  3  81       
PG20  -1737.597339 -16080.977065 -21007.844205     85.479214  7  4  2  62       
PG21   1922.735742 -26416.108968   1709.092903    412.571174  6  7  3  93       
PG22  11106.969576 -20355.658080 -12904.490632    -25.274648  6  6  3  68       
PG23 -14350.305887   4106.654488 -21866.366416    631.105528  5  5  1  99       
PG24 -20282.220426 -15685.030655  -8152.294004    -55.608372  4  5  5  74       
PG25 -15166.309957  -4368.090150  21005.701156    433.119000  6  4  6  76       
PG26  -4776.053868  24100.764917   9319.379492   -348.299196  5  6  5  49       
PG27  -3004.211953  17944.506682 -19564.444048    -89.643506  3  4  3  89       
PG28 -10166.355995  11603.311525  21624.454744   -565.249060  3  4  3  60       
PG29 -23459.056414   1483.287593  12473.497209   -348.213831  3  4  3  19       
PG30  17223.872297  -6315.134957 -19093.837456    172.702450  4  5  5 100       
PG31   -412.454396  16664.838242  20322.107472   -158.062537  4  4  4  82       
PG32 -19860.417936  16457.304480   6198.274622    -19.375845  5  3  3  78       
*  2026  4  1 19 45  0.00000000
PG01  21488.020519  15385.922168  -3054.530298    306.432960  6  5  4  68       
PG02  15696.890692  16503.403154 -13731.177950     70.016892  5  8  4  76       
PG03  11703.329765  16725.373917  16858.998353    519.071000  4  3  3  48       
PG04  16552.717817   5971.928332  19979.281269     51.485554  5  2  4  66       
PG05  -5407.931279 -25687.467804  -4074.987605   -231.175687  3  7  2 107       
PG06  12463.582011  -9479.745598  21541.264866   -612.051399  4  3  4  86       
PG07  24449.657690   5097.968084  -8975.137104   -168.012121  2  4  4  57       
PG08   6455.916173  14538.519925 -21418.052133    468.827261  1  4  3 101       
PG09  22297.506444  -3801.885724  13888.523404    762.946289  4  1  4  71       
PG10 -11001.626483  15687.287800 -17972.472948   -590.177278  5  4  4  91       
PG11  -2142.882817 -17241.954342  20160.346775   -387.455840  5  6  4  88       
PG12  -9953.236882 -19673.078508  14522.478155   -607.999614  4  6  5 101       
PG13   2643.616194 -16660.179983 -20718.701179    681.261984  6  5  2  82       
PG14  13285.213953 -12613.120879 -19036.440403    741.653540  5  5  4  84       
PG15  -8415.498934 -13697.331544 -21685.985543    399.363529  6  5  1  79       
PG16   -625.542273  26313.250428   -176.255810    237.000450  5  8  4  65       
PG17  23091.484532 -13412.313757     35.054903   -102.500009  4  5  1  82       
PG18 -23663.735063  -3376.427875 -11812.851675   -387.307868  4  5  3  79       
PG19  18330.153055 -16604.461864   8854.205746    695.702503  4  4  3  90       
PG20    297.210908 -17289.582875 -20104.622548     85.497737  7  4  2  79       
PG21   2173.154233 -26060.112330   4542.470610    412.572941  6  7  3 101       
PG22  11190.968366 -18706.967295 -15061.376930    -25.269604  6  5  2  65       
PG23 -14489.956986   1582.417700 -22123.800899    631.109651  5  5  2  87       
PG24 -19256.131028 -15544.698318 -10656.116928    -55.592786  5  5  5  53       
PG25 -15223.571992  -6814.200769  20336.839889    433.116553  6  4  6  83       
PG26  -5263.210291  22896.122645  11755.889363   -348.303685  5  5  5  47       
PG27  -4864.182625  18943.216789 -18132.925766    -89.656633  3  4  3  87       
PG28 -12320.379865  10450.649992  21087.076983   -565.241258  3  4  3  67       
PG29 -22163.362222    601.841296  14696.060202   -348.208096  2  5  3  65       
PG30  19042.783136  -5174.192876 -17696.107088    172.714326  4  5  4  93       
PG31  -2566.816396  15526.355775  21069.822519   -158.060500  4  3  3  82       
PG32 -20428.592064  16528.557831   3388.007160    -19.358634  5  3  3  70       
*  2026  4  1 20  0  0.00000000
PG01  20922.208325  15360.062710  -5839.495423    306.426218  6  6  4  52       
PG02  14013.823163  16068.482703 -15798.701340     70.023962  5  8  4  84       
PG03  11732.252496  18564.035906  14824.761664    519.058812  4  2  3  73       
PG04  14638.493552   7303.900493  20991.340632     51.487058  5  3  4  81       
PG05  -5248.441583 -25994.368306  -1198.863687   -231.176584  4  7  2  94       
PG06  14586.922508  -8378.196992  20657.410993   -612.050513  4  3  3  80       
PG07  25202.903374   5717.758636  -6346.226847   -168.016346  3  5  4  62       
PG08   4523.843493  15949.982598 -20853.882491    468.821574  1  4  4  94       
PG09  21024.434163  -2632.100133  15967.734375    762.943955  4  1  4  52       
PG10 -11281.013944  13502.587374 -19514.751102   -590.176887  5  3  4  98       
PG11    -22.400598 -16232.857870  21086.568329   -387.444263  5  5  4 100       
PG12  -9775.847281 -21254.820238  12286.599993   -607.999543  4  7  4  88       
PG13   4697.710828 -17587.307413 -19515.540522    681.260992  7  5  3  78       
PG14  13595.865789 -10355.822570 -20168.079624    741.654874  5  5  3  79       
PG15  -6720.720482 -15319.417351 -21168.415220    399.367062  6  5  2  86       
PG16   -923.237086  26126.238869   2695.956950    237.006730  4  7  4  87       
PG17  23053.329591 -13102.312125  -2794.894754   -102.508520  4  5  1  79       
PG18 -24668.847043  -4065.556321  -9305.401984   -387.299392  5  5  3  89       
PG19  19238.489183 -16786.501136   6153.552386    695.703420  4  4  4  78       
PG20   2167.203624 -18529.925957 -18853.810793     85.516258  7  4  2  65       
PG21   2462.066948 -25401.678629   7297.507276    412.574671  6  6  3  98       
PG22  11360.529740 -16830.780474 -16957.153485    -25.264345  6  5  2  72       
PG23 -14771.789907   -934.798809 -21997.708222    631.113685  5  5  3  94       
PG24 -17974.058479 -15366.363334 -12984.277560    -55.577226  5  5  5  75       
PG25 -15390.807234  -9154.024915  19307.641858    433.114172  7  5  6  82       
PG26  -5853.298423  21453.086030  13983.323380   -348.308192  5  5  5  47       
PG27  -6531.572884  19932.886203 -16393.235556    -89.669797  3  4  2  87       
PG28 -14457.108277   9444.994794  20187.032786   -565.233461  3  4  3  57       
PG29 -20711.077725   -467.940310  16666.830255   -348.201619  2  5  3  64       
PG30  20752.681725  -4197.715653 -15991.965442    172.726201  4  5  4  90       
PG31  -4830.968330  14469.522724  21444.084830   -158.058476  5  3  3  82       
PG32 -20731.059975  16441.224834    519.026932    -19.341447  5  3  3  75       
*  2026  4  1 20 15  0.00000000
PG01  20077.363497  15229.609622  -8524.447590    306.419428  6  6  4  78       
PG02  12093.685412  15661.894434 -17593.576374     70.031141  5  7  4  91       
PG03  11833.223330  20151.857556  12533.532791    519.046595  4  2  3  72       
PG04  12722.041836   8793.973193  21644.352863     51.488615  5  3  5  88       
PG05  -5040.742968 -25988.556920   1697.910504   -231.176999  3  7  2 102       
PG06  16657.681338  -7445.290738  19421.283729   -612.049604  3  2  2  83       
PG07  25703.987464   6181.795228  -3608.651354   -168.020549  4  5  4  74       
PG08   2722.314247  17403.135164 -19934.140652    468.815887  1  4  3  95       
PG09  19645.855459  -1253.871664  17771.260803    762.941648  4  1  4  68       
PG10 -11704.320580  11181.899335 -20710.234918   -590.176482  4  3  4  91       
PG11   2225.820037 -15302.665871  21652.026249   -387.432682  4  4  5  90       
PG12  -9660.218708 -22575.409920   9836.001786   -607.999591  4  7  4  93       
PG13   6568.039503 -18549.328675 -17981.357229    681.259290  7  4  3  83       
PG14  14029.923851  -8011.060184 -20947.772286    741.656205  5  5  3  85       
PG15  -5159.468514 -16969.595806 -20303.322455    399.369934  7  5  2  88       
PG16  -1253.475852  25628.213110   5520.241162    237.013130  4  7  4  57       
PG17  22774.730904 -12604.700122  -5577.256910   -102.517342  4  5  1  76       
PG18 -25440.069090  -4586.298673  -6639.877872   -387.290932  5  4  4  92       
PG19  19871.052542 -16842.866451   3343.370951    695.704948  4  4  4  74       
PG20   3846.490690 -19762.704712 -17277.235631     85.534755  7  5  2  74       
PG21   2824.440226 -24456.781166   9926.710573    412.576416  6  6  3  88       
PG22  11640.078534 -14763.109345 -18557.621748    -25.259149  6  5  2  83       
PG23 -15188.422855  -3393.967103 -21491.124364    631.117804  5  5  4  92       
PG24 -16450.117662 -15185.863691 -15099.180841    -55.561756  5  5  6  39       
PG25 -15649.879144 -11343.444131  17937.566738    433.111737  7  5  6  97       
PG26  -6567.413549  19805.982928  15962.024906   -348.312645  5  5  5  61       
PG27  -7988.448674  20872.570085 -14373.412897    -89.682943  3  4  2  67       
PG28 -16529.141485   8593.963699  18939.836864   -565.225520  3  4  3  72       
PG29 -19145.449631  -1730.039246  18351.692054   -348.195158  1  5  3  83       
PG30  22311.058413  -3381.533355 -14011.778624    172.738095  5  5  4  89       
PG31  -7162.188074  13520.703785  21439.050854   -158.056157  5  2  3  74       
PG32 -20785.666488  16161.690814  -2358.955160    -19.324262  5  3  3  70       
*  2026  4  1 20 30  0.00000000
PG01  18953.075234  15032.915391 -11063.385501    306.412660  7  6  4  70       
PG02   9965.894854  15316.363992 -19082.842303     70.037965  5  7  4  88       
PG03  11970.679426  21461.833498  10025.557254    519.034333  5  1  3  50       
PG04  10847.007576  10420.272037  21926.681915     51.490150  5  3  5  81       
PG05  -4746.762180 -25678.001963   4565.334856   -231.177544  3  6  2  92       
PG06  18627.344811  -6682.943642  17854.227791   -612.048712  3  2  1  85       
PG07  25931.421899   6519.516138   -809.748005   -168.024479  5  6  4  72       
PG08   1077.060917  18859.242074 -18672.995124    468.810190  1  3  3  85       
PG09  18206.213455    325.878554  19267.604682    762.939296  4  1  4  57       
PG10 -12280.604959   8776.275267 -21538.116647   -590.176139  4  2  4  95       
PG11   4560.847408 -14477.296492  21846.885265   -387.421166  4  3  5  90       
PG12  -9572.600294 -23612.707877   7214.018363   -607.999869  4  7  4  96       
PG13   8228.471651 -19507.036230 -16141.080908    681.258010  7  4  3  69       
PG14  14590.560853  -5626.438721 -21362.685624    741.657537  4  5  4  75       
PG15  -3751.585962 -18608.320127 -19104.122275    399.372855  7  5  3  90       
PG16  -1651.845032  24830.680441   8246.038319    237.019795  4  6  3  73       
PG17  22283.655129 -11895.023823  -8264.241209   -102.525240  4  5  1  41       
PG18 -25947.766018  -4964.833351  -3861.707980   -387.282411  5  4  4  80       
PG19  20238.157262 -16737.181257    473.668836    695.706031  4  4  4  71       
PG20   5317.049205 -20945.879127 -15402.342060     85.553221  7  5  2  66       
PG21   3291.661173 -23249.480237  12384.781797    412.578185  6  5  4  85       
PG22  12047.489360 -12545.615250 -19833.504513    -25.253997  6  5  1  59       
PG23 -15724.220355  -5746.524325 -20613.669103    631.121884  5  4  4  84       
PG24 -14705.521560 -15036.523084 -16966.812008    -55.546184  6  5  6  80       
PG25 -15976.109012 -13343.537381  16252.072566    433.109352  7  6  6  76       
PG26  -7420.178096  17994.461846  17656.913250   -348.317119  5  5  4  53       
PG27  -9224.734077  21719.881524 -12106.594015    -89.696082  3  3  3  79       
PG28 -18489.455398   7896.965469  17366.963744   -565.217686  3  4  3  61       
PG29 -17511.205753  -3180.129038  19721.340054   -348.188735  1  4  3  54       
PG30  23678.604498  -2713.923760 -11790.487742    172.749953  5  5  4  77       
PG31  -9514.094756  12698.996734  21055.774842   -158.053942  5  2  3  74       
PG32 -20617.613248  15661.764233  -5195.730192    -19.307087  6  3  3  64       
*  2026  4  1 20 45  0.00000000
PG01  17557.564125  14808.651194 -13412.785079    306.405933  7  6  4  60       
PG02   7667.031087  15059.588732 -20238.503844     70.045063  5  6  4  99       
PG03  12105.628552  22475.623568   7344.638659    519.022070  5  1  4  51       
PG04   9053.212256  12153.603583  21832.986038     51.491620  5  3  5  78       
PG05  -4331.198240 -25079.495855   7353.712400   -231.178262  4  6  2  94       
PG06  20448.995104  -6084.581430  15983.135790   -612.047812  3  2  1  79       
PG07  25871.280859   6764.363100   2002.856585   -168.028609  5  6  4  73       
PG08   -393.234762  20276.350902 -17090.589617    468.804477  2  3  3  84       
PG09  16749.358489   2091.746030  20430.534983    762.936979  3  1  5  70       
PG10 -13010.178072   6338.510662 -21984.359842   -590.175770  4  2  4  88       
PG11   6937.647484 -13775.660490  21667.610067   -387.409601  4  1  5  83       
PG12  -9476.547810 -24353.117804   4466.730850   -607.999714  5  6  4  98       
PG13   9660.661262 -20418.167682 -14025.000449    681.256809  6  3  3  59       
PG14  15273.097280  -3249.831637 -21406.453739    741.658922  5  5  4  83       
PG15  -2509.763810 -20193.684607 -17589.571220    399.375879  7  5  4  86       
PG16  -2150.876712  23754.049858  10824.243148    237.026088  4  6  3  69       
PG17  21613.563338 -10955.651428 -10809.224076   -102.534140  5  5  1  65       
PG18 -26169.352400  -5232.574295  -1018.093150   -387.273958  6  5  4  82       
PG19  20358.423474 -16437.342471  -2404.468473    695.707124  4  5  4  64       
PG20   6569.209401 -22036.282405 -13261.700009     85.571713  7  5  3  67       
PG21   3890.127393 -21811.040854  14629.399747    412.579889  6  4  4  69       
PG22  12593.194616 -10224.178891 -20761.068777    -25.248667  6  5  2  84       
PG23 -16355.936116  -7948.041891 -19381.318762    631.125978  6  4  4  80       
PG24 -12767.924668 -14947.856401 -18557.169105    -55.530636  6  5  6  77       
PG25 -16339.374574 -15121.882108  14282.045054    433.106972  7  6  6  86       
PG26  -8418.966979  16061.996628  19038.160068   -348.321562  4  5  4  70       
PG27 -10238.487108  22432.635602  -9630.557388    -89.709288  3  3  3  74       
PG28 -20293.074400   7345.368334  15495.478295   -565.209887  3  4  3  71       
PG29 -15852.900269  -4805.529368  20751.803242   -348.182344  1  4  3  82       
PG30  24820.622159  -2176.298881  -9366.950189    172.761835  4  4  4  67       
PG31 -11838.321598  12015.587149  20302.120126   -158.052051  6  2  3  63       
PG32 -20258.391239  14919.993901  -7941.501258    -19.289886  6  4  3  54       
*  2026  4  1 21  0  0.00000000
PG01  15907.519429  14594.187740 -15532.337214    306.399164  7  6  4  75       
PG02   5239.682870  14913.011775 -21038.173405     70.052115  5  5  3 102       
PG03  12197.323146  23184.082706   4537.341718    519.009726  5  2  4  50       
PG04   7375.250766  13958.414153  21364.342214     51.493143  6  4  5  88       
PG05  -3763.112055 -24218.013369  10014.528989   -231.178519  3  6  2  96       
PG06  22078.973135  -5635.552944  13839.991489   -612.046911  3  2  1  81       
PG07  25517.639842   6952.274202   4782.016671   -168.033246  6  6  4  79       
PG08  -1677.534270  21610.821246 -15212.805256    468.798750  3  3  3  84       
PG09  15316.889554   4020.225865  21239.571625    762.934721  3  1  5  64       
PG10 -13884.519769   3921.201809 -22041.923394   -590.175362  4  1  5  78       
PG11   9308.615004 -13208.982949  21117.038211   -387.398067  3  1  4  73       
PG12  -9334.539543 -24791.950858   1642.108113   -607.999917  5  6  4  93       
PG13  10854.611728 -21239.022919 -11668.338243    681.255385  6  3  3  72       
PG14  16065.146994   -927.702626 -21079.232190    741.660258  5  5  4  87       
PG15  -1439.199810 -21682.856472 -15783.564621    399.379028  7  4  4  98       
PG16  -2778.485256  22426.906273  13208.205609    237.032607  4  5  3  61       
PG17  20802.105027  -9776.712343 -13167.571981   -102.542435  4  5  1  63       
PG18 -26090.146696  -5424.776778   1842.765129   -387.265462  6  5  4  84       
PG19  20257.870430 -15916.975583  -5239.879110    695.708220  4  5  4  71       
PG20   7601.813607 -22991.286010 -10892.423259     85.590182  6  5  2  73       
PG21   4640.035486 -20178.784301  16621.950759    412.581845  5  4  4  84       
PG22  13279.591228  -7847.287762 -21322.658010    -25.243602  5  5  2  84       
PG23 -17053.658820  -9959.722257 -17816.072083    631.130079  6  4  4  69       
PG24 -10670.556476 -14944.427200 -19844.642770    -55.515089  6  5  6  73       
PG25 -16705.425379 -16653.580256  12063.135429    433.104605  7  7  6  88       
PG26  -9563.443332  14054.247972  20081.748236   -348.326038  4  5  4  63       
PG27 -11035.865534  22970.531328  -6987.164482    -89.722479  4  3  3  67       
PG28 -21898.674811   6922.987377  13357.571073   -565.202088  3  4  3  66       
PG29 -14213.271057  -6585.487175  21424.884266   -348.175911  1  4  3  84       
PG30  25708.254892  -1744.152983  -6783.229777    172.773724  4  4  4  81       
PG31 -14086.259654  11473.443515  19192.532910   -158.049798  5  2  3  83       
PG32 -19744.460229  13922.737743 -10547.807902    -19.272655  6  4  3  64       
*  2026  4  1 21 15  0.00000000
PG01  14027.620536  14424.034822 -17385.633030    306.392356  7  6  4  75       
PG02   2731.031804  14890.836329 -21465.630058     70.059099  5  4  3  90       
PG03  12204.996361  23587.440616   1652.162536    518.997370  5  2  4  60       
PG04   5841.291853  15794.006850  20528.264128     51.494628  5  4  5  78       
PG05  -3017.356496 -23125.756974  12501.324925   -231.179246  4  6  3  78       
PG06  23478.426167  -5313.855617  11461.334805   -612.045987  3  3  1  79       
PG07  24872.724998   7120.127268   7481.783928   -168.037340  6  6  4  67       
PG08  -2772.742018  22818.956420 -13070.911459    468.793031  3  3  3  73       
PG09  13946.591172   6080.418078  21680.369683    762.932372  3  2  5  69       
PG10 -14886.570981   1574.830223 -21710.834846   -590.174881  5  1  5  75       
PG11  11625.209867 -12780.430157  20204.348163   -387.386559  2  1  4  74       
PG12  -9109.623188 -24933.447775  -1210.865169   -607.999961  6  6  4  79       
PG13  11808.929728 -21926.170865  -9110.727928    681.254230  6  3  3  80       
PG14  16947.077660   1296.499387 -20387.631822    741.661542  5  5  5  70       
PG15   -537.524045 -23033.568034 -13714.865393    399.381818  7  4  4 102       
PG16  -3556.586953  20884.944164  15354.698295    237.039419  4  5  3  56       
PG17  19889.640442  -8356.755367 -15297.461882   -102.551100  4  5  1  66       
PG18 -25703.940510  -5579.006054   4672.445470   -387.256968  6  6  5  75       
PG19  19968.714574 -15156.656433  -7982.322509    695.709361  4  5  4  85       
PG20   8422.044218 -23770.452990  -8335.512008     85.608650  6  4  3  76       
PG21   5554.415940 -18394.718433  18328.192226    412.583630  5  3  4  63       
PG22  14100.778360  -5464.303665 -21507.115894    -25.238391  5  5  3  85       
PG23 -17782.020315 -11749.668671 -15945.518854    631.134172  7  4  3  79       
PG24  -8451.174396 -15044.891528 -20808.344688    -55.499531  6  5  6  70       
PG25 -17037.355317 -17921.974717   9635.027383    433.102259  7  7  5  85       
PG26 -10845.423798  12017.353095  20769.900479   -348.330516  4  5  4  57       
PG27 -11630.774959  23296.805755  -4221.698133    -89.735647  4  3  3  71       
PG28 -23270.057830   6606.871355  10990.006251   -565.194303  4  4  3  61       
PG29 -12631.672260  -8491.776559  21728.503723   -348.169251  1  4  3  87       
PG30  26319.494913  -1388.230562  -4083.850404    172.785666  4  3  4  70       
PG31 -16210.799443  11067.359399  17747.689306   -158.047565  5  3  3  77       
PG32 -19115.725996  12664.933742 -12968.444403    -19.255430  6  4  3  68       
*  2026  4  1 21 30  0.00000000
PG01  11949.759812  14328.399631 -18940.785476    306.385613  7  6  5  89       
PG02    191.222204  14999.330579 -21511.273497     70.066158  5  4  2  87       
PG03  12089.591542  23695.129682  -1261.317759    518.985040  5  3  4  76       
PG04   4472.129179  17615.972804  19338.610889     51.496147  5  4  5  84       
PG05  -2075.787216 -21840.924140  14770.540980   -231.179410  4  5  2  83       
PG06  24614.683495  -5091.143930   8887.656605   -612.045073  3  2  1  70       
PG07  23946.778776   7304.190638  10058.065750   -168.041688  7  5  4  68       
PG08  -3683.693765  23858.676341 -10701.104340    468.787256  4  3  3  76       
PG09  12671.027862   8235.030069  21744.995096    762.930065  3  2  5  55       
PG10 -15991.385093   -654.045200 -20998.115635   -590.174420  5  1  5  56       
PG11  13839.637861 -12485.056612  18944.921898   -387.374990  3  1  4  83       
PG12  -8767.027346 -24790.464942  -4043.055802   -607.999948  6  6  5  72       
PG13  12530.752320 -22438.182146  -6395.598567    681.252921  5  3  4  78       
PG14  17892.763756   3383.810545 -19344.537502    741.662917  5  5  5  75       
PG15    205.000882 -24205.620856 -11416.760671    399.384928  7  4  5 102       
PG16  -4499.968601  19169.603442  17224.820000    237.045755  4  5  2  68       
PG17  18917.644991  -6703.091281 -17160.681911   -102.559547  4  5  1  94       
PG18 -25013.263416  -5733.525896   7423.086190   -387.248435  6  6  5  90       
PG19  19527.927241 -14144.847232 -10583.447043    695.710230  4  5  3  90       
PG20   9044.929639 -24337.115247  -5635.131610     85.627148  5  4  3  66       
PG21   6638.452243 -16504.000025  19718.838302    412.585473  4  3  4  79       
PG22  15042.644704  -3123.680214 -21310.085453    -25.232983  5  5  4  87       
PG23 -18501.616436 -13293.883100 -13802.322105    631.138302  7  5  3  84       
PG24  -6150.869791 -15261.256887 -21432.385581    -55.483973  6  5  6  85       
PG25 -17297.168338 -18919.036108   7040.653818    433.099851  7  7  5  81       
PG26 -12249.077108   9996.217255  21091.369615   -348.334998  4  4  4  90       
PG27 -12044.204179  23379.792042  -1382.104764    -89.748805  4  4  2  70       
PG28 -24377.435764   6368.357952   8433.491421   -565.186527  4  4  3  74       
PG29 -11142.643036 -10489.597422  21656.941651   -348.162929  1  3  3  91       
PG30  26639.933552  -1075.865619  -1315.027305    172.797561  3  2  5  69       
PG31 -18167.999661  10784.334091  15994.029321   -158.045399  5  4  3  79       
PG32 -18413.876325  11150.535396 -15160.350129    -19.238228  6  4  3  56       
*  2026  4  1 21 45  0.00000000
PG01   9711.995297  14331.919443 -20170.976955    306.378863  7  5  5 102       
PG02  -2328.420778  15236.462838 -21172.452281     70.073277  5  3  2  98       
PG03  11815.418377  23525.273173  -4153.280790    518.972701  5  3  4  54       
PG04   3280.520918  19377.783792  17815.385435     51.497626  5  4  4  70       
PG05   -928.202505 -20406.243399  16782.321011   -231.180009  4  5  3  84       
PG06  25462.409819  -4933.982492   6162.732047   -612.044185  3  3  1  73       
PG07  22757.656584   7538.634107  12469.223502   -168.045657  7  4  4  80       
PG08  -4422.827122  24691.165559  -8143.934556    468.781512  4  2  4  83       
PG09  11516.352476  10441.638720  21432.085188    762.927755  3  2  5  53       
PG10 -17167.106085  -2724.414730 -19917.565367   -590.173942  6  2  5  72       
PG11  15906.512734 -12310.075101  17360.102975   -387.363531  3  1  4  74       
PG12  -8275.674676 -24383.843526  -6806.028451   -607.999796  6  6  5  73       
PG13  13035.343495 -22737.320418  -3569.470846    681.251616  5  4  4  67       
PG14  18870.598686   5301.032947 -17968.819521    741.664192  6  5  4  69       
PG15    805.005479 -25162.351163  -8926.642875    399.388156  6  3  5 105       
PG16  -5615.459823  17326.465926  18784.807550    237.052222  4  5  2  70       
PG17  17927.056793  -4831.796421 -18723.393576   -102.568117  4  5  1  84       
PG18 -24029.334579  -5925.666524  10048.153785   -387.239967  6  6  5  89       
PG19  18975.617157 -12878.508326 -12997.703317    695.711493  5  5  3  91       
PG20   9492.549631 -24659.813772  -2837.840946     85.645642  5  4  4  58       
PG21   7889.110845 -14553.288805  20770.058069    412.587461  4  4  4  82       
PG22  16083.308581   -871.204776 -20734.170351    -25.227819  5  4  4  79       
PG23 -19170.583571 -14576.958766 -11423.625436    631.142337  8  5  3  86       
PG24  -3812.764376 -15598.379202 -21706.102755    -55.468416  6  4  6  92       
PG25 -17447.372216 -19645.414215   4325.383315    433.097430  7  7  5  90       
PG26 -13751.444405   8032.879482  21041.587069   -348.339457  5  4  4  88       
PG27 -12303.266449  23194.313667   1481.849193    -89.761987  4  4  3  74       
PG28 -25198.482423   6174.356113   5731.979852   -565.178714  5  4  3  78       
PG29  -9774.668783 -12538.740821  21210.969857   -348.156343  1  3  3  93       
PG30  26663.230985   -772.438647   1476.110994    172.809462  3  1  5  63       
PG31 -19918.617356  10604.268843  13963.193621   -158.043283  5  5  3  74       
PG32 -17680.644451   9392.587989 -17084.449795    -19.220960  7  4  3  76       
*  2026  4  1 22  0  0.00000000
PG01   7357.271958  14452.617822 -21054.923732    306.372083  7  5  5  93       
PG02  -4777.252357  15591.893001 -20453.648149     70.080341  5  3  1  88       
PG03  11351.673298  23103.858256  -6974.506030    518.960353  5  4  4  75       
PG04   2270.845234  21032.486351  15984.423447     51.499054  5  5  4  76       
PG05    427.029106 -18867.336252  18501.253672   -231.180298  3  4  2  77       
PG06  26004.493953  -4805.296535   3332.901896   -612.043306  3  2  2  90       
PG07  21330.176475   7854.147668  14676.611034   -168.049940  6  3  4  80       
PG08  -5009.540659  25282.428480  -5443.630133    468.775760  4  2  4  68       
PG09  10501.376385  12654.163865  20746.889603    762.925437  3  2  6  55       
PG10 -18376.227449  -4602.199436 -18489.415961   -590.173447  6  3  5  71       
PG11  17784.436804 -12235.440596  15476.852615   -387.351963  4  1  3  69       
PG12  -7609.539578 -23741.492434  -9452.856770   -608.000097  7  6  5  73       
PG13  13345.369507 -22791.124074   -681.173854    681.250139  5  4  4  70       
PG14  19844.723075   7021.780156 -16284.947133    741.665567  6  5  4  67       
PG15   1285.274158 -25872.004557  -6285.512566    399.390666  6  3  5 100       
PG16  -6901.449484  15403.483579  20006.730916    237.058860  4  5  1  76       
PG17  16956.633404  -2767.366951 -19956.835575   -102.576536  3  5  1  82       
PG18 -22771.703203  -6190.231837  12503.190529   -387.231431  6  6  5  92       
PG19  18353.309786 -11363.362742 -15183.181575    695.712673  5  6  3  84       
PG20   9792.973023 -24713.546571      8.215470     85.664103  4  4  4  36       
PG21   9295.096402 -12589.056676  21463.878106    412.589170  4  3  4  60       
PG22  17193.897893   1251.659730 -19788.948827    -25.223000  6  4  5  80       
PG23 -19746.269455 -15592.445726  -8850.397460    631.146387  8  5  4  93       
PG24  -1480.637111 -16053.714411 -21624.236175    -55.452848  6  4  6  93       
PG25 -17452.536854 -20110.162128   1536.194795    433.095041  7  7  5  86       
PG26 -15323.255450   6165.019909  20622.670853   -348.343883  5  3  5  71       
PG27 -12439.979213  22722.850684   4319.491848    -89.775122  4  4  2  74       
PG28 -25719.107529   5988.805346   2931.916978   -565.170830  6  4  3  72       
PG29  -8549.184206 -14594.978163  20397.870490   -348.149734  1  3  3  84       
PG30  26391.292456   -442.894849   4242.297995    172.821341  3  1  5  88       
PG31 -21429.441935  10500.943418  11691.380196   -158.041401  5  5  3  87       
PG32 -16956.073115   7412.937596 -18706.421903    -19.203701  7  4  3  80       
*  2026  4  1 22 15  0.00000000
PG01   4931.959039  14701.125155 -21577.249085    306.365338  6  5  5  99       
PG02  -7107.168972  16047.330312 -19366.502025     70.087515  5  3  2  94       
PG03  10673.768149  22463.629499  -9677.180398    518.947960  5  4  4  73       
PG04   1439.086946  22534.432582  13876.975705     51.500546  4  5  4  88       
PG05   1982.682243 -17270.969953  19897.036538   -231.180440  3  3  2  84       
PG06  26232.639890  -4665.965493    446.311893   -612.042395  3  3  2  84       
PG07  19695.249833   8276.709739  16645.055365   -168.054217  6  3  4  74       
PG08  -5469.261784  25604.684977  -2647.323695    468.770019  4  3  4  67       
PG09   9636.939090  14824.495909  19701.189683    762.923062  3  1  5  55       
PG10 -19577.075056  -6261.336757 -16739.869512   -590.172857  6  3  5  82       
PG11  19437.439856 -12234.726619  13327.307988   -387.340453  5  2  3  55       
PG12  -6748.801036 -22897.225795 -11938.887165   -608.000026  7  6  6  83       
PG13  13489.875834 -22573.811937   2219.005828    681.248643  4  4  4  57       
PG14  20776.418932   8527.251570 -14322.514877    741.666918  7  4  4  79       
PG15   1673.760032 -26308.968263  -3537.401882    399.393949  6  2  5  88       
PG16  -8347.769601  13449.118387  20869.050911    237.065464  4  5  2  70       
PG17  16041.386196   -542.028208 -20837.948820   -102.585262  3  4  1  91       
PG18 -21267.590694  -6558.004441  14746.531735   -387.222975  5  6  5  94       
PG19  17702.198686  -9613.806803 -17102.355282    695.713634  4  6  2  77       
PG20   9978.970822 -24480.776842   2854.137261     85.682560  3  3  4  81       
PG21  10837.134108 -10655.917100  21788.483183    412.590910  4  3  5  56       
PG22  18339.640751   3209.260583 -18490.835228    -25.217677  6  4  5  85       
PG23 -20186.934273 -16342.880391  -6126.725524    631.150475  8  5  4  90       
PG24    802.476079 -16617.334673 -21187.050827    -55.437303  6  4  5  89       
PG25 -17280.757860 -20330.153411  -1279.143166    433.092575  7  6  5  87       
PG26 -16930.002394   4424.668061  19843.298458   -348.348298  5  3  5  71       
PG27 -12489.828161  21956.421235   7080.212310    -89.788289  4  4  2  77       
PG28 -25933.925566   5774.255010     81.443912   -565.162950  6  4  4  60       
PG29  -7479.858535 -16611.621930  19231.338301   -348.143492  1  2  4  86       
PG30  25834.148828    -53.266430   6936.890972    172.833224  3  1  5  65       
PG31 -22674.385348  10443.227388   9218.638558   -158.039377  6  5  3  74       
PG32 -16276.853540   5241.581184 -19997.375123    -19.186471  7  5  3  97       
*  2026  4  1 22 30  0.00000000
PG01   2484.258155  15080.194420 -21728.758424    306.358584  6  4  5  98       
PG02  -9274.385802  16577.249741 -17929.672471     70.094528  5  3  2  86       
PG03   9764.419422  21642.747974 -12215.671001    518.935560  5  5  4  75       
PG04    773.157817  23840.980429  11529.189023     51.502026  4  5  4  75       
PG05   3722.743898 -15663.271487  20945.047438   -231.180928  3  3  2  78       
PG06  26147.637971  -4476.499969  -2447.879119   -612.041501  4  3  3  77       
PG07  17888.825758   8826.540274  18343.282287   -168.058205  5  2  4  72       
PG08  -5832.257193  25637.544046    195.802426    468.764306  4  3  4  71       
PG09   8925.602780  16904.213737  18313.096962    762.920747  3  1  5  55       
PG10 -20725.449356  -7684.533065 -14700.535876   -590.172466  6  4  5  71       
PG11  20836.220923 -12276.261330  10948.248661   -387.328878  6  2  4  59       
PG12  -5680.750512 -21889.403410 -14222.445298   -607.999998  7  6  6  74       
PG13  13503.001892 -22067.451401   5080.227800    681.247331  4  4  4  80       
PG14  21625.614191   9806.711023 -12115.693145    741.668230  7  4  4  68       
PG15   2002.382318 -26454.811164   -728.719342    399.396810  5  2  5  99       
PG16  -9935.951813  11510.478094  21357.024191    237.072120  4  5  2  71       
PG17  15211.160074   1805.281167 -21349.902735   -102.593755  3  4  2  86       
PG18 -19550.957710  -7054.403588  16739.983424   -387.214527  5  6  6  90       
PG19  17061.443182  -7652.476009 -18722.717008    695.714727  4  6  2  89       
PG20  10086.556090 -23952.163472   5651.105372     85.701026  3  3  4  75       
PG21  12488.568258  -8795.038491  21738.410606    412.592694  4  3  5  75       
PG22  19481.222307   4973.002674 -16862.789139    -25.212359  6  4  5  76       
PG23 -20453.418246 -16839.482220  -3299.070745    631.154574  8  5  5  84       
PG24   2995.665990 -17272.212258 -20400.401890    -55.421745  6  4  5  83       
PG25 -16904.972326 -20329.223340  -4072.874195    433.090169  7  6  6  89       
PG26 -18533.222554   2837.160930  18718.453699   -348.352743  6  3  5  72       
PG27 -12490.173466  20895.132251   9714.456073    -89.801452  4  4  2  79       
PG28 -25846.401169   5493.501934  -2770.428436   -565.155157  7  4  4  54       
PG29  -6572.192362 -18541.198145  17731.266277   -348.137047  2  2  4  83       
PG30  25009.549692    427.857050   9514.609489    172.845096  3  1  4  64       
PG31 -23635.292197  10396.472869   6588.118848   -158.036952  6  5  3  82       
PG32 -15674.810991   2915.682514 -20934.414684    -19.169208  7  5  3  67       
*  2026  4  1 22 45  0.00000000
PG01     62.541916  15584.531925 -21506.611064    306.351848  6  4  4  83       
PG02 -11241.049179  17149.940979 -16168.523539     70.101565  5  3  3  85       
PG03   8614.460000  20683.268510 -14547.251097    518.923145  5  5  4  82       
PG04    253.539680  24914.096440   8981.493238     51.503509  4  5  4  81       
PG05   5622.838313 -14087.975271  21626.809700   -231.181449  3  3  3  75       
PG06  25759.305278  -4198.739122  -5300.311058   -612.040620  5  4  3  77       
PG07  15950.685497   9517.267644  19744.289981   -168.062192  4  3  4  85       
PG08  -6132.232387  25368.900892   3035.435797    468.758553  4  3  4  66       
PG09   8361.684139  18846.325091  16606.734032    762.918401  3  2  5  46       
PG10 -21776.357847  -8863.661390 -12407.787280   -590.172005  5  4  6  84       
PG11  21959.144594 -12324.480245   8380.478919   -387.317326  7  2  4  61       
PG12  -4400.424978 -20759.428261 -16265.477547   -607.999888  7  6  6  75       
PG13  13422.482090 -21262.835540   7852.036399    681.245837  4  4  4  65       
PG14  22352.439224  10857.656644  -9702.614863    741.669615  7  4  3  76       
PG15   2305.644700 -26299.085760   2092.480495    399.399834  5  2  5  91       
PG16 -11639.843007   9631.531438  21462.946374    237.078556  3  6  3  83       
PG17  14489.422174   4230.215182 -21482.504311   -102.601977  3  4  3  91       
PG18 -17661.328927  -7698.345991  18449.451330   -387.206045  5  6  6  86       
PG19  16466.582337  -5509.490142 -20017.297076    695.716129  4  5  3  98       
PG20  10153.408138 -23126.986843   8351.212476     85.719449  2  3  5  72       
PG21  14216.254028  -7042.701993  21314.635564    412.594474  4  2  5  66       
PG22  20576.350105   6522.302055 -14933.877374    -25.206840  6  4  6  77       
PG23 -20510.714107 -17101.532742   -415.496175    631.158596  8  5  5  81       
PG24   5061.472822 -17994.766841 -19275.738044    -55.406206  5  4  4  97       
PG25 -16304.081535 -20137.073867  -6798.025426    433.087725  7  5  6  87       
PG26 -20091.934221   1420.387395  17269.059437   -348.357172  6  3  5  79       
PG27 -12478.565620  19548.367186  12174.723332    -89.814516  4  5  2  90       
PG28 -25468.665595   5111.222414  -5574.660513   -565.147339  7  4  4  52       
PG29  -5823.443345 -20337.165605  15923.416735   -348.130607  2  2  4  76       
PG30  23942.286964   1027.963237  11932.242196    172.856982  4  1  4  75       
PG31 -24302.445743  10324.030342   3845.292468   -158.034895  6  4  3  65       
PG32 -15175.602418    478.293922 -21501.083961    -19.151881  7  5  4  87       
*  2026  4  1 23  0  0.00000000
PG01  -2286.314246  16200.950833 -20914.384850    306.345047  6  4  4  84       
PG02 -12976.608129  17728.846487 -14114.645829     70.108804  5  3  3  91       
PG03   7223.345947  19629.493114 -16632.770721    518.910766  6  5  4  96       
PG04   -145.773594  25721.796967   6277.904017     51.505050  4  5  4  83       
PG05   7650.992392 -12584.776112  21930.340434   -231.181659  4  3  3  78       
PG06  25086.096432  -3797.504399  -8062.242627   -612.039786  6  4  3  87       
PG07  13923.125931  10355.331627  20825.673581   -168.066343  4  3  5  85       
PG08  -6404.777780  24795.513824   5821.097343    468.752809  4  4  4  70       
PG09   7931.621872  20606.960395  14611.803708    762.916054  3  2  5  64       
PG10 -22685.767498  -9799.797639  -9902.047734   -590.171520  5  4  6  76       
PG11  22792.952506 -12341.443649   5668.135435   -387.305869  7  2  4  88       
PG12  -2910.945875 -19550.158577 -18034.121594   -608.000094  7  6  6  69       
PG13  13287.992622 -20160.026640  10485.313680    681.244597  4  4  4  87       
PG14  22918.776324  11685.680638  -7124.710258    741.670941  7  4  2  72       
PG15   2619.122318 -25839.852464   4877.295798    399.402526  4  2  5  92       
PG16 -13426.549311   7851.481355  21186.230532    237.085322  4  6  3  75       
PG17  13892.315634   6684.566928 -21232.473901   -102.610492  4  4  4  84       
PG18 -15642.416970  -8501.352727  19845.512376   -387.197575  5  5  6  93       
PG19  15948.127756  -3221.414433 -20965.059703    695.717023  4  5  3  98       
PG20  10217.242601 -22013.254707  10908.272871     85.737907  2  3  5  80       
PG21  15981.708276  -5429.058170  20524.546651    412.596284  5  2  5  79       
PG22  21581.459711   7845.203547 -12738.699346    -25.201697  6  4  6  68       
PG23 -20329.387176 -17155.463090   2475.120511    631.162658  7  5  6  89       
PG24   6967.103681 -18755.664206 -17830.037208    -55.390656  5  3  4 102       
PG25 -15463.844168 -19787.988598  -9409.138918    433.085280  7  4  7  86       
PG26 -21564.164927    184.342239  15521.510230   -348.361605  6  3  5  68       
PG27 -12491.044833  17934.595084  14416.542227    -89.827643  4  5  2  77       
PG28 -24821.011467   4595.534802  -8283.026105   -565.139549  7  5  3  79       
PG29  -5222.884814 -21955.614323  13838.982420   -348.124335  3  1  5  81       
PG30  22663.275708   1769.404896  14149.314387    172.868821  4  1  4  57       
PG31 -24674.758164  10188.826630   1037.159537   -158.033066  6  4  4  47       
PG32 -14797.682164  -2023.162457 -21687.670288    -19.134600  7  5  4  99       
*  2026  4  1 23 15  0.00000000
PG01  -4518.543751  16908.842885 -19962.031485    306.338270  5  3  5  94       
PG02 -14458.880030  18274.129287 -11805.221663     70.115805  5  4  4  87       
PG03   5599.342125  18526.261821 -18437.264744    518.898362  6  5  4 100       
PG04   -456.071599  26239.369496   3465.253475     51.506620  4  5  4  90       
PG05   9768.711926 -11187.854767  21850.373817   -231.182148  4  3  3  68       
PG06  24154.397948  -3242.146626 -10686.367264   -612.038888  6  4  3  83       
PG07  11849.573031  11339.638329  21569.902949   -168.070566  4  4  5  81       
PG08  -6685.727517  23923.230975   8503.124990    468.747082  4  4  4  77       
PG09   7614.664626  22146.952805  12363.054876    762.913701  3  2  5  55       
PG10 -23412.308558 -10502.903259  -7227.034814   -590.171020  5  4  6  55       
PG11  23333.161386 -12288.459827   2857.931463   -387.294322  7  2  4  79       
PG12  -1223.555679 -18304.293226 -19499.201997   -607.999823  6  6  6  72       
PG13  13139.411912 -18768.537180  12933.224440    681.243244  4  4  4  83       
PG14  23289.744562  12304.028951  -4426.001516    741.672246  7  4  1  71       
PG15   2977.873288 -25083.895030   7576.834256    399.405729  4  2  5  95       
PG16 -15257.662412   6203.365204  20533.324470    237.091470  4  7  4  75       
PG17  13428.023808   9117.993199 -20603.575262   -102.619001  3  4  4  91       
PG18 -13540.594337  -9466.937069  20903.919950   -387.189056  5  5  7  88       
PG19  15530.387924   -829.984125 -21551.175316    695.718143  4  5  4  94       
PG20  10314.190481 -20627.485100  13278.598852     85.756383  2  3  5  87       
PG21  17742.475293  -3977.129376  19381.812476    412.598052  6  2  5  64       
PG22  22453.485535   8938.636192 -10316.691187    -25.196294  6  4  6  53       
PG23 -19886.791891 -17033.686147   5323.878829    631.166736  7  5  6  90       
PG24   8685.502078 -19520.846377 -16085.668238    -55.375157  5  3  4  96       
PG25 -14377.513027 -19319.408648 -11862.956073    433.082805  7  4  7  81       
PG26 -22908.509933   -869.000522  13507.120248   -348.366044  6  4  5  70       
PG27 -12560.500652  16080.803289  16399.388447    -89.840765  4  5  2  82       
PG28 -23931.085341   3919.431547 -10848.940658   -565.131792  8  5  3  71       
PG29  -4752.387857 -23356.875765  11514.044731   -348.117750  4  1  5  80       
PG30  21208.426645   2668.383690  16128.709728    172.880657  4  1  4  68       
PG31 -24759.645484   9954.944148  -1788.543031   -158.030830  6  4  4  37       
PG32 -14551.579427  -4538.589668 -21491.368211    -19.117318  7  4  5  82       
*  2026  4  1 23 30  0.00000000
PG01  -6594.982577  17680.951443 -18665.722174    306.331490  5  2  6  89       
PG02 -15674.760145  18744.398673  -9282.252042     70.122948  6  4  4  76       
PG03   3759.381780  17417.243439 -19930.492226    518.885977  6  5  4  98       
PG04   -712.507857  26450.324068    592.362656     51.508074  4  5  5  86       
PG05  11932.325661  -9924.636204  21388.454376   -231.182671  3  3  3  54       
PG06  22997.531108  -2507.926941 -13127.612431   -612.037993  6  4  3  82       
PG07   9773.167307  12461.476363  21964.555000   -168.074673  4  4  5  79       
PG08  -7009.502543  22766.852684  11033.652003    468.741375  4  5  4  70       
PG09   7383.850841  23433.241832   9899.655731    762.911318  3  2  5  24       
PG10 -23918.865601 -10991.175566  -4428.970549   -590.170589  5  4  6  53       
PG11  23584.131032 -12127.750558     -1.649722   -387.282824  7  2  4  79       
PG12    642.645693 -17062.788582 -20636.647972   -607.999687  6  6  6  69       
PG13  13015.068090 -17107.134830  15152.129794    681.241765  4  4  4  73       
PG14  23435.065929  12732.881284  -1652.368781    741.673571  7  4  1  81       
PG15   3414.837310 -24046.606807  10143.113509    399.408845  4  3  5  90       
PG16 -17090.710006   4712.938320  19517.475915    237.097960  5  7  5  81       
PG17  13096.476710  11479.845082 -19606.591715   -102.627585  3  4  5  88       
PG18 -11403.268014 -10590.298569  21606.034548   -387.180568  6  5  7  92       
PG19  15230.565125   1619.352450 -21767.171204    695.719422  4  5  5  95       
PG20  10477.248490 -18994.175430  15421.731376     85.774872  2  3  5  89       
PG21  19453.655279  -2702.094983  17906.142042    412.599830  6  2  5  50       
PG22  23151.618790   9808.297560  -7711.328127    -25.191401  6  4  6  80       
PG23 -19168.041341 -16773.217920   8082.641340    631.170789  6  5  6  94       
PG24  10196.229114 -20252.764939 -14070.171809    -55.359598  5  3  4  92       
PG25 -13046.197924 -18770.422786 -14119.049899    433.080386  7  3  7  78       
PG26 -24085.659746  -1745.498432  11261.502349   -348.370433  6  4  5  70       
PG27 -12715.166988  14021.574722  18087.523498    -89.853877  3  6  2  78       
PG28 -22832.809345   3062.024550 -13228.261701   -565.123968  8  5  4  79       
PG29  -4387.304078 -24506.980545   8988.938571   -348.111424  4  1  6  86       
PG30  19617.351282   3734.165259  17837.240208    172.892503  4  1  4  33       
PG31 -24572.598910   9589.142644  -4584.120819   -158.028651  7  3  4  47       
PG32 -14439.516741  -7017.015116 -20916.297836    -19.100059  6  4  5  75       
*  2026  4  1 23 45  0.00000000
PG01  -8482.387686  18484.417145 -17047.584990    306.324743  6  2  6  88       
PG02 -16620.542894  19098.513530  -6591.669012     70.130036  6  4  4  87       
PG03   1728.606538  16343.287827 -21087.401907    518.873574  7  5  3  93       
PG04   -952.521982  26347.035309  -2290.828368     51.509599  5  5  5  87       
PG05  14094.542858  -8814.830736  20552.898526   -231.183207  3  3  4  74       
PG06  21654.499289  -1577.177586 -15343.909428   -612.037128  6  5  4  89       
PG07   7735.363812  13704.697200  22002.500674   -168.078758  5  4  5  85       
PG08  -7407.511303  21349.632311  13367.553838    468.735655  4  5  4  65       
PG09   7207.240084  24440.045190   7264.487153    762.908918  3  3  5  75       
PG10 -24173.998307 -11290.098766  -1555.776896   -590.170167  5  4  7  70       
PG11  23558.798462 -11824.093032  -2861.198046   -387.271353  7  3  4  62       
PG12   2661.252313 -15863.362499 -21427.831691   -607.999943  7  6  6  85       
PG13  12950.049041 -15203.274787  17102.445683    681.240098  4  5  4  79       
PG14  23330.263804  12998.381462   1149.201518    741.674934  7  4  1  84       
PG15   3959.288279 -22751.540240  12529.986905    399.411701  4  4  5  97       
PG16 -18880.763569   3397.882022  18158.359415    237.104545  5  7  5  83       
PG17  12889.415789  13721.025780 -18259.145374   -102.636110  3  4  5  88       
PG18  -9277.215621 -11858.338032  21939.171766   -387.172063  6  4  7  85       
PG19  15058.153497   4079.012178 -21610.965544    695.720284  4  4  6  96       
PG20  10734.859883 -17144.978566  17301.113878     85.793316  2  3  5  92       
PG21  21069.537177  -1610.885757  16122.943203    412.601629  7  3  6  61       
PG22  23638.975741  10468.175553  -4969.247851    -25.185953  6  4  6  81       
PG23 -18166.695322 -16414.139654  10704.803572    631.174896  6  6  6  99       
PG24  11486.120022 -20911.781072 -11815.953867    -55.344041  5  3  5  88       
PG25 -11478.946978 -18180.226144 -16140.401536    433.077945  7  2  8  84       
PG26 -25059.838911  -2458.351178   8823.894139   -348.374833  6  5  5  84       
PG27 -12977.322059  11797.848444  19450.726324    -89.866999  4  6  2  78       
PG28 -21565.073482   2009.554893 -15380.047593   -565.116166  8  5  4  81       
PG29  -4097.613767 -25378.904993   6307.535692   -348.105046  5  2  6  83       
PG30  17931.945770   4968.553099  19246.158941    172.904336  5  2  4  73       
PG31 -24136.474548   9062.268786  -7302.678302   -158.026456  7  4  4  71       
PG32 -14455.383131  -9408.418046 -19973.380368    -19.082792  7  4  6  80       
EOF
