PRN,Timestamp,X_km,Y_km,Z_km
PG01,2026-04-01 00:00:0.00000000,-9713.261534,19066.457187,-15690.018572
PG02,2026-04-01 00:00:0.00000000,-17132.283335,19265.312731,-4571.725706
PG03,2026-04-01 00:00:0.00000000,159.625776,15608.763721,-21703.4826
PG04,2026-04-01 00:00:0.00000000,-1143.065254,26074.058992,-4371.098134
PG05,2026-04-01 00:00:0.00000000,15646.27431,-8106.077482,19714.358772
PG06,2026-04-01 00:00:0.00000000,20585.945181,-773.73039,-16791.566784
PG07,2026-04-01 00:00:0.00000000,6308.314337,14665.596427,21806.662171
PG08,2026-04-01 00:00:0.00000000,-7761.746208,20170.556122,14918.85524
PG09,2026-04-01 00:00:0.00000000,7084.492603,24991.279085,5254.564567
PG10,2026-04-01 00:00:0.00000000,-24188.310833,-11404.198795,551.195554
PG11,2026-04-01 00:00:0.00000000,23376.436749,-11505.106766,-4900.103326
PG12,2026-04-01 00:00:0.00000000,4222.606744,-15030.416319,-21779.416987
PG13,2026-04-01 00:00:0.00000000,12957.106659,-13687.716515,18331.319026
PG14,2026-04-01 00:00:0.00000000,23087.31988,13105.283286,3174.869741
PG15,2026-04-01 00:00:0.00000000,4440.399211,-21662.8995,14130.214653
PG16,2026-04-01 00:00:0.00000000,-20129.299885,2558.362265,16968.720035
PG17,2026-04-01 00:00:0.00000000,12811.961781,15237.615374,-17079.887449
PG18,2026-04-01 00:00:0.00000000,-7768.817397,-12855.346226,21946.579691
PG19,2026-04-01 00:00:0.00000000,15012.732707,5855.482422,-21264.49209
PG20,2026-04-01 00:00:0.00000000,11001.141406,-15674.451087,18489.680266
PG21,2026-04-01 00:00:0.00000000,22168.547781,-918.857332,14636.805798
PG22,2026-04-01 00:00:0.00000000,23844.124969,10823.341158,-2923.800438
PG23,2026-04-01 00:00:0.00000000,-17256.344939,-16116.255678,12506.306212
PG24,2026-04-01 00:00:0.00000000,12278.757255,-21322.068329,-10052.061734
PG25,2026-04-01 00:00:0.00000000,-10192.483899,-17747.522989,-17447.862542
PG26,2026-04-01 00:00:0.00000000,-25624.662133,-2893.064633,6945.248888
PG27,2026-04-01 00:00:0.00000000,-13244.136646,10105.670991,20223.098069
PG28,2026-04-01 00:00:0.00000000,-20568.396494,1134.544021,-16770.348624
PG29,2026-04-01 00:00:0.00000000,-3907.442772,-25829.746522,4276.433678
PG30,2026-04-01 00:00:0.00000000,16662.599308,5978.238568,20073.201489
PG31,2026-04-01 00:00:0.00000000,-23679.82531,8575.777638,-9193.188944
PG32,2026-04-01 00:00:0.00000000,-14537.469561,-11076.470927,-19061.813989
PG01,2026-04-01 00:15:0.00000000,-11217.343121,19835.318868,-13584.876106
PG02,2026-04-01 00:15:0.00000000,-17630.999148,19330.057045,-1708.129246
PG03,2026-04-01 00:15:0.00000000,-2120.158015,14678.389544,-22237.987611
PG04,2026-04-01 00:15:0.00000000,-1443.809787,25436.208105,-7154.062423
PG05,2026-04-01 00:15:0.00000000,17689.500273,-7283.205578,18271.18854
PG06,2026-04-01 00:15:0.00000000,19024.78897,514.414682,-18531.744957
PG07,2026-04-01 00:15:0.00000000,4425.146206,16060.588619,21228.740567
PG08,2026-04-01 00:15:0.00000000,-8348.063867,18379.067342,16817.710979
PG09,2026-04-01 00:15:0.00000000,6916.465478,25477.502562,2431.622831
PG10,2026-04-01 00:15:0.00000000,-23955.911846,-11453.351426,3439.042439
PG11,2026-04-01 00:15:0.00000000,22928.351937,-10885.210475,-7644.052459
PG12,2026-04-01 00:15:0.00000000,6423.793663,-13978.282216,-21943.563566
PG13,2026-04-01 00:15:0.00000000,13062.419508,-11451.904668,19739.201097
PG14,2026-04-01 00:15:0.00000000,22513.27983,13163.678649,5913.423802
PG15,2026-04-01 00:15:0.00000000,5223.91719,-19998.812512,16106.793126
PG16,2026-04-01 00:15:0.00000000,-21737.945068,1562.822451,15080.197423
PG17,2026-04-01 00:15:0.00000000,12778.268006,17166.331749,-15188.593747
PG18,2026-04-01 00:15:0.00000000,-5764.921936,-14319.622189,21631.484073
PG19,2026-04-01 00:15:0.00000000,15059.194288,8220.083618,-20478.047665
PG20,2026-04-01 00:15:0.00000000,11471.504633,-13543.356128,19839.562297
PG21,2026-04-01 00:15:0.00000000,23514.020136,-137.669942,12396.012552
PG22,2026-04-01 00:15:0.00000000,23897.797688,11175.560449,-61.574913
PG23,2026-04-01 00:15:0.00000000,-15776.973463,-15684.426237,14789.15656
PG24,2026-04-01 00:15:0.00000000,13179.027077,-21761.437583,-7474.808378
PG25,2026-04-01 00:15:0.00000000,-8261.072836,-17173.381168,-18987.500298
PG26,2026-04-01 00:15:0.00000000,-26177.670582,-3372.880771,4276.291833
PG27,2026-04-01 00:15:0.00000000,-13723.484705,7707.622141,20972.386393
PG28,2026-04-01 00:15:0.00000000,-19109.814993,-263.376666,-18446.337226
PG29,2026-04-01 00:15:0.00000000,-3666.260825,-26180.01239,1435.83477
PG30,2026-04-01 00:15:0.00000000,14913.987578,7485.650983,20910.137316
PG31,2026-04-01 00:15:0.00000000,-22886.485264,7719.019602,-11674.006913
PG32,2026-04-01 00:15:0.00000000,-14736.5827,-13208.059197,-17527.151775
PG01,2026-04-01 00:30:0.00000000,-12479.646715,20528.367844,-11245.134468
PG02,2026-04-01 00:30:0.00000000,-17895.243307,19181.818539,1186.066235
PG03,2026-04-01 00:30:0.00000000,-4487.598941,13868.49569,-22397.070045
PG04,2026-04-01 00:30:0.00000000,-1828.431584,24509.643293,-9812.531996
PG05,2026-04-01 00:30:0.00000000,19597.764469,-6624.363777,16509.797433
PG06,2026-04-01 00:30:0.00000000,17400.487205,2005.260102,-19953.148922
PG07,2026-04-01 00:30:0.00000000,2674.614465,17499.60959,20302.476755
PG08,2026-04-01 00:30:0.00000000,-9067.877126,16425.370396,18417.628931
PG09,2026-04-01 00:30:0.00000000,6702.091349,25656.991422,-433.411311
PG10,2026-04-01 00:30:0.00000000,-23423.908203,-11409.35281,6269.128758
PG11,2026-04-01 00:30:0.00000000,22276.989181,-10051.18401,-10255.645822
PG12,2026-04-01 00:30:0.00000000,8675.398156,-13044.486961,-21740.107011
PG13,2026-04-01 00:30:0.00000000,13294.575801,-9084.211746,20797.060336
PG14,2026-04-01 00:30:0.00000000,21658.910209,13150.31033,8552.250376
PG15,2026-04-01 00:30:0.00000000,6165.381867,-18175.385118,17794.75799
PG16,2026-04-01 00:30:0.00000000,-23182.165508,747.509283,12930.432138
PG17,2026-04-01 00:30:0.00000000,12809.528499,18862.436293,-13026.32107
PG18,2026-04-01 00:30:0.00000000,-3883.808824,-15854.5305,20944.788052
PG19,2026-04-01 00:30:0.00000000,15218.585418,10467.379155,-19345.301576
PG20,2026-04-01 00:30:0.00000000,12081.774249,-11309.782628,20850.345606
PG21,2026-04-01 00:30:0.00000000,24648.553177,482.296136,9942.397247
PG22,2026-04-01 00:30:0.00000000,23671.345809,11390.720903,2801.765292
PG23,2026-04-01 00:30:0.00000000,-14042.39231,-15265.680054,16821.845449
PG24,2026-04-01 00:30:0.00000000,13861.746218,-22021.616269,-4768.321032
PG25,2026-04-01 00:30:0.00000000,-6156.311721,-16653.610609,-20212.65419
PG26,2026-04-01 00:30:0.00000000,-26457.807588,-3755.496201,1535.163533
PG27,2026-04-01 00:30:0.00000000,-14333.609696,5276.329137,21346.702139
PG28,2026-04-01 00:30:0.00000000,-17600.608346,-1852.944942,-19804.952031
PG29,2026-04-01 00:30:0.00000000,-3402.737896,-26220.530607,-1429.721704
PG30,2026-04-01 00:30:0.00000000,13185.086146,9127.601552,21394.950561
PG31,2026-04-01 00:30:0.00000000,-21935.299872,6651.705985,-13959.827377
PG32,2026-04-01 00:30:0.00000000,-15008.301052,-15134.748574,-15686.573477
PG01,2026-04-01 00:45:0.00000000,-13496.347481,21104.399302,-8711.105535
PG02,2026-04-01 00:45:0.00000000,-17952.589302,18795.215926,4059.184704
PG03,2026-04-01 00:45:0.00000000,-6895.754609,13197.541923,-22177.749011
PG04,2026-04-01 00:45:0.00000000,-2328.178121,23319.691935,-12300.281816
PG05,2026-04-01 00:45:0.00000000,21325.739373,-6117.661462,14461.294799
PG06,2026-04-01 00:45:0.00000000,15759.307884,3684.752213,-21030.828058
PG07,2026-04-01 00:45:0.00000000,1081.002659,18944.623065,19041.279585
PG08,2026-04-01 00:45:0.00000000,-9930.158307,14354.552782,19690.828763
PG09,2026-04-01 00:45:0.00000000,6404.412879,25536.431098,-3290.962542
PG10,2026-04-01 00:45:0.00000000,-22590.425054,-11312.764655,8994.177447
PG11,2026-04-01 00:45:0.00000000,21459.749097,-8989.581653,-12689.610894
PG12,2026-04-01 00:45:0.00000000,10932.740761,-12244.310449,-21172.359986
PG13,2026-04-01 00:45:0.00000000,13664.742462,-6634.02741,21486.450495
PG14,2026-04-01 00:45:0.00000000,20528.019826,13101.98627,11046.871073
PG15,2026-04-01 00:45:0.00000000,7269.564022,-16237.387206,19162.728714
PG16,2026-04-01 00:45:0.00000000,-24422.669273,98.936833,10557.964709
PG17,2026-04-01 00:45:0.00000000,12873.287353,20297.171032,-10632.083388
PG18,2026-04-01 00:45:0.00000000,-2156.33403,-17421.481224,19897.464876
PG19,2026-04-01 00:45:0.00000000,15471.67179,12556.033022,-17886.567922
PG20,2026-04-01 00:45:0.00000000,12834.503443,-9020.905456,21504.756367
PG21,2026-04-01 00:45:0.00000000,25537.804994,963.03524,7318.095441
PG22,2026-04-01 00:45:0.00000000,23153.813204,11504.33514,5616.138805
PG23,2026-04-01 00:45:0.00000000,-12078.458681,-14896.931968,18569.744855
PG24,2026-04-01 00:45:0.00000000,14342.107445,-22068.935906,-1978.833016
PG25,2026-04-01 00:45:0.00000000,-3912.994906,-16215.158817,-21103.108283
PG26,2026-04-01 00:45:0.00000000,-26452.311029,-4073.001432,-1231.804673
PG27,2026-04-01 00:45:0.00000000,-15068.069588,2861.903674,21340.505722
PG28,2026-04-01 00:45:0.00000000,-16084.336289,-3617.404563,-20822.778469
PG29,2026-04-01 00:45:0.00000000,-3079.972446,-25956.368652,-4270.448998
PG30,2026-04-01 00:45:0.00000000,11513.223401,10878.170523,21518.885784
PG31,2026-04-01 00:45:0.00000000,-20866.558047,5369.146588,-16012.773067
PG32,2026-04-01 00:45:0.00000000,-15320.871172,-16824.571567,-13573.09758
PG01,2026-04-01 01:00:0.00000000,-14272.121527,21523.80032,-6026.509056
PG02,2026-04-01 01:00:0.00000000,-17836.468887,18152.247038,6860.449439
PG03,2026-04-01 01:00:0.00000000,-9295.177023,12675.848204,-21583.317869
PG04,2026-04-01 01:00:0.00000000,-2968.98986,21898.966034,-14574.117527
PG05,2026-04-01 01:00:0.00000000,22832.688783,-5743.545576,12161.727117
PG06,2026-04-01 01:00:0.00000000,14145.418426,5530.372593,-21745.693551
PG07,2026-04-01 01:00:0.00000000,-338.257757,20354.28477,17464.038867
PG08,2026-04-01 01:00:0.00000000,-10936.037891,12213.932221,20615.610764
PG09,2026-04-01 01:00:0.00000000,5989.001696,25131.139502,-6091.701335
PG10,2026-04-01 01:00:0.00000000,-21462.464081,-11204.376062,11568.850312
PG11,2026-04-01 01:00:0.00000000,20517.477697,-7695.095415,-14903.749605
PG12,2026-04-01 01:00:0.00000000,13149.467315,-11585.297288,-20249.582993
PG13,2026-04-01 01:00:0.00000000,14175.738833,-4152.756306,21795.671129
PG14,2026-04-01 01:00:0.00000000,19132.565946,13054.842578,13355.192652
PG15,2026-04-01 01:00:0.00000000,8532.9499,-14231.705263,20185.144872
PG16,2026-04-01 01:00:0.00000000,-25425.294814,-403.513799,8004.706743
PG17,2026-04-01 01:00:0.00000000,12933.557922,21450.132997,-8048.982457
PG18,2026-04-01 01:00:0.00000000,-606.164247,-18977.762595,18506.763184
PG19,2026-04-01 01:00:0.00000000,15792.870717,14449.829034,-16127.385621
PG20,2026-04-01 01:00:0.00000000,13724.160648,-6724.393077,21791.568129
PG21,2026-04-01 01:00:0.00000000,26153.859148,1332.428292,4568.163289
PG22,2026-04-01 01:00:0.00000000,22342.956889,11554.200192,8332.757149
PG23,2026-04-01 01:00:0.00000000,-9918.478426,-14610.51691,20002.905703
PG24,2026-04-01 01:00:0.00000000,14641.935355,-21874.97215,845.303976
PG25,2026-04-01 01:00:0.00000000,-1570.70294,-15878.909647,-21643.972597
PG26,2026-04-01 01:00:0.00000000,-26156.187198,-4359.480925,-3978.13614
PG27,2026-04-01 01:00:0.00000000,-15912.504604,512.630538,20955.286446
PG28,2026-04-01 01:00:0.00000000,-14601.936959,-5532.178017,-21482.258336
PG29,2026-04-01 01:00:0.00000000,-2663.08529,-25401.37371,-7037.055318
PG30,2026-04-01 01:00:0.00000000,9931.225635,12705.30234,21279.1316
PG31,2026-04-01 01:00:0.00000000,-19721.87327,3874.604457,-17798.808608
PG32,2026-04-01 01:00:0.00000000,-15638.393715,-18253.369972,-11224.303707
PG01,2026-04-01 01:15:0.00000000,-14819.780694,21750.166511,-3237.712564
PG02,2026-04-01 01:15:0.00000000,-17584.613368,17243.082348,9540.945021
PG03,2026-04-01 01:15:0.00000000,-11635.592167,12305.251944,-20623.319392
PG04,2026-04-01 01:15:0.00000000,-3770.290488,20286.13683,-16594.645506
PG05,2026-04-01 01:15:0.00000000,24083.931992,-5475.761283,9651.403098
PG06,2026-04-01 01:15:0.00000000,12599.249043,7511.803321,-22084.883283
PG07,2026-04-01 01:15:0.00000000,-1573.133498,21685.36421,15594.981937
PG08,2026-04-01 01:15:0.00000000,-12078.644893,10051.298277,21176.710837
PG09,2026-04-01 01:15:0.00000000,5425.487209,24464.406692,-8787.404234
PG10,2026-04-01 01:15:0.00000000,-20055.710412,-11123.533389,13950.425145
PG11,2026-04-01 01:15:0.00000000,19492.834443,-6170.966162,-16859.686011
PG12,2026-04-01 01:15:0.00000000,15279.109284,-11067.060396,-18986.85868
PG13,2026-04-01 01:15:0.00000000,14821.869779,-1691.948313,21719.955526
PG14,2026-04-01 01:15:0.00000000,17492.338395,13042.839457,15438.175594
PG15,2026-04-01 01:15:0.00000000,9943.658974,-12205.554484,20842.854249
PG16,2026-04-01 01:15:0.00000000,-26162.207179,-786.52658,5315.152605
PG17,2026-04-01 01:15:0.00000000,12952.44,22309.897437,-5323.330554
PG18,2026-04-01 01:15:0.00000000,750.987602,-20478.101271,16795.96465
PG19,2026-04-01 01:15:0.00000000,16151.316002,16118.810386,-14098.05352
PG20,2026-04-01 01:15:0.00000000,14737.238951,-4466.755592,21705.792216
PG21,2026-04-01 01:15:0.00000000,26476.272897,1622.969022,1739.808586
PG22,2026-04-01 01:15:0.00000000,21245.359186,11578.712887,10904.984847
PG23,2026-04-01 01:15:0.00000000,-7602.138893,-14432.876871,21096.563226
PG24,2026-04-01 01:15:0.00000000,14788.72751,-21417.859259,3654.465507
PG25,2026-04-01 01:15:0.00000000,827.458427,-15658.893724,-21825.91003
PG26,2026-04-01 01:15:0.00000000,-25572.379217,-4649.537947,-6657.932154
PG27,2026-04-01 01:15:0.00000000,-16845.209604,-1726.757314,20199.434353
PG28,2026-04-01 01:15:0.00000000,-13190.2203,-7565.626179,-21771.994054
PG29,2026-04-01 01:15:0.00000000,-2120.786359,-24577.604093,-9681.621121
PG30,2026-04-01 01:15:0.00000000,8466.291902,14571.84176,20678.913156
PG31,2026-04-01 01:15:0.00000000,-18542.638117,2179.352023,-19288.240846
PG32,2026-04-01 01:15:0.00000000,-15922.356588,-19405.505741,-8681.603824
PG01,2026-04-01 01:30:0.00000000,-15159.594273,21751.807709,-392.921469
PG02,2026-04-01 01:30:0.00000000,-17237.358767,16066.519033,12054.500611
PG03,2026-04-01 01:30:0.00000000,-13867.621962,12079.091363,-19313.427526
PG04,2026-04-01 01:30:0.00000000,-4744.041317,18524.484668,-18326.968785
PG05,2026-04-01 01:30:0.00000000,25052.072836,-5282.577183,6974.149501
PG06,2026-04-01 01:30:0.00000000,11156.005848,9591.90471,-22042.021098
PG07,2026-04-01 01:30:0.00000000,-2621.27607,22894.277206,13463.449355
PG08,2026-04-01 01:30:0.00000000,-13343.286503,7913.161117,21365.513491
PG09,2026-04-01 01:30:0.00000000,4688.923489,23566.540347,-11331.786071
PG10,2026-04-01 01:30:0.00000000,-18394.036858,-11106.540684,16099.426429
PG11,2026-04-01 01:30:0.00000000,18428.601735,-4429.061741,-18523.545172
PG12,2026-04-01 01:30:0.00000000,17276.659809,-10681.384146,-17404.885039
PG13,2026-04-01 01:30:0.00000000,15589.121833,698.562429,21261.51154
PG14,2026-04-01 01:30:0.00000000,15634.363227,13096.344802,17260.459835
PG15,2026-04-01 01:30:0.00000000,11481.730146,-10204.67347,21123.557459
PG16,2026-04-01 01:30:0.00000000,-26612.844911,-1081.571516,2535.58329
PG17,2026-04-01 01:30:0.00000000,12891.810465,22874.274423,-2503.721897
PG18,2026-04-01 01:30:0.00000000,1907.817429,-21876.347289,14794.029788
PG19,2026-04-01 01:30:0.00000000,16512.115999,17540.18561,-11833.110531
PG20,2026-04-01 01:30:0.00000000,15852.680713,-2291.742256,21248.766953
PG21,2026-04-01 01:30:0.00000000,26492.851008,1870.31142,-1118.414803
PG22,2026-04-01 01:30:0.00000000,19876.201883,11615.194756,13289.129166
PG23,2026-04-01 01:30:0.00000000,-5174.203653,-14383.474512,21831.568474
PG24,2026-04-01 01:30:0.00000000,14814.449333,-20683.379533,6398.671049
PG25,2026-04-01 01:30:0.00000000,3236.246268,-15561.752179,-21645.297453
PG26,2026-04-01 01:30:0.00000000,-24711.65803,-4976.816049,-9226.571378
PG27,2026-04-01 01:30:0.00000000,-17838.015132,-3816.630954,19087.967822
PG28,2026-04-01 01:30:0.00000000,-11880.532656,-9680.086342,-21686.947545
PG29,2026-04-01 01:30:0.00000000,-1426.796497,-23514.452149,-12158.445815
PG30,2026-04-01 01:30:0.00000000,7139.079991,16436.77596,19727.496111
PG31,2026-04-01 01:30:0.00000000,-17368.501907,302.439368,-20456.16064
PG32,2026-04-01 01:30:0.00000000,-16133.263204,-20274.238207,-5989.463243
PG01,2026-04-01 01:45:0.00000000,-15318.32451,21503.082772,2458.665856
PG02,2026-04-01 01:45:0.00000000,-16835.891278,14630.086731,14358.477657
PG03,2026-04-01 01:45:0.00000000,-15944.487082,11982.517862,-17675.234777
PG04,2026-04-01 01:45:0.00000000,-5894.097675,16660.282837,-19741.295688
PG05,2026-04-01 01:45:0.00000000,25717.947637,-5128.223045,4176.513916
PG06,2026-04-01 01:45:0.00000000,9844.392763,11727.970473,-21617.363458
PG07,2026-04-01 01:45:0.00000000,-3488.02965,23938.680511,11103.581587
PG08,2026-04-01 01:45:0.00000000,-14707.954395,5843.080475,21180.123413
PG09,2026-04-01 01:45:0.00000000,3760.941283,22473.656567,-13681.289601
PG10,2026-04-01 01:45:0.00000000,-16508.725036,-11185.185479,17980.205368
PG11,2026-04-01 01:45:0.00000000,17366.002977,-2489.618091,-19866.550303
PG12,2026-04-01 01:45:0.00000000,19100.110806,-10412.625018,-15529.687687
PG13,2026-04-01 01:45:0.00000000,16455.710691,2972.4319,20429.417969
PG14,2026-04-01 01:45:0.00000000,13592.046156,13240.857053,18790.939926
PG15,2026-04-01 01:45:0.00000000,13119.76791,-8271.583866,21022.092212
PG16,2026-04-01 01:45:0.00000000,-26764.590418,-1323.469573,-286.722906
PG17,2026-04-01 01:45:0.00000000,12715.013076,23150.194701,359.921615
PG18,2026-04-01 01:45:0.00000000,2865.554509,-23127.219122,12535.134584
PG19,2026-04-01 01:45:0.00000000,16837.757701,18698.973642,-9370.769134
PG20,2026-04-01 01:45:0.00000000,17042.602212,-238.848142,20428.143984
PG21,2026-04-01 01:45:0.00000000,26200.115432,2111.694973,-3957.435626
PG22,2026-04-01 01:45:0.00000000,18258.719564,11698.293511,15445.147561
PG23,2026-04-01 01:45:0.00000000,-2683.014432,-14473.975348,22194.738439
PG24,2026-04-01 01:45:0.00000000,14754.126184,-19665.771709,9028.55289
PG25,2026-04-01 01:45:0.00000000,5609.750534,-15586.473176,-21104.318374
PG26,2026-04-01 01:45:0.00000000,-23592.243293,-5372.569189,-11641.379289
PG27,2026-04-01 01:45:0.00000000,-18857.432883,-5723.783923,17642.13152
PG28,2026-04-01 01:45:0.00000000,-10697.643813,-11833.149571,-21228.530198
PG29,2026-04-01 01:45:0.00000000,-561.067479,-22247.495117,-14424.847694
PG30,2026-04-01 01:45:0.00000000,5963.039003,18256.6407,18440.098312
PG31,2026-04-01 01:45:0.00000000,-16235.923383,-1729.81765,-21282.822924
PG32,2026-04-01 01:45:0.00000000,-16232.289629,-20861.760224,-3194.58909
PG01,2026-04-01 02:00:0.00000000,-15328.014232,20985.510129,5267.722279
PG02,2026-04-01 02:00:0.00000000,-16420.507987,12949.811842,16414.450527
PG03,2026-04-01 02:00:0.00000000,-17823.628825,11993.128822,-15735.945133
PG04,2026-04-01 02:00:0.00000000,-7215.892465,14741.080346,-20813.450257
PG05,2026-04-01 02:00:0.00000000,26071.258122,-4974.480404,1306.931151
PG06,2026-04-01 02:00:0.00000000,8685.59364,13873.213771,-20817.828451
PG07,2026-04-01 02:00:0.00000000,-4186.149094,24779.074113,8553.909377
PG08,2026-04-01 02:00:0.00000000,-16144.131026,3880.142131,20625.30049
PG09,2026-04-01 02:00:0.00000000,2630.641263,21226.26489,-15795.819455
PG10,2026-04-01 02:00:0.00000000,-14437.431569,-11385.43995,19561.465452
PG11,2026-04-01 02:00:0.00000000,16343.095923,-380.652864,-20865.527025
PG12,2026-04-01 02:00:0.00000000,20711.89694,-10238.397854,-13392.251811
PG13,2026-04-01 02:00:0.00000000,17392.952863,5088.421514,19239.383306
PG14,2026-04-01 02:00:0.00000000,11404.084879,13495.914434,20003.282022
PG15,2026-04-01 02:00:0.00000000,14823.921491,-6443.995065,20540.546469
PG16,2026-04-01 02:00:0.00000000,-26613.147904,-1548.859314,-3104.260818
PG17,2026-04-01 02:00:0.00000000,12388.475256,23153.237567,3217.305469
PG18,2026-04-01 02:00:0.00000000,3633.747311,-24188.040388,10058.103172
PG19,2026-04-01 02:00:0.00000000,17089.606138,19588.369608,-6752.309877
PG20,2026-04-01 02:00:0.00000000,18273.291873,1658.014338,19257.77131
PG21,2026-04-01 02:00:0.00000000,25603.452712,2384.308931,-6728.503125
PG22,2026-04-01 02:00:0.00000000,16423.361374,11858.522126,17337.26453
PG23,2026-04-01 02:00:0.00000000,-178.853015,-14707.731427,22179.117648
PG24,2026-04-01 02:00:0.00000000,14644.288122,-18368.212249,11496.35379
PG25,2026-04-01 02:00:0.00000000,7902.898057,-15724.412775,-20210.984009
PG26,2026-04-01 02:00:0.00000000,-22239.169949,-5864.329871,-13862.262274
PG27,2026-04-01 02:00:0.00000000,-19866.011104,-7422.468713,15888.882316
PG28,2026-04-01 02:00:0.00000000,-9658.899168,-13979.12903,-20404.582201
PG29,2026-04-01 02:00:0.00000000,489.24785,-20817.121044,-16441.902397
PG30,2026-04-01 02:00:0.00000000,4944.016111,19987.041798,16837.706093
PG31,2026-04-01 02:00:0.00000000,-15176.847861,-3884.61297,-21753.961663
PG32,2026-04-01 02:00:0.00000000,-16182.905443,-21178.899348,-345.102998
PG01,2026-04-01 02:15:0.00000000,-15224.574935,20188.609575,7985.659195
PG02,2026-04-01 02:15:0.00000000,-16028.962771,11049.661243,18188.773697
PG03,2026-04-01 02:15:0.00000000,-19468.189948,12081.900598,-13527.97347
PG04,2026-04-01 02:15:0.00000000,-8696.458535,12813.952184,-21525.276023
PG05,2026-04-01 02:15:0.00000000,26110.868412,-4782.361314,-1585.130228
PG06,2026-04-01 02:15:0.00000000,7692.556224,15978.42777,-19656.904309
PG07,2026-04-01 02:15:0.00000000,-4735.226695,25380.352369,5856.842263
PG08,2026-04-01 02:15:0.00000000,-17617.857088,2057.640555,19712.266822
PG09,2026-04-01 02:15:0.00000000,1295.195209,19867.703727,-17639.408881
PG10,2026-04-01 02:15:0.00000000,-12222.935194,-11726.381475,20816.73006
PG11,2026-04-01 02:15:0.00000000,15393.30482,1862.925792,-21503.30556
PG12,2026-04-01 02:15:0.00000000,22080.194467,-10130.525967,-11028.074959
PG13,2026-04-01 02:15:0.00000000,18366.420616,7011.79048,17713.377395
PG14,2026-04-01 02:15:0.00000000,9113.18757,13874.231661,20876.37519
PG15,2026-04-01 02:15:0.00000000,16555.152764,-4753.427154,19688.196639
PG16,2026-04-01 02:15:0.00000000,-26162.623785,-1794.623561,-5870.040408
PG17,2026-04-01 02:15:0.00000000,11883.185284,22906.828973,6018.695409
PG18,2026-04-01 02:15:0.00000000,4229.716088,-25020.398589,7405.74459
PG19,2026-04-01 02:15:0.00000000,17229.446294,20209.822147,-4021.443726
PG20,2026-04-01 02:15:0.00000000,19506.445403,3371.629231,17757.473997
PG21,2026-04-01 02:15:0.00000000,24716.93329,2723.659222,-9384.019998
PG22,2026-04-01 02:15:0.00000000,14406.700424,12120.988479,18934.492915
PG23,2026-04-01 02:15:0.00000000,2287.778273,-15079.58906,21784.14466
PG24,2026-04-01 02:15:0.00000000,14521.332864,-16802.936816,13756.925997
PG25,2026-04-01 02:15:0.00000000,10072.940457,-15959.603114,-18979.079065
PG26,2026-04-01 02:15:0.00000000,-20683.423986,-6474.72075,-15852.301729
PG27,2026-04-01 02:15:0.00000000,-20823.838552,-8895.117526,13860.282648
PG28,2026-04-01 02:15:0.00000000,-8773.669471,-16070.663503,-19229.241347
PG29,2026-04-01 02:15:0.00000000,1729.1129,-19266.985368,-18175.106961
PG30,2026-04-01 02:15:0.00000000,4080.155869,21584.237671,14946.793121
PG31,2026-04-01 02:15:0.00000000,-14217.554683,-6123.664903,-21861.036067
PG32,2026-04-01 02:15:0.00000000,-15952.396597,-21244.50284,2510.286526
PG01,2026-04-01 02:30:0.00000000,-15046.231684,19110.441499,10565.48055
PG02,2026-04-01 02:30:0.00000000,-15694.959671,8960.69808,19653.033748
PG03,2026-04-01 02:30:0.00000000,-20848.298225,12214.390201,-11088.453717
PG04,2026-04-01 02:30:0.00000000,-10314.787684,10923.786127,-21864.927176
PG05,2026-04-01 02:30:0.00000000,25844.75873,-4513.808324,-4450.025183
PG06,2026-04-01 02:30:0.00000000,6869.607779,17993.756612,-18154.436967
PG07,2026-04-01 02:30:0.00000000,-5160.837309,25713.242318,3058.052425
PG08,2026-04-01 02:30:0.00000000,-19091.011506,402.015466,18458.397165
PG09,2026-04-01 02:30:0.00000000,-239.866556,18442.487383,-19180.809469
PG10,2026-04-01 02:30:0.00000000,-9911.707201,-12219.369576,21724.748559
PG11,2026-04-01 02:30:0.00000000,14544.14905,4200.480486,-21769.01385
PG12,2026-04-01 02:30:0.00000000,23180.026679,-10056.223839,-8476.642744
PG13,2026-04-01 02:30:0.00000000,19337.32805,8715.412657,15879.149458
PG14,2026-04-01 02:30:0.00000000,6764.64194,14381.09781,21394.70964
PG15,2026-04-01 02:30:0.00000000,18270.734118,-3224.113972,18481.274038
PG16,2026-04-01 02:30:0.00000000,-25425.314696,-2096.332913,-8538.293087
PG17,2026-04-01 02:30:0.00000000,11175.971858,22441.15133,8715.807804
PG18,2026-04-01 02:30:0.00000000,4677.691615,-25591.658097,4624.104437
PG19,2026-04-01 02:30:0.00000000,17221.014192,20572.822149,-1223.648588
PG20,2026-04-01 02:30:0.00000000,20700.591979,4882.334109,15952.735021
PG21,2026-04-01 02:30:0.00000000,23562.809393,3162.001564,-11878.356403
PG22,2026-04-01 02:30:0.00000000,12250.137823,12504.358922,20211.057637
PG23,2026-04-01 02:30:0.00000000,4667.894841,-15576.031693,21015.717609
PG24,2026-04-01 02:30:0.00000000,14419.879565,-14990.985604,15768.701396
PG25,2026-04-01 02:30:0.00000000,12080.875187,-16269.341914,-17428.0282
PG26,2026-04-01 02:30:0.00000000,-18960.877828,-7220.450083,-17578.303924
PG27,2026-04-01 02:30:0.00000000,-21690.132038,-10132.728464,11592.821555
PG28,2026-04-01 02:30:0.00000000,-8043.119118,-18060.394952,-17722.703258
PG29,2026-04-01 02:30:0.00000000,3155.237794,-17642.359882,-19594.958552
PG30,2026-04-01 02:30:0.00000000,3362.100158,23006.724834,12798.94119
PG31,2026-04-01 02:30:0.00000000,-13377.71579,-8404.437228,-21601.404058
PG32,2026-04-01 02:30:0.00000000,-15513.234276,-21084.536455,5323.098218
PG01,2026-04-01 02:45:0.00000000,-14831.886904,17757.821799,12962.607545
PG02,2026-04-01 02:45:0.00000000,-15446.846295,6719.991562,20784.388238
PG03,2026-04-01 02:45:0.00000000,-21942.102453,12352.163552,-8458.659693
PG04,2026-04-01 02:45:0.00000000,-12042.510581,9111.672889,-21827.043805
PG05,2026-04-01 02:45:0.00000000,25289.641869,-4133.349175,-7238.778187
PG06,2026-04-01 02:45:0.00000000,6212.419105,19870.50747,-16336.298818
PG07,2026-04-01 02:45:0.00000000,-5493.423619,25755.566981,205.754759
PG08,2026-04-01 02:45:0.00000000,-20522.748407,-1067.922273,16886.806339
PG09,2026-04-01 02:45:0.00000000,-1960.690921,16994.628315,-20393.995805
PG10,2026-04-01 02:45:0.00000000,-7552.353104,-12867.508322,22269.837187
PG11,2026-04-01 02:45:0.00000000,13816.217866,6587.030427,-21658.256841
PG12,2026-04-01 02:45:0.00000000,23994.1332,-9979.472228,-5780.830742
PG13,2026-04-01 02:45:0.00000000,20264.087747,10180.578522,13769.648136
PG14,2026-04-01 02:45:0.00000000,4404.785059,15014.060337,21548.674641
PG15,2026-04-01 02:45:0.00000000,19925.906356,-1872.233375,16942.569706
PG16,2026-04-01 02:45:0.00000000,-24421.217315,-2486.759856,-11065.137163
PG17,2026-04-01 02:45:0.00000000,10250.5386,21791.816951,11262.640476
PG18,2026-04-01 02:45:0.00000000,5007.672876,-25876.264437,1761.64496
PG19,2026-04-01 02:45:0.00000000,17031.464629,20694.411772,1594.514164
PG20,2026-04-01 02:45:0.00000000,21812.658218,6178.587723,13874.280117
PG21,2026-04-01 02:45:0.00000000,22170.710473,3726.901868,-14168.631247
PG22,2026-04-01 02:45:0.00000000,9998.4537,13020.088621,21146.722315
PG23,2026-04-01 02:45:0.00000000,6915.722318,-16175.656814,19886.154039
PG24,2026-04-01 02:45:0.00000000,14371.189379,-12961.574558,17494.60136
PG25,2026-04-01 02:45:0.00000000,13892.749524,-16625.048057,-15582.679144
PG26,2026-04-01 02:45:0.00000000,-17111.061783,-8111.52546,-19011.301502
PG27,2026-04-01 02:45:0.00000000,-22424.842155,-11134.913007,9126.683356
PG28,2026-04-01 02:45:0.00000000,-7460.301637,-19902.656004,-15910.876813
PG29,2026-04-01 02:45:0.00000000,4756.035959,-15988.439191,-20677.439098
PG30,2026-04-01 02:45:0.00000000,2773.485752,24216.766339,10430.364066
PG31,2026-04-01 02:45:0.00000000,-12669.700168,-10681.527316,-20978.418656
PG32,2026-04-01 02:45:0.00000000,-14844.241205,-20730.93651,8045.866579
PG01,2026-04-01 03:00:0.00000000,-14619.46827,16146.203737,15135.658653
PG02,2026-04-01 03:00:0.00000000,-15306.548976,4369.329419,21565.796551
PG03,2026-04-01 03:00:0.00000000,-22736.518588,12454.398649,-5683.344347
PG04,2026-04-01 03:00:0.00000000,-13844.869346,7413.461447,-21412.810283
PG05,2026-04-01 03:00:0.00000000,24470.261189,-3609.642788,-9903.90393
PG06,2026-04-01 03:00:0.00000000,5708.319469,21562.931974,-14233.943449
PG07,2026-04-01 03:00:0.00000000,-5766.95597,25493.273801,-2650.111308
PG08,2026-04-01 03:00:0.00000000,-21871.031186,-2341.453135,15025.848359
PG09,2026-04-01 03:00:0.00000000,-3845.458128,15565.998385,-21258.578722
PG10,2026-04-01 03:00:0.00000000,-5193.97771,-13665.414488,22442.150654
PG11,2026-04-01 03:00:0.00000000,13222.430738,8974.807657,-21173.179514
PG12,2026-04-01 03:00:0.00000000,24513.56758,-9862.537497,-2986.237367
PG13,2026-04-01 03:00:0.00000000,21103.97209,11397.457214,11422.360598
PG14,2026-04-01 03:00:0.00000000,2079.428503,15762.910495,21334.769219
PG15,2026-04-01 03:00:0.00000000,21475.619858,-705.494535,15100.893713
PG16,2026-04-01 03:00:0.00000000,-23177.282451,-2994.512828,-13409.198877
PG17,2026-04-01 03:00:0.00000000,9098.218216,20998.364568,13616.230504
PG18,2026-04-01 03:00:0.00000000,5254.048915,-25856.784703,-1131.630449
PG19,2026-04-01 03:00:0.00000000,16632.725226,20598.431189,4386.09752
PG20,2026-04-01 03:00:0.00000000,22799.610967,7257.226221,11557.572118
PG21,2026-04-01 03:00:0.00000000,20576.566749,4439.98015,-16215.447518
PG22,2026-04-01 03:00:0.00000000,7698.260793,13671.940554,21727.021056
PG23,2026-04-01 03:00:0.00000000,8990.27899,-16849.973098,18414.041537
PG24,2026-04-01 03:00:0.00000000,14401.727837,-10751.11384,18902.85542
PG25,2026-04-01 03:00:0.00000000,15480.7994,-16993.358521,-13472.998798
PG26,2026-04-01 03:00:0.00000000,-15175.81298,-9150.713395,-20127.002452
PG27,2026-04-01 03:00:0.00000000,-22990.214212,-11909.614373,6504.982844
PG28,2026-04-01 03:00:0.00000000,-7010.578336,-21555.102657,-13824.940395
PG29,2026-04-01 03:00:0.00000000,6511.906857,-14348.670581,-21404.399237
PG30,2026-04-01 03:00:0.00000000,2291.724919,25181.803406,7881.337709
PG31,2026-04-01 03:00:0.00000000,-12098.151553,-12908.175567,-20001.442695
PG32,2026-04-01 03:00:0.00000000,-13931.515644,-20220.262298,10632.894527
PG01,2026-04-01 03:15:0.00000000,-14444.32641,14299.231258,17047.170567
PG02,2026-04-01 03:15:0.00000000,-15288.780036,1953.785825,21986.14985
PG03,2026-04-01 03:15:0.00000000,-23227.653702,12479.604055,-2810.005229
PG04,2026-04-01 03:15:0.00000000,-15681.943231,5858.534029,-20629.898206
PG05,2026-04-01 03:15:0.00000000,23418.400527,-2916.858411,-12400.190165
PG06,2026-04-01 03:15:0.00000000,5336.950655,23029.905895,-11883.853835
PG07,2026-04-01 03:15:0.00000000,-6017.413838,24921.173905,-5458.787354
PG08,2026-04-01 03:15:0.00000000,-23094.202384,-3416.090639,12908.542604
PG09,2026-04-01 03:15:0.00000000,-5865.043491,14194.79056,-21760.122481
PG10,2026-04-01 03:15:0.00000000,-2884.52872,-14599.302397,22237.879986
PG11,2026-04-01 03:15:0.00000000,12767.611213,11314.922944,-20322.413487
PG12,2026-04-01 03:15:0.00000000,24737.996355,-9667.580244,-140.454298
PG13,2026-04-01 03:15:0.00000000,21814.811159,12365.208338,8878.588334
PG14,2026-04-01 03:15:0.00000000,-167.703967,16609.974821,20755.719209
PG15,2026-04-01 03:15:0.00000000,22876.279971,276.906252,12990.410048
PG16,2026-04-01 03:15:0.00000000,-21726.442738,-3642.834153,-15532.186756
PG17,2026-04-01 03:15:0.00000000,7718.423793,20102.642681,15737.329165
PG18,2026-04-01 03:15:0.00000000,5454.040633,-25524.639435,-4005.090308
PG19,2026-04-01 03:15:0.00000000,16002.689945,20314.528663,7104.475375
PG20,2026-04-01 03:15:0.00000000,23620.116485,8123.397533,9042.221802
PG21,2026-04-01 03:15:0.00000000,18821.301765,5315.887224,-17983.569196
PG22,2026-04-01 03:15:0.00000000,5396.417262,14455.804208,21943.39904
PG23,2026-04-01 03:15:0.00000000,10856.786697,-17564.491463,16623.977382
PG24,2026-04-01 03:15:0.00000000,14531.938535,-8401.913797,19967.700309
PG25,2026-04-01 03:15:0.00000000,16824.378703,-17337.432636,-11133.679474
PG26,2026-04-01 03:15:0.00000000,-13197.847171,-10333.26483,-20906.182096
PG27,2026-04-01 03:15:0.00000000,-23352.246197,-12472.518525,3772.984161
PG28,2026-04-01 03:15:0.00000000,-6672.343501,-22980.229459,-11500.8063
PG29,2026-04-01 03:15:0.00000000,8395.832198,-12763.171331,-21763.837125
PG30,2026-04-01 03:15:0.00000000,1889.042888,25875.693086,5195.542657
PG31,2026-04-01 03:15:0.00000000,-11659.858414,-15037.845324,-18685.777278
PG32,2026-04-01 03:15:0.00000000,-12769.083031,-19592.201497,13040.961638
PG01,2026-04-01 03:30:0.00000000,-14337.745859,12247.981325,18664.247119
PG02,2026-04-01 03:30:0.00000000,-15400.536192,-479.800447,22040.308529
PG03,2026-04-01 03:30:0.00000000,-23420.886967,12387.387077,111.913806
PG04,2026-04-01 03:30:0.00000000,-17510.078458,4468.845907,-19492.29742
PG05,2026-04-01 03:30:0.00000000,22171.646514,-2035.837131,-14685.431551
PG06,2026-04-01 03:30:0.00000000,5071.234186,24236.439603,-9326.894082
PG07,2026-04-01 03:30:0.00000000,-6281.147661,24043.347048,-8169.672193
PG08,2026-04-01 03:30:0.00000000,-24152.529091,-4297.405824,10571.942156
PG09,2026-04-01 03:30:0.00000000,-7983.95878,12914.138051,-21890.362799
PG10,2026-04-01 03:30:0.00000000,-669.175559,-15647.386438,21659.371765
PG11,2026-04-01 03:30:0.00000000,12448.389609,13559.076631,-19120.909271
PG12,2026-04-01 03:30:0.00000000,24675.683001,-9358.293203,2707.716913
PG13,2026-04-01 03:30:0.00000000,22356.6599,13091.74751,6182.67718
PG14,2026-04-01 03:30:0.00000000,-2296.46826,17530.706213,19820.495011
PG15,2026-04-01 03:30:0.00000000,24087.419768,1083.968139,10649.871628
PG16,2026-04-01 03:30:0.00000000,-20106.449174,-4448.59959,-17399.417811
PG17,2026-04-01 03:30:0.00000000,6118.787481,19147.144949,17590.987562
PG18,2026-04-01 03:30:0.00000000,5646.026639,-24880.493977,-6808.406107
PG19,2026-04-01 03:30:0.00000000,15126.20992,19876.967085,9704.051911
PG20,2026-04-01 03:30:0.00000000,24236.152355,8790.175705,6371.323874
PG21,2026-04-01 03:30:0.00000000,16949.343792,6361.554562,-19442.528203
PG22,2026-04-01 03:30:0.00000000,3138.454655,15359.814413,21793.266326
PG23,2026-04-01 03:30:0.00000000,12487.853896,-18280.071571,14546.197411
PG24,2026-04-01 03:30:0.00000000,14775.287819,-5960.635634,20669.935206
PG25,2026-04-01 03:30:0.00000000,17910.640122,-17618.420721,-8603.653809
PG26,2026-04-01 03:30:0.00000000,-11219.301561,-11646.918459,-21335.013259
PG27,2026-04-01 03:30:0.00000000,-23481.992308,-12846.18997,977.318409
PG28,2026-04-01 03:30:0.00000000,-6418.027596,-24146.7088,-8978.502357
PG29,2026-04-01 03:30:0.00000000,10374.261079,-11267.293255,-21750.069754
PG30,2026-04-01 03:30:0.00000000,1533.734863,26279.719948,2419.327027
PG31,2026-04-01 03:30:0.00000000,-11343.925863,-17025.818552,-17052.499597
PG32,2026-04-01 03:30:0.00000000,-11359.255425,-18887.984799,15229.980975
PG01,2026-04-01 03:45:0.00000000,-14325.627987,10029.925066,19959.124748
PG02,2026-04-01 03:45:0.00000000,-15640.8963,-2884.382895,21729.055992
PG03,2026-04-01 03:45:0.00000000,-23330.599905,12140.202377,3031.872391
PG04,2026-04-01 03:45:0.00000000,-19283.465932,3258.264237,-18020.040509
PG05,2026-04-01 03:45:0.00000000,20771.952085,-954.993894,-16721.104889
PG06,2026-04-01 03:45:0.00000000,4878.612702,25154.958422,-6607.577173
PG07,2026-04-01 03:45:0.00000000,-6593.189561,22873.179829,-10733.346324
PG08,2026-04-01 03:45:0.00000000,-25009.666845,-4998.549668,8056.458798
PG09,2026-04-01 03:45:0.00000000,-10161.537255,11750.941475,-21647.324058
PG10,2026-04-01 03:45:0.00000000,1411.219852,-16780.591915,20715.163647
PG11,2026-04-01 03:45:0.00000000,12253.436721,15661.24827,-17589.658321
PG12,2026-04-01 03:45:0.00000000,24343.151613,-8901.505274,5509.091301
PG13,2026-04-01 03:45:0.00000000,22693.370745,13593.183061,3381.218404
PG14,2026-04-01 03:45:0.00000000,-4271.664626,18494.556791,18544.225434
PG15,2026-04-01 03:45:0.00000000,25073.229562,1732.230539,8121.781905
PG16,2026-04-01 03:45:0.00000000,-18358.556461,-5421.55046,-18980.294558
PG17,2026-04-01 03:45:0.00000000,4314.989036,18173.361525,19147.049588
PG18,2026-04-01 03:45:0.00000000,5867.82267,-23934.291733,-9492.480928
PG19,2026-04-01 03:45:0.00000000,13995.84535,19323.266907,12140.967443
PG20,2026-04-01 03:45:0.00000000,24614.509656,9277.869233,3590.728248
PG21,2026-04-01 03:45:0.00000000,15007.012797,7575.747263,-20567.150999
PG22,2026-04-01 03:45:0.00000000,967.074556,16364.760949,21279.969632
PG23,2026-04-01 03:45:0.00000000,13864.382216,-18954.474322,12216.096646
PG24,2026-04-01 03:45:0.00000000,15137.626465,-3476.557922,20997.314817
PG25,2026-04-01 03:45:0.00000000,18734.935912,-17797.046074,-5925.518832
PG26,2026-04-01 03:45:0.00000000,-9280.29838,-13072.185156,-21405.329333
PG27,2026-04-01 03:45:0.00000000,-23356.668627,-13058.972797,-1834.787303
PG28,2026-04-01 03:45:0.00000000,-6215.338992,-25030.502637,-6301.481313
PG29,2026-04-01 03:45:0.00000000,12408.248754,-9890.38776,-21363.796287
PG30,2026-04-01 03:45:0.00000000,1191.595163,26383.337368,-399.098513
PG31,2026-04-01 03:45:0.00000000,-11132.248863,-18830.750191,-15128.206374
PG32,2026-04-01 03:45:0.00000000,-9712.689314,-18148.767591,17163.598913
PG01,2026-04-01 04:00:0.00000000,-14427.397436,7687.648465,20909.644976
PG02,2026-04-01 04:00:0.00000000,-16001.116597,-5214.246122,21058.977428
PG03,2026-04-01 04:00:0.00000000,-22979.561856,11705.010771,5899.12055
PG04,2026-04-01 04:00:0.00000000,-20955.805538,2232.228233,-16238.827757
PG05,2026-04-01 04:00:0.00000000,19264.056318,329.071699,-18472.977576
PG06,2026-04-01 04:00:0.00000000,4722.514921,25766.30129,-3773.263339
PG07,2026-04-01 04:00:0.00000000,-6985.588326,21433.020698,-13102.616877
PG08,2026-04-01 04:00:0.00000000,-25633.99018,-5539.498972,5405.158097
PG09,2026-04-01 04:00:0.00000000,-12353.317758,10724.94651,-21035.335396
PG10,2026-04-01 04:00:0.00000000,3321.48523,-17963.554389,19419.930967
PG11,2026-04-01 04:00:0.00000000,12164.017711,17579.300111,-15755.311014
PG12,2026-04-01 04:00:0.00000000,23764.537368,-8268.687726,8214.956982
PG13,2026-04-01 04:00:0.00000000,22794.013683,13892.953177,522.236556
PG14,2026-04-01 04:00:0.00000000,-6064.2219,19466.103542,16948.004451
PG15,2026-04-01 04:00:0.00000000,25803.882188,2244.818794,5451.509921
PG16,2026-04-01 04:00:0.00000000,-16526.100757,-6563.782132,-20248.731857
PG17,2026-04-01 04:00:0.00000000,2330.287903,17220.206697,20380.551449
PG18,2026-04-01 04:00:0.00000000,6154.986457,-22704.927039,-12010.355007
PG19,2026-04-01 04:00:0.00000000,12612.349207,18692.731239,14373.793661
PG20,2026-04-01 04:00:0.00000000,24728.126584,9613.049414,748.258284
PG21,2026-04-01 04:00:0.00000000,13040.84456,8948.938473,-21337.995723
PG22,2026-04-01 04:00:0.00000000,-1079.236292,17444.77045,20412.686841
PG23,2026-04-01 04:00:0.00000000,14976.157728,-19544.061399,9673.646776
PG24,2026-04-01 04:00:0.00000000,15616.89785,-999.73957,20944.768827
PG25,2026-04-01 04:00:0.00000000,19300.915975,-17835.242418,-3144.872122
PG26,2026-04-01 04:00:0.00000000,-7417.579209,-14582.907793,-21114.814506
PG27,2026-04-01 04:00:0.00000000,-22960.526477,-13143.703594,-4616.259022
PG28,2026-04-01 04:00:0.00000000,-6028.695401,-25615.703695,-3515.869961
PG29,2026-04-01 04:00:0.00000000,14454.804583,-8654.816428,-20612.054696
PG30,2026-04-01 04:00:0.00000000,827.462499,26184.60386,-3210.519759
PG31,2026-04-01 04:00:0.00000000,-11000.275353,-20416.123491,-12944.660278
PG32,2026-04-01 04:00:0.00000000,-7848.142571,-17414.036347,18809.733422
PG01,2026-04-01 04:15:0.00000000,-14655.174532,5267.382533,21499.626232
PG02,2026-04-01 04:15:0.00000000,-16465.012475,-7426.476553,20042.271595
PG03,2026-04-01 04:15:0.00000000,-22397.990801,11054.779957,8663.606325
PG04,2026-04-01 04:15:0.00000000,-22481.993157,1387.740377,-14179.560962
PG05,2026-04-01 04:15:0.00000000,17693.819969,1811.276584,-19911.64251
PG06,2026-04-01 04:15:0.00000000,4563.984288,26060.397688,-873.305349
PG07,2026-04-01 04:15:0.00000000,-7485.847138,19753.453846,-15233.551073
PG08,2026-04-01 04:15:0.00000000,-25999.744528,-5946.060003,2663.036709
PG09,2026-04-01 04:15:0.00000000,-14512.576295,9848.105052,-20064.946571
PG10,2026-04-01 04:15:0.00000000,5033.321204,-19155.877231,17794.33952
PG11,2026-04-01 04:15:0.00000000,12154.842822,19276.433252,-13649.698415
PG12,2026-04-01 04:15:0.00000000,22970.643503,-7437.300347,10777.946594
PG13,2026-04-01 04:15:0.00000000,22634.093454,14020.70291,-2345.62174
PG14,2026-04-01 04:15:0.00000000,-7652.153581,20406.387212,15058.589446
PG15,2026-04-01 04:15:0.00000000,26256.605059,2650.241054,2686.384614
PG16,2026-04-01 04:15:0.00000000,-14653.016087,-7869.505135,-21183.532262
PG17,2026-04-01 04:15:0.00000000,194.782413,16322.57776,21272.028994
PG18,2026-04-01 04:15:0.00000000,6539.218867,-21219.570921,-14318.068189
PG19,2026-04-01 04:15:0.00000000,10984.861595,18024.903694,16364.210326
PG20,2026-04-01 04:15:0.00000000,24557.200664,9827.33579,-2107.111041
PG21,2026-04-01 04:15:0.00000000,11095.915923,10463.511303,-21741.692206
PG22,2026-04-01 04:15:0.00000000,-2967.427524,18568.234054,19206.248677
PG23,2026-04-01 04:15:0.00000000,15822.100061,-20005.57557,6962.718389
PG24,2026-04-01 04:15:0.00000000,16203.203909,1420.835332,20514.443771
PG25,2026-04-01 04:15:0.00000000,19620.311401,-17697.783838,-309.56601
PG26,2026-04-01 04:15:0.00000000,-5663.258845,-16147.081534,-20467.115124
PG27,2026-04-01 04:15:0.00000000,-22285.468344,-13136.287045,-7320.895214
PG28,2026-04-01 04:15:0.00000000,-5820.788703,-25895.073619,-669.671142
PG29,2026-04-01 04:15:0.00000000,16468.397363,-7575.242307,-19508.07454
PG30,2026-04-01 04:15:0.00000000,406.818986,25690.291878,-5965.615263
PG31,2026-04-01 04:15:0.00000000,-10918.036684,-21751.549982,-10538.338186
PG32,2026-04-01 04:15:0.00000000,-5791.941229,-16720.095423,20141.047137
PG01,2026-04-01 04:30:0.00000000,-15013.245376,2817.40004,21719.129453
PG02,2026-04-01 04:30:0.00000000,-17009.60773,-9482.31898,18696.50267
PG03,2026-04-01 04:30:0.00000000,-21622.32342,10169.763826,11276.88619
PG04,2026-04-01 04:30:0.00000000,-23819.766428,713.685749,-11877.795571
PG05,2026-04-01 04:30:0.00000000,16106.538162,3478.076819,-21012.973879
PG06,2026-04-01 04:30:0.00000000,4363.404597,26036.596138,2041.841691
PG07,2026-04-01 04:30:0.00000000,-8115.541044,17872.213943,-17086.463634
PG08,2026-04-01 04:30:0.00000000,-26087.981921,-6248.671248,-123.70739
PG09,2026-04-01 04:30:0.00000000,-16591.948449,9124.242364,-18752.745651
PG10,2026-04-01 04:30:0.00000000,6526.239147,-20313.606984,15864.800204
PG11,2026-04-01 04:30:0.00000000,12195.180135,20722.441336,-11309.267286
PG12,2026-04-01 04:30:0.00000000,21997.737056,-6391.91979,13152.90666
PG13,2026-04-01 04:30:0.00000000,22196.522642,14010.948577,-5173.885495
PG14,2026-04-01 04:30:0.00000000,-9021.245745,21274.415414,12907.991685
PG15,2026-04-01 04:30:0.00000000,26416.463601,2980.995132,-125.207997
PG16,2026-04-01 04:30:0.00000000,-12782.337264,-9325.087446,-21768.707998
PG17,2026-04-01 04:30:0.00000000,-2055.571939,15510.093161,21807.735608
PG18,2026-04-01 04:30:0.00000000,7046.927907,-19512.677824,-16375.460453
PG19,2026-04-01 04:30:0.00000000,9130.802578,17358.013018,18077.654478
PG20,2026-04-01 04:30:0.00000000,24090.034849,9955.985623,-4926.100908
PG21,2026-04-01 04:30:0.00000000,9214.235239,12094.28164,-21771.178763
PG22,2026-04-01 04:30:0.00000000,-4670.904361,19698.947136,17680.891565
PG23,2026-04-01 04:30:0.00000000,16410.155955,-20297.930684,4130.318664
PG24,2026-04-01 04:30:0.00000000,16879.221663,3739.04601,19715.570862
PG25,2026-04-01 04:30:0.00000000,19712.403666,-17353.841344,2531.110872
PG26,2026-04-01 04:30:0.00000000,-4043.744886,-17727.910523,-19471.865998
PG27,2026-04-01 04:30:0.00000000,-21331.390739,-13074.187333,-9904.050007
PG28,2026-04-01 04:30:0.00000000,-5554.221544,-25870.257358,2188.067313
PG29,2026-04-01 04:30:0.00000000,18402.560934,-6658.226241,-18071.03009
PG30,2026-04-01 04:30:0.00000000,-102.62337,24915.6599,-8615.871103
PG31,2026-04-01 04:30:0.00000000,-10851.411766,-22813.86128,-7949.882272
PG32,2026-04-01 04:30:0.00000000,-3577.175944,-16098.686569,21135.352111
PG01,2026-04-01 04:45:0.00000000,-15497.849479,386.340724,21564.61387
PG02,2026-04-01 04:45:0.00000000,-17606.025208,-11348.377698,17044.29797
PG03,2026-04-01 04:45:0.00000000,-20693.7411,9038.504946,13693.019129
PG04,2026-04-01 04:45:0.00000000,-24931.247499,191.464233,-9373.121508
PG05,2026-04-01 04:45:0.00000000,14545.291751,5307.809531,-21758.499399
PG06,2026-04-01 04:45:0.00000000,4082.25203,25703.632053,4921.527706
PG07,2026-04-01 04:45:0.00000000,-8889.184831,15832.78379,-18626.822875
PG08,2026-04-01 04:45:0.00000000,-25887.251406,-6481.051992,-2908.402445
PG09,2026-04-01 04:45:0.00000000,-18545.082859,8549.041539,-17121.081626
PG10,2026-04-01 04:45:0.00000000,7788.214068,-21390.876763,13663.122386
PG11,2026-04-01 04:45:0.00000000,12250.185637,21894.714882,-8774.439109
PG12,2026-04-01 04:45:0.00000000,20886.127359,-5125.099541,15297.746372
PG13,2026-04-01 04:45:0.00000000,21472.319458,13901.583005,-7915.032797
PG14,2026-04-01 04:45:0.00000000,-10165.446371,22028.773009,10532.962249
PG15,2026-04-01 04:45:0.00000000,26276.834736,3272.04894,-2934.704177
PG16,2026-04-01 04:45:0.00000000,-10954.737802,-10909.37853,-21993.746882
PG17,2026-04-01 04:45:0.00000000,-4380.146363,14806.050103,21979.774344
PG18,2026-04-01 04:45:0.00000000,7698.014893,-17624.714975,-18146.893617
PG19,2026-04-01 04:45:0.00000000,7075.461124,16727.460581,19483.932132
PG20,2026-04-01 04:45:0.00000000,23323.582887,10036.342377,-7659.987356
PG21,2026-04-01 04:45:0.00000000,7433.259618,13809.322903,-21425.831304
PG22,2026-04-01 04:45:0.00000000,-6170.312178,20797.421466,15861.945145
PG23,2026-04-01 04:45:0.00000000,16756.838366,-20383.938411,1225.757958
PG24,2026-04-01 04:45:0.00000000,17620.945505,5913.277416,18564.170237
PG25,2026-04-01 04:45:0.00000000,19603.192783,-16778.400084,5327.311789
PG26,2026-04-01 04:45:0.00000000,-2578.864885,-19285.067872,-18144.625667
PG27,2026-04-01 04:45:0.00000000,-20106.2476,-12994.888983,-12323.275984
PG28,2026-04-01 04:45:0.00000000,-5193.151272,-25551.665605,5008.101954
PG29,2026-04-01 04:45:0.00000000,20211.539739,-5902.140986,-16325.699226
PG30,2026-04-01 04:45:0.00000000,-729.415843,23883.893094,-11114.493638
PG31,2026-04-01 04:45:0.00000000,-10763.580728,-23587.945727,-5223.457455
PG32,2026-04-01 04:45:0.00000000,-1242.65656,-15575.78858,21775.943473
PG01,2026-04-01 05:00:0.00000000,-16097.292241,-1978.470772,21038.981459
PG02,2026-04-01 05:00:0.00000000,-18220.586693,-12997.626477,15112.996163
PG03,2026-04-01 05:00:0.00000000,-19656.509718,7658.51543,15869.424744
PG04,2026-04-01 05:00:0.00000000,-25784.325494,-204.091095,-6708.4837
PG05,2026-04-01 05:00:0.00000000,13049.396845,7271.341067,-22135.685498
PG06,2026-04-01 05:00:0.00000000,3684.802296,25079.237646,7715.813717
PG07,2026-04-01 05:00:0.00000000,-9813.410871,13682.735387,-19826.041898
PG08,2026-04-01 05:00:0.00000000,-25394.023946,-6678.747046,-5644.620301
PG09,2026-04-01 05:00:0.00000000,-20328.264949,8110.345035,-15197.696085
PG10,2026-04-01 05:00:0.00000000,8816.022066,-22341.659648,11226.064468
PG11,2026-04-01 05:00:0.00000000,12282.397728,22778.959211,-6088.904992
PG12,2026-04-01 05:00:0.00000000,19678.581691,-3637.920758,17174.246337
PG13,2026-04-01 05:00:0.00000000,20461.009551,13732.278934,-10523.23087
PG14,2026-04-01 05:00:0.00000000,-11086.937023,22629.276933,7974.379348
PG15,2026-04-01 05:00:0.00000000,25839.562929,3559.259717,-5694.201394
PG16,2026-04-01 05:00:0.00000000,-9207.150856,-12594.307705,-21853.818566
PG17,2026-04-01 05:00:0.00000000,-6734.980792,14226.633185,21786.148423
PG18,2026-04-01 05:00:0.00000000,8504.932127,-15600.667456,-19601.879713
PG19,2026-04-01 05:00:0.00000000,4851.28822,16164.407094,20557.781452
PG20,2026-04-01 05:00:0.00000000,22263.670879,10106.204194,-10261.455281
PG21,2026-04-01 05:00:0.00000000,5784.595839,15571.062049,-20711.482085
PG22,2026-04-01 05:00:0.00000000,-7454.061473,21822.325176,13779.457411
PG23,2026-04-01 05:00:0.00000000,16886.427142,-20231.900135,-1700.238679
PG24,2026-04-01 05:00:0.00000000,18398.715006,7907.846997,17082.608006
PG25,2026-04-01 05:00:0.00000000,19324.291135,-15953.474034,8029.553381
PG26,2026-04-01 05:00:0.00000000,-1281.237091,-20776.117454,-16506.715222
PG27,2026-04-01 05:00:0.00000000,-18625.83669,-12934.379927,-14538.923404
PG28,2026-04-01 05:00:0.00000000,-4704.876422,-24958.030113,7741.846291
PG29,2026-04-01 05:00:0.00000000,21851.913078,-5297.404083,-14302.034576
PG30,2026-04-01 05:00:0.00000000,-1497.010724,22625.23241,-13417.298893
PG31,2026-04-01 05:00:0.00000000,-10616.614489,-24067.291095,-2406.021734
PG32,2026-04-01 05:00:0.00000000,1168.339285,-15170.638475,22051.859369
PG01,2026-04-01 05:15:0.00000000,-16792.37697,-4232.650085,20151.510439
PG02,2026-04-01 05:15:0.00000000,-18816.084801,-14410.197524,12934.249301
PG03,2026-04-01 05:15:0.00000000,-18556.199873,6036.604303,17767.685801
PG04,2026-04-01 05:15:0.00000000,-26353.827886,-503.546467,-3929.4538
PG05,2026-04-01 05:15:0.00000000,11653.008138,9332.997619,-22138.132744
PG06,2026-04-01 05:15:0.00000000,3139.723799,24189.41127,10376.35844
PG07,2026-04-01 05:15:0.00000000,-10886.501071,11471.890392,-20662.125155
PG08,2026-04-01 05:15:0.00000000,-24612.840644,-6877.619988,-8286.876805
PG09,2026-04-01 05:15:0.00000000,-21901.951104,7788.761583,-13015.269112
PG10,2026-04-01 05:15:0.00000000,9615.242552,-23121.567388,8594.782331
PG11,2026-04-01 05:15:0.00000000,12253.337341,23369.600163,-3298.869194
PG12,2026-04-01 05:15:0.00000000,18418.640925,-1940.205313,18748.807513
PG13,2026-04-01 05:15:0.00000000,19170.72186,13542.849649,-12955.035198
PG14,2026-04-01 05:15:0.00000000,-11795.880385,23038.609196,5276.545891
PG15,2026-04-01 05:15:0.00000000,25114.804155,3877.795838,-8357.243549
PG16,2026-04-01 05:15:0.00000000,-7571.51974,-14345.741201,-21349.916514
PG17,2026-04-01 05:15:0.00000000,-9074.236364,13780.396738,21230.734332
PG18,2026-04-01 05:15:0.00000000,9472.049475,-13488.380988,-20715.604349
PG19,2026-04-01 05:15:0.00000000,2496.913017,15694.513356,21279.375455
PG20,2026-04-01 05:15:0.00000000,20924.884645,10202.176951,-12685.431903
PG21,2026-04-01 05:15:0.00000000,4292.934764,17337.605541,-19640.327213
PG22,2026-04-01 05:15:0.00000000,-8518.576169,22732.00218,11467.760048
PG23,2026-04-01 05:15:0.00000000,16829.861944,-19816.997017,-4596.456972
PG24,2026-04-01 05:15:0.00000000,19178.475583,9694.159416,15299.027008
PG25,2026-04-01 05:15:0.00000000,18911.582947,-14869.061154,10589.660612
PG26,2026-04-01 05:15:0.00000000,-155.913216,-22158.048424,-14584.956285
PG27,2026-04-01 05:15:0.00000000,-16913.319701,-12925.707294,-16514.693625
PG28,2026-04-01 05:15:0.00000000,-4061.303252,-24115.649452,10342.211431
PG29,2026-04-01 05:15:0.00000000,23284.137947,-4827.018714,-12034.654313
PG30,2026-04-01 05:15:0.00000000,-2422.603047,21175.826084,-15483.557088
PG31,2026-04-01 05:15:0.00000000,-10373.138782,-24254.204909,453.480806
PG32,2026-04-01 05:15:0.00000000,3609.481011,-14895.008415,21958.064572
PG01,2026-04-01 05:30:0.00000000,-17557.13871,-6336.259926,18917.680098
PG02,2026-04-01 05:30:0.00000000,-19353.185418,-15573.925983,10543.580961
PG03,2026-04-01 05:30:0.00000000,-17437.860224,4188.834244,19354.276462
PG04,2026-04-01 05:30:0.00000000,-26622.438155,-741.496654,-1083.464862
PG05,2026-04-01 05:30:0.00000000,10383.926067,11451.744905,-21765.679554
PG06,2026-04-01 05:30:0.00000000,2421.493068,23067.377355,12857.268183
PG07,2026-04-01 05:30:0.00000000,-12098.298445,9250.386946,-21120.146661
PG08,2026-04-01 05:30:0.00000000,-23556.182126,-7112.347694,-10791.309438
PG09,2026-04-01 05:30:0.00000000,-23232.156645,7558.555626,-10610.885553
PG10,2026-04-01 05:30:0.00000000,10199.917768,-23689.625144,5814.179037
PG11,2026-04-01 05:30:0.00000000,12125.151144,23669.863903,-452.25458
PG12,2026-04-01 05:30:0.00000000,17148.903764,-50.376331,19993.120992
PG13,2026-04-01 05:30:0.00000000,17617.978986,13371.625772,-15170.041533
PG14,2026-04-01 05:30:0.00000000,-12309.850527,23223.861116,2486.409044
PG15,2026-04-01 05:30:0.00000000,24120.57464,4260.621094,-10879.542999
PG16,2026-04-01 05:30:0.00000000,-6073.721872,-16124.574179,-20488.930221
PG17,2026-04-01 05:30:0.00000000,-11351.708472,13468.034439,20323.181457
PG18,2026-04-01 05:30:0.00000000,10595.353724,-11336.810387,-21469.336386
PG19,2026-04-01 05:30:0.00000000,55.911635,15336.88623,21634.751691
PG20,2026-04-01 05:30:0.00000000,19330.125712,10358.077458,-14889.883918
PG21,2026-04-01 05:30:0.00000000,2975.260225,19064.244901,-18230.723911
PG22,2026-04-01 05:30:0.00000000,-9368.256492,23486.020032,8964.976314
PG23,2026-04-01 05:30:0.00000000,16623.371578,-19122.419001,-7412.136061
PG24,2026-04-01 05:30:0.00000000,19923.210569,11251.548258,13246.675126
PG25,2026-04-01 05:30:0.00000000,18403.701377,-13523.79132,12961.712606
PG26,2026-04-01 05:30:0.00000000,799.687409,-23388.867075,-12411.305385
PG27,2026-04-01 05:30:0.00000000,-14998.494425,-12997.653133,-18218.145054
PG28,2026-04-01 05:30:0.00000000,-3240.234543,-23057.3548,12764.419882
PG29,2026-04-01 05:30:0.00000000,24473.95364,-4467.400661,-9562.260814
PG30,2026-04-01 05:30:0.00000000,-3516.227365,19576.350191,-17276.771587
PG31,2026-04-01 05:30:0.00000000,-9998.005607,-24159.696325,3304.991084
PG32,2026-04-01 05:30:0.00000000,6032.915522,-14752.76448,21495.55505
PG01,2026-04-01 05:45:0.00000000,-18359.850676,-8255.141847,17358.890947
PG02,2026-04-01 05:45:0.00000000,-19791.915905,-16484.633213,7979.901887
PG03,2026-04-01 05:45:0.00000000,-16344.219397,2140.106292,20601.198889
PG04,2026-04-01 05:45:0.00000000,-26581.326715,-955.043896,1780.979078
PG05,2026-04-01 05:45:0.00000000,9262.650665,13582.574889,-21024.412865
PG06,2026-04-01 05:45:0.00000000,1511.576464,21752.280306,15115.894115
PG07,2026-04-01 05:45:0.00000000,-13430.503336,7066.74535,-21192.543722
PG08,2026-04-01 05:45:0.00000000,-22244.0656,-7414.968006,-13116.327019
PG09,2026-04-01 05:45:0.00000000,-24291.645949,7388.786101,-8025.428865
PG10,2026-04-01 05:45:0.00000000,10591.875536,-24009.950979,2932.162345
PG11,2026-04-01 05:45:0.00000000,11862.234094,23691.529549,2402.116322
PG12,2026-04-01 05:45:0.00000000,15909.351078,2005.033348,20884.740569
PG13,2026-04-01 05:45:0.00000000,15827.192584,13253.905258,-17131.485662
PG14,2026-04-01 05:45:0.00000000,-12652.966362,23157.924139,-347.283662
PG15,2026-04-01 05:45:0.00000000,22882.03083,4737.09551,-13219.633255
PG16,2026-04-01 05:45:0.00000000,-4732.706084,-17888.025915,-19283.641414
PG17,2026-04-01 05:45:0.00000000,-13522.34961,13282.440724,19078.741772
PG18,2026-04-01 05:45:0.00000000,11862.490452,-9194.244516,-21850.718414
PG19,2026-04-01 05:45:0.00000000,-2424.631222,15103.275289,21616.156067
PG20,2026-04-01 05:45:0.00000000,17509.851959,10603.450715,-16836.563113
PG21,2026-04-01 05:45:0.00000000,1840.362786,20705.084325,-16506.880453
PG22,2026-04-01 05:45:0.00000000,-10015.156358,24046.693838,6312.473822
PG23,2026-04-01 05:45:0.00000000,16306.895707,-18140.184186,-10097.907604
PG24,2026-04-01 05:45:0.00000000,20594.47823,12567.780265,10963.156431
PG25,2026-04-01 05:45:0.00000000,17840.385508,-11925.231711,15102.964804
PG26,2026-04-01 05:45:0.00000000,1595.543379,-24429.18604,-10022.38406
PG27,2026-04-01 05:45:0.00000000,-12916.844248,-13173.572996,-19621.150094
PG28,2026-04-01 05:45:0.00000000,-2226.429873,-21821.236257,14966.778197
PG29,2026-04-01 05:45:0.00000000,25393.596523,-4189.459103,-6926.996161
PG30,2026-04-01 05:45:0.00000000,-4780.149588,17870.455549,-18765.373147
PG31,2026-04-01 05:45:0.00000000,-9459.902213,-23803.017392,6098.253683
PG32,2026-04-01 05:45:0.00000000,8390.861185,-14739.724469,20671.380733
PG01,2026-04-01 06:00:0.00000000,-19164.263735,-9962.023372,15502.085835
PG02,2026-04-01 06:00:0.00000000,-20093.191728,-17146.13914,5284.983924
PG03,2026-04-01 06:00:0.00000000,-15313.991227,-76.612791,21486.513063
PG04,2026-04-01 06:00:0.00000000,-26230.472707,-1182.184563,4615.10661
PG05,2026-04-01 06:00:0.00000000,8301.716453,15678.050275,-19926.585071
PG06,2026-04-01 06:00:0.00000000,399.332304,20287.665947,17113.562689
PG07,2026-04-01 06:00:0.00000000,-14857.338476,4966.02476,-20879.218642
PG08,2026-04-01 06:00:0.00000000,-20703.384491,-7813.530099,-15223.226814
PG09,2026-04-01 06:00:0.00000000,-25060.880067,7244.652075,-5302.910785
PG10,2026-04-01 06:00:0.00000000,10819.735352,-24053.269729,-1.179973
PG11,2026-04-01 06:00:0.00000000,11432.768758,23454.365822,5215.350878
PG12,2026-04-01 06:00:0.00000000,14735.781235,4192.208718,21407.54206
PG13,2026-04-01 06:00:0.00000000,13829.883593,13220.530124,-18806.786685
PG14,2026-04-01 06:00:0.00000000,-12854.761765,22820.66796,-3174.874672
PG15,2026-04-01 06:00:0.00000000,21430.514941,5331.739534,-15339.449148
PG16,2026-04-01 06:00:0.00000000,-3559.877933,-19591.098638,-17752.637561
PG17,2026-04-01 06:00:0.00000000,-15543.751657,13209.059718,17518.032536
PG18,2026-04-01 06:00:0.00000000,13253.143852,-7106.578253,-21853.935508
PG19,2026-04-01 06:00:0.00000000,-4895.718134,14997.557657,21222.288186
PG20,2026-04-01 06:00:0.00000000,15501.031625,10962.260816,-18491.686065
PG21,2026-04-01 06:00:0.00000000,888.676983,22214.727807,-14498.443575
PG22,2026-04-01 06:00:0.00000000,-10478.384075,24380.533796,3554.264887
PG23,2026-04-01 06:00:0.00000000,15922.364253,-16871.613034,-12606.710309
PG24,2026-04-01 06:00:0.00000000,21153.986066,13639.214054,8489.630273
PG25,2026-04-01 06:00:0.00000000,17260.786968,-10089.829175,16974.721914
PG26,2026-04-01 06:00:0.00000000,2248.499157,-25243.748296,-7458.906704
PG27,2026-04-01 06:00:0.00000000,-10708.39638,-13470.435136,-20700.301359
PG28,2026-04-01 06:00:0.00000000,-1012.395583,-20449.179393,16911.394969
PG29,2026-04-01 06:00:0.00000000,26022.780396,-3959.889919,-4173.744064
PG30,2026-04-01 06:00:0.00000000,-6208.580844,16103.10618,-19923.312735
PG31,2026-04-01 06:00:0.00000000,-8732.828021,-23210.876319,8783.763515
PG32,2026-04-01 06:00:0.00000000,10637.210637,-14843.822336,19498.583718
PG01,2026-04-01 06:15:0.00000000,-19931.030628,-11437.359673,13379.279138
PG02,2026-04-01 06:15:0.00000000,-20220.332623,-17570.00139,2502.892817
PG03,2026-04-01 06:15:0.00000000,-14380.353964,-2421.390257,21994.747348
PG04,2026-04-01 06:15:0.00000000,-25578.665641,-1460.164661,7370.683868
PG05,2026-04-01 06:15:0.00000000,7505.333042,17689.951724,-18490.437246
PG06,2026-04-01 06:15:0.00000000,-917.400739,18719.811823,18816.226983
PG07,2026-04-01 06:15:0.00000000,-16346.547549,2988.156803,-20187.449754
PG08,2026-04-01 06:15:0.00000000,-18967.013313,-8330.893558,-17076.774521
PG09,2026-04-01 06:15:0.00000000,-25528.685681,7088.994881,-2489.746128
PG10,2026-04-01 06:15:0.00000000,10917.632066,-23798.195025,-2934.4734
PG11,2026-04-01 06:15:0.00000000,10810.122365,22985.274725,7939.312869
PG12,2026-04-01 06:15:0.00000000,13658.423466,6471.184868,21552.05613
PG13,2026-04-01 06:15:0.00000000,11663.655664,13296.638645,-20168.030092
PG14,2026-04-01 06:15:0.00000000,-12948.837739,22199.854863,-5946.71417
PG15,2026-04-01 06:15:0.00000000,19802.406293,6063.200318,-17204.833688
PG16,2026-04-01 06:15:0.00000000,-2558.760932,-21188.153279,-15920.135936
PG17,2026-04-01 06:15:0.00000000,-17377.538859,13226.508788,15666.734332
PG18,2026-04-01 06:15:0.00000000,14739.736283,-5115.698787,-21479.762689
PG19,2026-04-01 06:15:0.00000000,-7308.134195,15015.538594,20458.43644
PG20,2026-04-01 06:15:0.00000000,13345.850935,11451.808311,-19826.534757
PG21,2026-04-01 06:15:0.00000000,112.448148,23549.960659,-12239.990064
PG22,2026-04-01 06:15:0.00000000,-10783.244094,24459.565172,736.357707
PG23,2026-04-01 06:15:0.00000000,15511.906139,-15327.436646,-14894.659383
PG24,2026-04-01 06:15:0.00000000,21565.136888,14470.620693,5869.982099
PG25,2026-04-01 06:15:0.00000000,16701.800185,-8042.485681,18543.136382
PG26,2026-04-01 06:15:0.00000000,2781.450364,-25802.823338,-4765.011329
PG27,2026-04-01 06:15:0.00000000,-8416.425665,-13898.092249,-21437.265013
PG28,2026-04-01 06:15:0.00000000,401.126782,-18985.268961,18564.831812
PG29,2026-04-01 06:15:0.00000000,26349.40637,-3742.632481,-1349.388441
PG30,2026-04-01 06:15:0.00000000,-7787.725965,14318.879318,-20730.53921
PG31,2026-04-01 06:15:0.00000000,-7797.373618,-22416.350369,11313.718485
PG32,2026-04-01 06:15:0.00000000,12729.086385,-15045.576795,17996.049295
PG01,2026-04-01 06:30:0.00000000,-20619.259793,-12669.879244,11027.002469
PG02,2026-04-01 06:30:0.00000000,-20140.518608,-17774.986509,-320.619452
PG03,2026-04-01 06:30:0.00000000,-13569.666641,-4848.70974,22117.180482
PG04,2026-04-01 06:30:0.00000000,-24643.18742,-1823.866105,10000.809095
PG05,2026-04-01 06:30:0.00000000,6869.345593,19570.968772,-16739.929419
PG06,2026-04-01 06:30:0.00000000,-2432.050203,17095.972815,20195.028872
PG07,2026-04-01 06:30:0.00000000,-17860.675167,1166.530659,-19131.621542
PG08,2026-04-01 06:30:0.00000000,-17072.707587,-8983.717623,-18645.742543
PG09,2026-04-01 06:30:0.00000000,-25692.619261,6883.900206,366.016954
PG10,2026-04-01 06:30:0.00000000,10923.704882,-23232.220764,-5816.001436
PG11,2026-04-01 06:30:0.00000000,9974.048246,22317.176142,10527.43266
PG12,2026-04-01 06:30:0.00000000,12700.788924,8797.238611,21315.664845
PG13,2026-04-01 06:30:0.00000000,9370.957603,13500.635585,-21192.387239
PG14,2026-04-01 06:30:0.00000000,-12971.352037,21291.750019,-8614.084825
PG15,2026-04-01 06:30:0.00000000,18037.822847,6943.450222,-18785.972549
PG16,2026-04-01 06:30:0.00000000,-1724.953448,-22634.549046,-13815.712029
PG17,2026-04-01 06:30:0.00000000,-18990.625508,13307.455713,13555.226341
PG18,2026-04-01 06:30:0.00000000,16288.416821,-3258.047596,-20735.494044
PG19,2026-04-01 06:30:0.00000000,-9614.177095,15145.083509,19336.49258
PG20,2026-04-01 06:30:0.00000000,11090.225531,12081.917829,-20817.966548
PG21,2026-04-01 06:30:0.00000000,-503.778014,24671.360248,-9770.431033
PG22,2026-04-01 06:30:0.00000000,-10960.146431,24262.47238,-2093.937387
PG23,2026-04-01 06:30:0.00000000,15116.062134,-13527.53414,-16921.851588
PG24,2026-04-01 06:30:0.00000000,21794.486148,15074.687132,3149.98741
PG25,2026-04-01 06:30:0.00000000,16196.490635,-5815.780432,19779.908626
PG26,2026-04-01 06:30:0.00000000,3222.273818,-26083.415833,-1987.501891
PG27,2026-04-01 06:30:0.00000000,-6086.045338,-14458.81108,-21819.078372
PG28,2026-04-01 06:30:0.00000000,2004.992976,-17474.121727,19898.676264
PG29,2026-04-01 06:30:0.00000000,26369.975969,-3500.434964,1497.960629
PG30,2026-04-01 06:30:0.00000000,-9496.164223,12560.298277,-21173.351709
PG31,2026-04-01 06:30:0.00000000,-6641.743092,-21457.540342,13642.954488
PG32,2026-04-01 06:30:0.00000000,14628.293623,-15318.851264,16188.267612
PG01,2026-04-01 06:45:0.00000000,-21188.138901,-13656.814354,8485.676564
PG02,2026-04-01 06:45:0.00000000,-19826.136597,-17786.28659,-3138.761487
PG03,2026-04-01 06:45:0.00000000,-12900.475417,-7309.079559,21851.989144
PG04,2026-04-01 06:45:0.00000000,-23449.186871,-2304.284448,12460.685445
PG05,2026-04-01 06:45:0.00000000,6381.518069,21276.373183,-14704.379553
PG06,2026-04-01 06:45:0.00000000,-4129.39916,15462.61076,21226.764162
PG07,2026-04-01 06:45:0.00000000,-19358.563178,-473.111418,-17732.79096
PG08,2026-04-01 06:45:0.00000000,-15061.835071,-9781.67629,-19903.40166
PG09,2026-04-01 06:45:0.00000000,-25559.011317,6592.339363,3215.499898
PG10,2026-04-01 06:45:0.00000000,10878.411349,-22352.374094,-8594.681565
PG11,2026-04-01 06:45:0.00000000,8911.645936,21487.676784,12935.488174
PG12,2026-04-01 06:45:0.00000000,11878.808844,11122.482101,20702.656083
PG13,2026-04-01 06:45:0.00000000,6997.677175,13843.415985,-21862.467902
PG14,2026-04-01 06:45:0.00000000,-12959.409251,20101.400363,-11130.112417
PG15,2026-04-01 06:45:0.00000000,16179.219823,7977.23899,-20057.758363
PG16,2026-04-01 06:45:0.00000000,-1046.391413,-23888.288545,-11473.927192
PG17,2026-04-01 06:45:0.00000000,-20356.296188,13419.720715,11218.160337
PG18,2026-04-01 06:45:0.00000000,17860.297202,-1563.41125,-19634.758778
PG19,2026-04-01 06:45:0.00000000,-11769.353417,15366.583767,17874.837779
PG20,2026-04-01 06:45:0.00000000,8782.173825,12854.428951,-21448.823696
PG21,2026-04-01 06:45:0.00000000,-982.362549,25544.773329,-7132.339091
PG22,2026-04-01 06:45:0.00000000,-11043.31888,23775.523112,-4888.741114
PG23,2026-04-01 06:45:0.00000000,14772.07615,-11500.310153,-18653.088501
PG24,2026-04-01 06:45:0.00000000,21813.057239,15471.234878,376.487274
PG25,2026-04-01 06:45:0.00000000,15772.691897,-3448.869327,20662.868052
PG26,2026-04-01 06:45:0.00000000,3602.54169,-26070.232305,824.985538
PG27,2026-04-01 06:45:0.00000000,-3762.729884,-15147.078018,-21838.388088
PG28,2026-04-01 06:45:0.00000000,3781.81644,-15959.212879,20890.027005
PG29,2026-04-01 06:45:0.00000000,26089.691891,-3196.469198,4319.762342
PG30,2026-04-01 06:45:0.00000000,-11305.545303,10866.267451,-21244.620386
PG31,2026-04-01 06:45:0.00000000,-5262.471421,-20376.02138,15729.838361
PG32,2026-04-01 06:45:0.00000000,16302.616759,-15631.881913,14105.004452
PG01,2026-04-01 07:00:0.00000000,-21598.565755,-14403.809052,5798.920017
PG02,2026-04-01 07:00:0.00000000,-19255.969788,-17634.50263,-5904.38621
PG03,2026-04-01 07:00:0.00000000,-12382.849928,-9750.800735,21204.258857
PG04,2026-04-01 07:00:0.00000000,-22028.769918,-2927.15535,14708.360921
PG05,2026-04-01 07:00:0.00000000,6022.130752,22765.613332,-12418.013996
PG06,2026-04-01 07:00:0.00000000,-5986.012679,13863.676357,21894.24503
PG07,2026-04-01 07:00:0.00000000,-20796.989819,-1913.427337,-16018.11275
PG08,2026-04-01 07:00:0.00000000,-12977.980051,-10726.928379,-20827.96073
PG09,2026-04-01 07:00:0.00000000,-25142.687423,6179.786907,6009.817573
PG10,2026-04-01 07:00:0.00000000,10822.735711,-21165.495639,-11221.049596
PG11,2026-04-01 07:00:0.00000000,7618.043472,20537.574692,15122.344577
PG12,2026-04-01 07:00:0.00000000,11200.29635,13397.591722,19724.13417
PG13,2026-04-01 07:00:0.00000000,4591.613821,14327.86992,-22166.602529
PG14,2026-04-01 07:00:0.00000000,-12949.419106,18642.569037,-13450.641316
PG15,2026-04-01 07:00:0.00000000,14269.933437,9161.812486,-21000.08756
PG16,2026-04-01 07:00:0.00000000,-503.916099,-24911.606662,-8933.852264
PG17,2026-04-01 07:00:0.00000000,-21455.071346,13527.567515,8693.97478
PG18,2026-04-01 07:00:0.00000000,19412.884701,-53.984127,-18197.23131
PG19,2026-04-01 07:00:0.00000000,-13733.971245,15653.74436,16098.095182
PG20,2026-04-01 07:00:0.00000000,6470.115878,13763.011109,-21708.234743
PG21,2026-04-01 07:00:0.00000000,-1351.508512,26142.602326,-4371.210171
PG22,2026-04-01 07:00:0.00000000,-11069.365059,22993.234437,-7600.370753
PG23,2026-04-01 07:00:0.00000000,14512.335521,-9281.738833,-20058.503028
PG24,2026-04-01 07:00:0.00000000,21597.470178,15686.195155,-2403.409568
PG25,2026-04-01 07:00:0.00000000,15451.83484,-986.108364,21176.417741
PG26,2026-04-01 07:00:0.00000000,3956.070088,-25756.360173,3622.876852
PG27,2026-04-01 07:00:0.00000000,-1490.817887,-15949.690946,-21493.624371
PG28,2026-04-01 07:00:0.00000000,5706.450841,-14481.260532,21521.883451
PG29,2026-04-01 07:00:0.00000000,25522.242163,-2795.934072,7067.85039
PG30,2026-04-01 07:00:0.00000000,-13181.569818,9270.673347,-20943.873081
PG31,2026-04-01 07:00:0.00000000,-3664.801833,-19215.15525,17537.094795
PG32,2026-04-01 07:00:0.00000000,17726.910134,-15948.540458,11780.88069
PG01,2026-04-01 07:15:0.00000000,-21814.724075,-14924.509648,3012.806432
PG02,2026-04-01 07:15:0.00000000,-18416.184901,-17354.424138,-8570.707724
PG03,2026-04-01 07:15:0.00000000,-12018.0752,-12121.822015,20185.8596
PG04,2026-04-01 07:15:0.00000000,-20419.838848,-3711.781699,16705.424742
PG05,2026-04-01 07:15:0.00000000,5764.871981,24003.770076,-9919.433364
PG06,2026-04-01 07:15:0.00000000,-7970.982955,12339.008523,22186.556215
PG07,2026-04-01 07:15:0.00000000,-22132.374596,-3145.855836,-14020.150487
PG08,2026-04-01 07:15:0.00000000,-10865.467092,-11813.864039,-21402.948509
PG09,2026-04-01 07:15:0.00000000,-24466.374828,5615.751982,8700.909962
PG10,2026-04-01 07:15:0.00000000,10796.367577,-19688.128779,-13648.227798
PG11,2026-04-01 07:15:0.00000000,6096.775911,19509.256447,17050.641309
PG12,2026-04-01 07:15:0.00000000,10664.753818,15573.599468,18397.789413
PG13,2026-04-01 07:15:0.00000000,2200.88194,14948.686897,-22099.050582
PG14,2026-04-01 07:15:0.00000000,-12975.492209,16937.327417,-15535.054712
PG15,2026-04-01 07:15:0.00000000,12352.717627,10486.902624,-21598.09264
PG16,2026-04-01 07:15:0.00000000,-72.134319,-25672.439947,-6238.486538
PG17,2026-04-01 07:15:0.00000000,-22275.326976,13593.141164,6024.350563
PG18,2026-04-01 07:15:0.00000000,20901.654883,1256.265232,-16448.244056
PG19,2026-04-01 07:15:0.00000000,-15474.56115,15974.666886,14036.747617
PG20,2026-04-01 07:15:0.00000000,4201.164355,14793.310243,-21591.802216
PG21,2026-04-01 07:15:0.00000000,-1643.966526,26444.850311,-1534.673109
PG22,2026-04-01 07:15:0.00000000,-11075.718375,21918.75034,-10182.129065
PG23,2026-04-01 07:15:0.00000000,14363.023799,-6914.11465,-21114.077105
PG24,2026-04-01 07:15:0.00000000,21130.848709,15750.388143,-5143.086373
PG25,2026-04-01 07:15:0.00000000,15248.061252,1524.539024,21311.830481
PG26,2026-04-01 07:15:0.00000000,4317.361347,-25143.624807,6356.595078
PG27,2026-04-01 07:15:0.00000000,687.955464,-16846.139241,-20789.105829
PG28,2026-04-01 07:15:0.00000000,7746.77658,-13076.730366,21783.433439
PG29,2026-04-01 07:15:0.00000000,24689.274945,-2267.586675,9695.236016
PG30,2026-04-01 07:15:0.00000000,-15085.211761,7801.207347,-20277.249269
PG31,2026-04-01 07:15:0.00000000,-1862.703429,-18018.336555,19032.544728
PG32,2026-04-01 07:15:0.00000000,18883.939232,-16229.78875,9254.861426
PG01,2026-04-01 07:30:0.00000000,-21805.543919,-15239.85459,175.082234
PG02,2026-04-01 07:30:0.00000000,-17301.07661,-16983.642429,-11092.045664
PG03,2026-04-01 07:30:0.00000000,-11798.709186,-14371.606151,18815.190959
PG04,2026-04-01 07:30:0.00000000,-18664.723166,-4670.106147,18417.649868
PG05,2026-04-01 07:30:0.00000000,5577.992992,24962.818598,-7250.999296
PG06,2026-04-01 07:30:0.00000000,-10046.962754,10922.910872,22099.203385
PG07,2026-04-01 07:30:0.00000000,-23322.472647,-4170.622401,-11776.101901
PG08,2026-04-01 07:30:0.00000000,-8767.854047,-13029.140837,-21617.531009
PG09,2026-04-01 07:30:0.00000000,-23559.815453,4875.163344,11242.367948
PG10,2026-04-01 07:30:0.00000000,10835.929943,-17946.017343,-15832.851504
PG11,2026-04-01 07:30:0.00000000,4359.845467,18445.047919,18687.416077
PG12,2026-04-01 07:30:0.00000000,10263.532062,17603.671517,16747.533396
PG13,2026-04-01 07:30:0.00000000,-127.701001,15692.469124,-21660.131165
PG14,2026-04-01 07:30:0.00000000,-13067.940823,15015.32168,-17347.021077
PG15,2026-04-01 07:30:0.00000000,10468.320447,11934.98532,-21842.312464
PG16,2026-04-01 07:30:0.00000000,279.45416,-26145.714304,-3434.0747
PG17,2026-04-01 07:30:0.00000000,-22813.644161,13578.004806,3253.610448
PG18,2026-04-01 07:30:0.00000000,22281.70295,2361.904619,-14418.312641
PG19,2026-04-01 07:30:0.00000000,-16965.062913,16293.187171,11726.623374
PG20,2026-04-01 07:30:0.00000000,2019.474279,15923.421576,-21101.67349
PG21,2026-04-01 07:30:0.00000000,-1895.56194,26439.883758,1328.338848
PG22,2026-04-01 07:30:0.00000000,-11099.04775,20563.909282,-12589.105701
PG23,2026-04-01 07:30:0.00000000,14343.039865,-4444.56229,-21802.041667
PG24,2026-04-01 07:30:0.00000000,20403.480786,15698.157789,-7797.131496
PG25,2026-04-01 07:30:0.00000000,15167.660454,4033.240446,21067.389166
PG26,2026-04-01 07:30:0.00000000,4720.005823,-24242.603907,8977.514694
PG27,2026-04-01 07:30:0.00000000,2735.845988,-17809.264876,-19735.068818
PG28,2026-04-01 07:30:0.00000000,9864.761427,-11776.517613,21670.234509
PG29,2026-04-01 07:30:0.00000000,23619.582624,-1585.142633,12156.89672
PG30,2026-04-01 07:30:0.00000000,-16974.130613,6478.455319,-19257.326201
PG31,2026-04-01 07:30:0.00000000,121.474057,-16827.248988,20189.735286
PG32,2026-04-01 07:30:0.00000000,19764.936414,-16435.273682,6569.657648
PG01,2026-04-01 07:45:0.00000000,-21545.990937,-15377.091866,-2665.642036
PG02,2026-04-01 07:45:0.00000000,-15913.534493,-16561.042605,-13424.589121
PG03,2026-04-01 07:45:0.00000000,-11709.000291,-16452.932004,17116.804835
PG04,2026-04-01 07:45:0.00000000,-16808.652253,-5806.065078,19815.571922
PG05,2026-04-01 07:45:0.00000000,5425.684392,25622.646828,-4458.149096
PG06,2026-04-01 07:45:0.00000000,-12171.446411,9642.957444,21634.15387
PG07,2026-04-01 07:45:0.00000000,-24327.987293,-4996.385912,-9326.967114
PG08,2026-04-01 07:45:0.00000000,-6726.446371,-14352.013411,-21466.757291
PG09,2026-04-01 07:45:0.00000000,-22458.617524,3939.552929,13590.239052
PG10,2026-04-01 07:45:0.00000000,10973.334616,-15973.229235,-17735.929298
PG11,2026-04-01 07:45:0.00000000,2427.460531,17385.580983,20004.656386
PG12,2026-04-01 07:45:0.00000000,9980.331791,19444.799839,14803.010712
PG13,2026-04-01 07:45:0.00000000,-2350.185954,16538.153029,-20856.271921
PG14,2026-04-01 07:45:0.00000000,-13251.947246,12912.744989,-18855.150709
PG15,2026-04-01 07:45:0.00000000,8654.144735,13481.795883,-21728.802519
PG16,2026-04-01 07:45:0.00000000,585.099745,-26314.392715,-569.328325
PG17,2026-04-01 07:45:0.00000000,-23074.872241,13444.72306,428.065079
PG18,2026-04-01 07:45:0.00000000,23509.410603,3266.018453,-12142.584092
PG19,2026-04-01 07:45:0.00000000,-18187.72405,16570.414032,9208.257496
PG20,2026-04-01 07:45:0.00000000,-35.284225,17124.669806,-20246.493922
PG21,2026-04-01 07:45:0.00000000,-2143.601959,26124.883227,4168.439633
PG22,2026-04-01 07:45:0.00000000,-11173.675081,18948.99095,-14778.978118
PG23,2026-04-01 07:45:0.00000000,14463.225182,-1923.367244,-22111.15324
PG24,2026-04-01 07:45:0.00000000,19413.217188,15565.915432,-10321.999467
PG25,2026-04-01 07:45:0.00000000,15208.851589,6490.102211,20448.370201
PG26,2026-04-01 07:45:0.00000000,5195.112425,-23072.293415,11438.911306
PG27,2026-04-01 07:45:0.00000000,4620.358773,-18806.188308,-18347.61473
PG28,2026-04-01 07:45:0.00000000,12017.754952,-10604.856607,21184.286086
PG29,2026-04-01 07:45:0.00000000,22348.024639,-728.491589,14410.538337
PG30,2026-04-01 07:45:0.00000000,-18804.2138,5315.286899,-17902.825212
PG31,2026-04-01 07:45:0.00000000,2257.694501,-15680.207486,20988.444855
PG32,2026-04-01 07:45:0.00000000,20369.844706,-16525.003727,3771.045503
PG01,2026-04-01 08:00:0.00000000,-21018.135154,-15368.562325,-5460.713844
PG02,2026-04-01 08:00:0.00000000,-14265.205484,-16125.225951,-15527.169656
PG03,2026-04-01 08:00:0.00000000,-11725.644156,-18323.560803,15120.916436
PG04,2026-04-01 08:00:0.00000000,-14898.125967,-7115.249915,20874.995336
PG05,2026-04-01 08:00:0.00000000,5269.623659,25971.789171,-1588.647012
PG06,2026-04-01 08:00:0.00000000,-14298.248894,8519.07048,20799.771554
PG07,2026-04-01 08:00:0.00000000,-25114.037566,-5639.556722,-6716.686852
PG08,2026-04-01 08:00:0.00000000,-4778.885544,-15754.951015,-20951.726131
PG09,2026-04-01 08:00:0.00000000,-21202.888491,2797.989967,15703.798754
PG10,2026-04-01 08:00:0.00000000,11234.338135,-13810.941206,-19323.613454
PG11,2026-04-01 08:00:0.00000000,327.462712,16368.237833,20979.770264
PG12,2026-04-01 08:00:0.00000000,9792.022695,21059.337434,12599.001132
PG13,2026-04-01 08:00:0.00000000,-4426.968134,17457.728226,-19699.972153
PG14,2026-04-01 08:00:0.00000000,-13546.454685,10671.058798,-20033.548944
PG15,2026-04-01 08:00:0.00000000,6943.034716,15097.084417,-21259.186241
PG16,2026-04-01 08:00:0.00000000,881.26652,-26170.231718,2305.437107
PG17,2026-04-01 08:00:0.00000000,-23071.898255,13158.436391,-2404.690264
PG18,2026-04-01 08:00:0.00000000,24544.065911,3979.863216,-9660.219043
PG19,2026-04-01 08:00:0.00000000,-19133.668006,16766.405009,6526.14069
PG20,2026-04-01 08:00:0.00000000,-1929.271107,18362.665715,-19041.24379
PG21,2026-04-01 08:00:0.00000000,-2425.225836,25505.964378,6936.649609
PG22,2026-04-01 08:00:0.00000000,-11330.066562,17102.14305,-16712.797029
PG23,2026-04-01 08:00:0.00000000,14725.927534,597.804839,-22036.844732
PG24,2026-04-01 08:00:0.00000000,18165.602366,15390.645352,-12676.617092
PG25,2026-04-01 08:00:0.00000000,15361.917611,8846.967373,19466.874029
PG26,2026-04-01 08:00:0.00000000,5769.837209,-21659.435414,13696.881912
PG27,2026-04-01 08:00:0.00000000,6315.329874,-19799.473314,-16648.568579
PG28,2026-04-01 08:00:0.00000000,14159.967492,-9578.499214,20333.991625
PG29,2026-04-01 08:00:0.00000000,20914.228375,315.319878,16417.318205
PG30,2026-04-01 08:00:0.00000000,-20531.186035,4316.563946,-16238.20875
PG31,2026-04-01 08:00:0.00000000,4509.248628,-14610.657966,21415.051088
PG32,2026-04-01 08:00:0.00000000,20707.23428,-16461.043164,907.110771
PG01,2026-04-01 08:15:0.00000000,-20211.958358,-15250.295996,-8162.260885
PG02,2026-04-01 08:15:0.00000000,-12376.334241,-15712.920059,-17362.030229
PG03,2026-04-01 08:15:0.00000000,-11818.845114,-19947.701596,12862.816601
PG04,2026-04-01 08:15:0.00000000,-12979.243399,-8584.890666,21577.418205
PG05,2026-04-01 08:15:0.00000000,5070.635522,26007.844227,1308.21728
PG06,2026-04-01 08:15:0.00000000,-16379.126727,7562.902439,19610.649094
PG07,2026-04-01 08:15:0.00000000,-25651.427942,-6123.329008,-3991.27494
PG08,2026-04-01 08:15:0.00000000,-2957.86359,-17204.527173,-20079.665846
PG09,2026-04-01 08:15:0.00000000,-19835.700842,1447.726727,17546.273129
PG10,2026-04-01 08:15:0.00000000,11637.362379,-11505.936013,-20567.859967
PG11,2026-04-01 08:15:0.00000000,-1905.537427,15425.731586,21595.968978
PG12,2026-04-01 08:15:0.00000000,9669.741924,22416.315671,10174.728831
PG13,2026-04-01 08:15:0.00000000,-6324.113901,18417.232891,-18209.676246
PG14,2026-04-01 08:15:0.00000000,-13963.32522,8335.517054,-20862.25586
PG15,2026-04-01 08:15:0.00000000,5362.226563,16745.587375,-20440.647485
PG16,2026-04-01 08:15:0.00000000,1204.976479,-25714.205565,5139.234193
PG17,2026-04-01 08:15:0.00000000,-22825.124979,12688.369125,-5196.522447
PG18,2026-04-01 08:15:0.00000000,25349.376451,4522.215106,-7013.719205
PG19,2026-04-01 08:15:0.00000000,-19803.10432,16841.907167,3727.872398
PG20,2026-04-01 08:15:0.00000000,-3635.587909,19598.597231,-17506.962744
PG21,2026-04-01 08:15:0.00000000,-2775.763478,24597.964686,9585.246897
PG22,2026-04-01 08:15:0.00000000,-11593.459763,15058.501616,-18355.739672
PG23,2026-04-01 08:15:0.00000000,15124.915204,3067.728639,-21581.251034
PG24,2026-04-01 08:15:0.00000000,16673.740222,15208.423707,-14822.933524
PG25,2026-04-01 08:15:0.00000000,15609.680312,11059.127297,18141.511928
PG26,2026-04-01 08:15:0.00000000,6466.075729,-20037.534369,15711.211171
PG27,2026-04-01 08:15:0.00000000,7801.788143,-20748.495444,-14665.242671
PG28,2026-04-01 08:15:0.00000000,16244.077346,-8706.193061,19134.011626
PG29,2026-04-01 08:15:0.00000000,19361.116041,1551.37727,18142.51734
PG30,2026-04-01 08:15:0.00000000,-22112.22083,3479.174006,-14293.180677
PG31,2026-04-01 08:15:0.00000000,6834.041638,-13645.898474,21462.754321
PG32,2026-04-01 08:15:0.00000000,20793.88864,-16209.156956,-1972.57109
PG01,2026-04-01 08:30:0.00000000,-19125.86899,-15060.475506,-10724.000152
PG02,2026-04-01 08:30:0.00000000,-10275.274947,-15357.437901,-18895.574156
PG03,2026-04-01 08:30:0.00000000,-11953.63574,-21297.220354,10382.200191
PG04,2026-04-01 08:30:0.00000000,-11096.051976,-10194.164808,21910.368136
PG05,2026-04-01 08:30:0.00000000,4790.401476,25737.556733,4182.470683
PG06,2026-04-01 08:30:0.00000000,-18365.479911,6777.542882,18087.341854
PG07,2026-04-01 08:30:0.00000000,-25917.679224,-6476.479064,-1197.965716
PG08,2026-04-01 08:30:0.00000000,-1290.013135,-18662.555451,-18863.919721
PG09,2026-04-01 08:30:0.00000000,-18401.449482,-105.47213,19085.498928
PG10,2026-04-01 08:30:0.00000000,12192.631793,-9108.876758,-21446.96116
PG11,2026-04-01 08:30:0.00000000,-4231.284463,14584.876801,21842.555673
PG12,2026-04-01 08:30:0.00000000,9580.222282,23492.492813,7573.097151
PG13,2026-04-01 08:30:0.00000000,-8014.488987,19377.99443,-16409.553978
PG14,2026-04-01 08:30:0.00000000,-14506.797485,5953.554718,-21327.565612
PG15,2026-04-01 08:30:0.00000000,3932.496593,18388.185463,-19285.863204
PG16,2026-04-01 08:30:0.00000000,1592.10332,-24956.570013,7881.384636
PG17,2026-04-01 08:30:0.00000000,-22361.670131,12009.213695,-7899.543119
PG18,2026-04-01 08:30:0.00000000,25894.820789,4918.437846,-4248.211405
PG19,2026-04-01 08:30:0.00000000,-20205.169354,16760.086822,863.238491
PG20,2026-04-01 08:30:0.00000000,-5135.113517,20790.703805,-15670.367704
PG21,2026-04-01 08:30:0.00000000,-3227.167376,23423.904351,12068.595436
PG22,2026-04-01 08:30:0.00000000,-11982.685555,12859.031184,-19677.81282
PG23,2026-04-01 08:30:0.00000000,15645.641023,5437.407806,-20753.112862
PG24,2026-04-01 08:30:0.00000000,14957.905365,15052.999405,-16726.414657
PG25,2026-04-01 08:30:0.00000000,15928.290228,13086.875772,16496.962572
PG26,2026-04-01 08:30:0.00000000,7299.377803,-18245.602857,17446.160463
PG27,2026-04-01 08:30:0.00000000,9068.559617,-21610.969663,-12430.100124
PG28,2026-04-01 08:30:0.00000000,18222.905011,-7988.478874,17605.01013
PG29,2026-04-01 08:30:0.00000000,17733.312395,2976.48872,19556.14988
PG30,2026-04-01 08:30:0.00000000,-23507.491007,2792.381269,-12102.103734
PG31,2026-04-01 08:30:0.00000000,9186.098547,-12806.074612,21131.653735
PG32,2026-04-01 08:30:0.00000000,20654.070811,-15740.338877,-4817.806167
PG01,2026-04-01 08:45:0.00000000,-17766.904418,-14837.825651,-13102.020825
PG02,2026-04-01 08:45:0.00000000,-7997.680605,-15087.24887,-20099.075779
PG03,2026-04-01 08:45:0.00000000,-12091.398309,-22352.548627,7722.426455
PG04,2026-04-01 08:45:0.00000000,-9288.978865,-11914.822606,21867.642295
PG05,2026-04-01 08:45:0.00000000,4393.151457,25176.556622,6984.325123
PG06,2026-04-01 08:45:0.00000000,-20210.071603,6157.558793,16256.008987
PG07,2026-04-01 08:45:0.00000000,-25897.791795,-6731.986739,1615.606973
PG08,2026-04-01 08:45:0.00000000,204.982023,-20087.435325,-17323.830153
PG09,2026-04-01 08:45:0.00000000,-16944.164205,-1847.332533,20294.50796
PG10,2026-04-01 08:45:0.00000000,12901.664247,-6672.433327,-21945.938224
PG11,2026-04-01 08:45:0.00000000,-6605.220883,13865.596517,21715.115124
PG12,2026-04-01 08:45:0.00000000,9487.291695,24273.095378,4839.868427
PG13,2026-04-01 08:45:0.00000000,-9478.643849,20298.074708,-14329.18508
PG14,2026-04-01 08:45:0.00000000,-15173.263431,3573.106629,-21422.221927
PG15,2026-04-01 08:45:0.00000000,2667.535673,19983.212684,-17812.874333
PG16,2026-04-01 08:45:0.00000000,2075.689978,-23916.553357,10482.525462
PG17,2026-04-01 08:45:0.00000000,-21714.309853,11102.335705,-10466.917371
PG18,2026-04-01 08:45:0.00000000,26156.789916,5199.308178,-1410.699376
PG19,2026-04-01 08:45:0.00000000,-20357.403437,16488.17178,-2016.762821
PG20,2026-04-01 08:45:0.00000000,-6417.033205,21895.875842,-13563.37203
PG21,2026-04-01 08:45:0.00000000,-3806.579787,22014.142675,14343.934952
PG22,2026-04-01 08:45:0.00000000,-12509.23834,10549.123936,-20654.486682
PG23,2026-04-01 08:45:0.00000000,16265.841654,7661.76281,-19567.564636
PG24,2026-04-01 08:45:0.00000000,13044.917273,14954.481676,-18356.483036
PG25,2026-04-01 08:45:0.00000000,16288.291651,14896.84387,14563.415189
PG26,2026-04-01 08:45:0.00000000,8278.133189,-16326.690833,18871.158908
PG27,2026-04-01 08:45:0.00000000,10112.584461,-22344.584368,-9980.314708
PG28,2026-04-01 08:45:0.00000000,20051.090696,-7417.813982,15773.299048
PG29,2026-04-01 08:45:0.00000000,16075.493215,4579.095567,20633.498625
PG30,2026-04-01 08:45:0.00000000,-24681.599093,2238.475046,-9703.348901
PG31,2026-04-01 08:45:0.00000000,11517.221608,-12103.488694,20428.678353
PG32,2026-04-01 08:45:0.00000000,20318.493378,-15032.158,-7578.688691
PG01,2026-04-01 09:00:0.00000000,-16150.612268,-14619.990932,-15255.528326
PG02,2026-04-01 09:00:0.00000000,-5585.389486,-14924.724021,-20949.332504
PG03,2026-04-01 09:00:0.00000000,-12191.524955,-23103.260624,4929.727842
PG04,2026-04-01 09:00:0.00000000,-7593.404192,-13712.108071,21449.445919
PG05,2026-04-01 09:00:0.00000000,3847.270055,24348.761543,9665.056958
PG06,2026-04-01 09:00:0.00000000,-21868.7021,5689.364688,14147.968025
PG07,2026-04-01 09:00:0.00000000,-25584.724516,-6925.539726,4402.186727
PG08,2026-04-01 09:00:0.00000000,1515.017228,-21435.66265,-15484.515757
PG09,2026-04-01 09:00:0.00000000,-15505.843214,-3755.409207,21152.02369
PG10,2026-04-01 09:00:0.00000000,13757.135806,-4249.342011,-22056.785856
PG11,2026-04-01 09:00:0.00000000,-8979.999146,13280.203709,21215.601037
PG12,2026-04-01 09:00:0.00000000,9353.4797,24752.227904,2022.808662
PG13,2026-04-01 09:00:0.00000000,-10705.41913,21133.8703,-12003.146734
PG14,2026-04-01 09:00:0.00000000,-15951.369847,1240.924426,-21145.489537
PG15,2026-04-01 09:00:0.00000000,1573.572608,21487.876411,-16044.892111
PG16,2026-04-01 09:00:0.00000000,2684.365885,-22621.679499,12895.61348
PG17,2026-04-01 09:00:0.00000000,-20920.200111,9956.748479,-12853.686234
PG18,2026-04-01 09:00:0.00000000,26119.478352,5399.644627,1450.705765
PG19,2026-04-01 09:00:0.00000000,-20284.887485,15998.933398,-4860.921207
PG20,2026-04-01 09:00:0.00000000,-7479.042259,22871.316295,-11222.515599
PG21,2026-04-01 09:00:0.00000000,-4535.091642,20405.263017,16372.118868
PG22,2026-04-01 09:00:0.00000000,-13176.639642,8177.008704,-21267.240751
PG23,2026-04-01 09:00:0.00000000,16956.444458,9701.154462,-18045.814282
PG24,2026-04-01 09:00:0.00000000,10967.300877,14938.174499,-19686.904834
PG25,2026-04-01 09:00:0.00000000,16655.911933,16463.065548,12375.918553
PG26,2026-04-01 09:00:0.00000000,9403.063867,-14326.262458,19961.378915
PG27,2026-04-01 09:00:0.00000000,10938.925921,-22908.681921,-7357.225867
PG28,2026-04-01 09:00:0.00000000,21686.711189,-6979.016487,13670.38633
PG29,2026-04-01 09:00:0.00000000,14430.737254,6339.50946,21355.566266
PG30,2026-04-01 09:00:0.00000000,-25604.834807,1793.6847,-7138.591591
PG31,2026-04-01 09:00:0.00000000,13778.728665,-11542.247135,19367.379343
PG32,2026-04-01 09:00:0.00000000,19823.029474,-14069.864174,-10206.524668
PG01,2026-04-01 09:15:0.00000000,-14300.61446,-14441.963371,-17147.537504
PG02,2026-04-01 09:15:0.00000000,-3085.042512,-14885.113973,-21429.236669
PG03,2026-04-01 09:15:0.00000000,-12213.149239,-23548.301329,2052.383839
PG04,2026-04-01 09:15:0.00000000,-6038.430939,-15545.943299,20662.424859
PG05,2026-04-01 09:15:0.00000000,3126.751735,23285.462781,12177.880641
PG06,2026-04-01 09:15:0.00000000,-23301.775678,5351.907036,11799.170172
PG07,2026-04-01 09:15:0.00000000,-24979.583783,-7093.980276,7115.618886
PG08,2026-04-01 09:15:0.00000000,2635.907907,-22663.450827,-13376.53752
PG09,2026-04-01 09:15:0.00000000,-14124.873365,-5799.748695,21642.859373
PG10,2026-04-01 09:15:0.00000000,14743.122253,-1890.481391,-21778.566163
PG11,2026-04-01 09:15:0.00000000,-11307.107116,12832.984955,20352.318704
PG12,2026-04-01 09:15:0.00000000,9141.664005,24932.94101,-829.183653
PG13,2026-04-01 09:15:0.00000000,-11692.243215,21841.810684,-9470.504379
PG14,2026-04-01 09:15:0.00000000,-16822.436784,-999.042145,-20503.104267
PG15,2026-04-01 09:15:0.00000000,649.262724,22859.744094,-14010.036401
PG16,2026-04-01 09:15:0.00000000,3440.937596,-21106.745971,15076.899147
PG17,2026-04-01 09:15:0.00000000,-20019.419629,8569.812268,-15017.58854
PG18,2026-04-01 09:15:0.00000000,25775.493819,5556.791574,4287.565647
PG19,2026-04-01 09:15:0.00000000,-20019.078127,15271.943359,-7618.814008
PG20,2026-04-01 09:15:0.00000000,-8327.218416,23676.199337,-8688.316939
PG21,2026-04-01 09:15:0.00000000,-5426.741951,18638.729944,18118.287332
PG22,2026-04-01 09:15:0.00000000,-13980.128996,5792.030975,-21504.00351
PG23,2026-04-01 09:15:0.00000000,17682.742859,11522.687247,-16214.724388
PG24,2026-04-01 09:15:0.00000000,8762.26227,15023.593002,-20696.125318
PG25,2026-04-01 09:15:0.00000000,16994.516366,17767.737499,9973.656275
PG26,2026-04-01 09:15:0.00000000,10667.044197,-12290.491213,20698.182943
PG27,2026-04-01 09:15:0.00000000,11560.461865,-23265.920568,-4605.690831
PG28,2026-04-01 09:15:0.00000000,23092.774428,-6650.012284,11332.435542
PG29,2026-04-01 09:15:0.00000000,12838.944963,8230.470034,21709.432932
PG30,2026-04-01 09:15:0.00000000,-26254.214871,1429.32061,-4452.069421
PG31,2026-04-01 09:15:0.00000000,15923.199439,-11118.254928,17967.593878
PG32,2026-04-01 09:15:0.00000000,19207.21402,-12847.201754,-12654.752213
PG01,2026-04-01 09:30:0.00000000,-12247.869589,-14334.62104,-18745.503628
PG02,2026-04-01 09:30:0.00000000,-546.479204,-14975.811032,-21528.245364
PG03,2026-04-01 09:30:0.00000000,-12116.880495,-23695.862289,-860.124029
PG04,2026-04-01 09:30:0.00000000,-4645.899541,-17372.33357,19519.58915
PG05,2026-04-01 09:30:0.00000000,2212.444479,22024.127711,14478.799178
PG06,2026-04-01 09:30:0.00000000,-24475.702934,5117.636136,9249.604228
PG07,2026-04-01 09:30:0.00000000,-24091.527507,-7273.751683,9711.517068
PG08,2026-04-01 09:30:0.00000000,3571.421071,-23728.401878,-11035.452466
PG09,2026-04-01 09:30:0.00000000,-12834.599906,-7943.853653,21758.208736
PG10,2026-04-01 09:30:0.00000000,15835.702996,356.954698,-21117.353876
PG11,2026-04-01 09:30:0.00000000,-13538.546418,12520.102857,19139.802211
PG12,2026-04-01 09:30:0.00000000,8816.690437,24826.961862,-3666.946416
PG13,2026-04-01 09:30:0.00000000,-12445.104462,22380.091287,-6774.20841
PG14,2026-04-01 09:30:0.00000000,-17761.172278,-3107.137278,-19507.107114
PG15,2026-04-01 09:30:0.00000000,-114.149525,24058.248713,-11741.002349
PG16,2026-04-01 09:30:0.00000000,4361.219917,-19412.497341,16986.840552
PG17,2026-04-01 09:30:0.00000000,-19053.387043,6947.621994,-16919.865464
PG18,2026-04-01 09:30:0.00000000,25126.164539,5709.015218,7051.895049
PG19,2026-04-01 09:30:0.00000000,-19596.394374,14294.551037,-10241.779411
PG20,2026-04-01 09:30:0.00000000,-8975.570314,24273.261527,-6004.55979
PG21,2026-04-01 09:30:0.00000000,-6487.796977,16759.370872,19552.46386
PG22,2026-04-01 09:30:0.00000000,-14906.702737,3442.872958,-21359.469576
PG23,2026-04-01 09:30:0.00000000,18405.791509,13101.246311,-14106.305415
PG24,2026-04-01 09:30:0.00000000,6470.512665,15223.691415,-21367.553769
PG25,2026-04-01 09:30:0.00000000,17266.165042,18801.65122,7399.169114
PG26,2026-04-01 09:30:0.00000000,12055.254754,-10264.546899,21069.432701
PG27,2026-04-01 09:30:0.00000000,11997.262144,-23383.849672,-1773.339481
PG28,2026-04-01 09:30:0.00000000,24238.534741,-6402.85546,8799.645925
PG29,2026-04-01 09:30:0.00000000,11335.385374,10218.004751,21688.511926
PG30,2026-04-01 09:30:0.00000000,-26614.269808,1113.093366,-1689.815714
PG31,2026-04-01 09:30:0.00000000,17906.158419,-10819.550648,16254.99391
PG32,2026-04-01 09:30:0.00000000,18512.594988,-11366.892168,-14879.836961
PG01,2026-04-01 09:45:0.00000000,-10029.660617,-14323.433683,-20021.880756
PG02,2026-04-01 09:45:0.00000000,1979.027365,-15195.936828,-21242.727316
PG03,2026-04-01 09:45:0.00000000,-11866.473817,-23562.915252,-3757.960637
PG04,2026-04-01 09:45:0.00000000,-3429.686492,-19144.941434,18040.126304
PG05,2026-04-01 09:45:0.00000000,1093.028908,20606.964055,16527.413572
PG06,2026-04-01 09:45:0.00000000,-25364.087267,4953.728423,6542.637822
PG07,2026-04-01 09:45:0.00000000,-22937.397604,-7499.397957,12147.869759
PG08,2026-04-01 09:45:0.00000000,4332.989059,-24591.16183,-8501.256312
PG09,2026-04-01 09:45:0.00000000,-11662.102937,-10145.912509,21495.822249
PG10,2026-04-01 09:45:0.00000000,17003.89701,2451.112454,-20086.039362
PG11,2026-04-01 09:45:0.00000000,-15628.500866,12329.821872,17598.586911
PG12,2026-04-01 09:45:0.00000000,8346.902751,24454.104416,-6441.903905
PG13,2026-04-01 09:45:0.00000000,-12978.192638,22710.37453,-3960.401954
PG14,2026-04-01 09:45:0.00000000,-18736.651345,-5049.308746,-18175.569856
PG15,2026-04-01 09:45:0.00000000,-732.393189,25046.162516,-9274.651898
PG16,2026-04-01 09:45:0.00000000,5453.164064,-17584.050467,18590.929339
PG17,2026-04-01 09:45:0.00000000,-18063.212406,5105.058447,-18526.029255
PG18,2026-04-01 09:45:0.00000000,24181.533848,5893.870697,9696.932514
PG19,2026-04-01 09:45:0.00000000,-19056.619726,13062.540926,-12683.838431
PG20,2026-04-01 09:45:0.00000000,-9445.281769,24630.263909,-3217.52747
PG21,2026-04-01 09:45:0.00000000,-7716.337328,14813.741107,20650.065651
PG22,2026-04-01 09:45:0.00000000,-15935.50609,1175.787719,-20835.280626
PG23,2026-04-01 09:45:0.00000000,19083.965266,14420.232881,-11757.132418
PG24,2026-04-01 09:45:0.00000000,4134.977427,15544.326262,-21689.798014
PG25,2026-04-01 09:45:0.00000000,17433.206535,19564.289688,4697.544426
PG26,2026-04-01 09:45:0.00000000,13545.660325,-8290.947267,21069.656785
PG27,2026-04-01 09:45:0.00000000,12275.668478,-23236.33024,1090.258252
PG28,2026-04-01 09:45:0.00000000,25100.578546,-6204.982073,6115.563355
PG29,2026-04-01 09:45:0.00000000,9949.428195,12262.560446,21292.697043
PG30,2026-04-01 09:45:0.00000000,-26677.55267,810.558124,1101.11803
PG31,2026-04-01 09:45:0.00000000,19687.627845,-10626.961019,14260.535428
PG32,2026-04-01 09:45:0.00000000,17781.002456,-9640.75962,-16842.120343
PG01,2026-04-01 10:00:0.00000000,-7688.345246,-14427.385567,-20954.598111
PG02,2026-04-01 10:00:0.00000000,4440.625482,-15536.283601,-20576.168174
PG03,2026-04-01 10:00:0.00000000,-11430.372524,-23174.426576,-6591.774886
PG04,2026-04-01 10:00:0.00000000,-2395.31579,-20816.770744,16249.104887
PG05,2026-04-01 10:00:0.00000000,-234.309932,19079.301761,18287.673686
PG06,2026-04-01 10:00:0.00000000,-25948.651942,4823.513105,3724.305278
PG07,2026-04-01 10:00:0.00000000,-21541.102077,-7802.165082,14385.587028
PG08,2026-04-01 10:00:0.00000000,4939.110196,-25216.992555,-5817.720114
PG09,2026-04-01 10:00:0.00000000,-10627.229799,-12360.247569,20860.064243
PG10,2026-04-01 10:00:0.00000000,18210.886566,4356.896499,-18703.999825
PG11,2026-04-01 10:00:0.00000000,-17534.931987,12243.049959,15754.879457
PG12,2026-04-01 10:00:0.00000000,7705.524236,23841.38878,-9106.883335
PG13,2026-04-01 10:00:0.00000000,-13313.217094,22799.390517,-1077.647872
PG14,2026-04-01 10:00:0.00000000,-19713.517502,-6798.187901,-16532.221401
PG15,2026-04-01 10:00:0.00000000,-1227.466805,25790.987139,-6651.527392
PG16,2026-04-01 10:00:0.00000000,6716.325364,-15669.14116,19860.403097
PG17,2026-04-01 10:00:0.00000000,-17088.048584,3065.490754,-19806.57636
PG18,2026-04-01 10:00:0.00000000,22960.04271,6146.600372,12177.891402
PG19,2026-04-01 10:00:0.00000000,-18441.191125,11580.44501,-14902.543707
PG20,2026-04-01 10:00:0.00000000,-9763.683348,24721.268871,-375.199037
PG21,2026-04-01 10:00:0.00000000,-9102.169129,12848.435406,21392.319305
PG22,2026-04-01 10:00:0.00000000,-17038.567873,-967.077086,-19940.060005
PG23,2026-04-01 10:00:0.00000000,19674.620885,15471.974938,-9207.697261
PG24,2026-04-01 10:00:0.00000000,1799.429949,15983.97229,-21656.847675
PG25,2026-04-01 10:00:0.00000000,17459.844553,20063.5949,1915.591395
PG26,2026-04-01 10:00:0.00000000,15109.78808,-6408.042543,20700.077372
PG27,2026-04-01 10:00:0.00000000,12427.107553,-22804.735916,3934.498272
PG28,2026-04-01 10:00:0.00000000,25663.639002,-6020.648298,3326.333827
PG29,2026-04-01 10:00:0.00000000,8703.511573,14320.365103,20528.396642
PG30,2026-04-01 10:00:0.00000000,-26444.855338,486.627943,3873.43848
PG31,2026-04-01 10:00:0.00000000,21233.491922,-10515.041312,12019.825191
PG32,2026-04-01 10:00:0.00000000,17052.808241,-7689.48968,-18506.598941
PG01,2026-04-01 10:15:0.00000000,-5269.915397,-14658.157631,-21527.446232
PG02,2026-04-01 10:15:0.00000000,6789.75066,-15979.621459,-19539.219193
PG03,2026-04-01 10:15:0.00000000,-10783.066133,-22562.286628,-9313.513513
PG04,2026-04-01 10:15:0.00000000,-1539.900227,-22341.896363,14177.07102
PG05,2026-04-01 10:15:0.00000000,-1763.548676,17487.856598,19728.553725
PG06,2026-04-01 10:15:0.00000000,-26219.873418,4688.049662,842.552093
PG07,2026-04-01 10:15:0.00000000,-19932.773942,-8208.746394,16388.989074
PG08,2026-04-01 10:15:0.00000000,5414.454672,-25577.192924,-3031.629809
PG09,2026-04-01 10:15:0.00000000,-9741.922499,-14538.92542,19861.848593
PG10,2026-04-01 10:15:0.00000000,19415.473167,6047.098368,-16996.65216
PG11,2026-04-01 10:15:0.00000000,-19221.040926,12234.176346,13640.12937
PG12,2026-04-01 10:15:0.00000000,6871.840654,23021.909125,-11616.885536
PG13,2026-04-01 10:15:0.00000000,-13478.422616,22620.37057,1823.913721
PG14,2026-04-01 10:15:0.00000000,-20653.357387,-8333.902789,-14605.985433
PG15,2026-04-01 10:15:0.00000000,-1626.685242,26266.208264,-3915.285803
PG16,2026-04-01 10:15:0.00000000,8141.696315,-13716.271254,20772.822864
PG17,2026-04-01 10:15:0.00000000,-16163.510842,860.132406,-20737.624551
PG18,2026-04-01 10:15:0.00000000,21487.911541,6498.622045,14452.681885
PG19,2026-04-01 10:15:0.00000000,-17791.449674,9861.501179,-16859.736662
PG20,2026-04-01 10:15:0.00000000,-9962.992995,24527.683141,2473.578353
PG21,2026-04-01 10:15:0.00000000,-10627.062744,10908.410974,21766.575395
PG22,2026-04-01 10:15:0.00000000,-18181.850776,-2949.192684,-18689.29534
PG23,2026-04-01 10:15:0.00000000,20135.797735,16257.802332,-6501.70845
PG24,2026-04-01 10:15:0.00000000,-492.907548,16533.702073,-21268.204087
PG25,2026-04-01 10:15:0.00000000,17313.617554,20315.425032,-898.981136
PG26,2026-04-01 10:15:0.00000000,16713.769113,-4648.693445,19968.500855
PG27,2026-04-01 10:15:0.00000000,12486.681431,-22078.87644,6708.702939
PG28,2026-04-01 10:15:0.00000000,25921.108502,-5812.496772,479.912127
PG29,2026-04-01 10:15:0.00000000,7612.387145,16344.968708,19408.451629
PG30,2026-04-01 10:15:0.00000000,-25925.128817,107.098887,6580.374664
PG31,2026-04-01 10:15:0.00000000,22516.623126,-10453.257314,9572.422549
PG32,2026-04-01 10:15:0.00000000,16365.250455,-5542.026858,-19843.614381
PG01,2026-04-01 10:30:0.00000000,-2822.419585,-15019.601257,-21730.36595
PG02,2026-04-01 10:30:0.00000000,8981.919677,-16501.366413,-18149.579307
PG03,2026-04-01 10:30:0.00000000,-9906.214897,-21763.998116,-11877.199511
PG04,2026-04-01 10:30:0.00000000,-852.416757,-23677.172512,11859.542647
PG05,2026-04-01 10:30:0.00000000,-3479.84638,15878.945236,20824.636869
PG06,2026-04-01 10:30:0.00000000,-26177.297127,4507.797145,-2053.553333
PG07,2026-04-01 10:30:0.00000000,-18147.739093,-8740.208366,18126.239282
PG08,2026-04-01 10:30:0.00000000,5788.707622,-25650.306107,-191.941569
PG09,2026-04-01 10:30:0.00000000,-9009.867391,-16633.466541,18518.453271
PG10,2026-04-01 10:30:0.00000000,20573.701991,7503.196181,-14994.903243
PG11,2026-04-01 10:30:0.00000000,-20656.540495,12272.174189,11290.507821
PG12,2026-04-01 10:30:0.00000000,5832.143053,22033.497696,-13929.799571
PG13,2026-04-01 10:30:0.00000000,-13507.337351,22154.251206,4693.462933
PG14,2026-04-01 10:30:0.00000000,-21516.193563,-9644.598203,-12430.440688
PG15,2026-04-01 10:30:0.00000000,-1961.504678,26452.364627,-1112.054087
PG16,2026-04-01 10:30:0.00000000,9711.912608,-11772.839944,21312.499666
PG17,2026-04-01 10:30:0.00000000,-15320.232617,-1472.93157,-21301.454018
PG18,2026-04-01 10:30:0.00000000,19798.243142,6976.162828,16482.594598
PG19,2026-04-01 10:30:0.00000000,-17146.927781,7927.264749,-18522.198587
PG20,2026-04-01 10:30:0.00000000,-10078.876087,24039.027631,5279.926448
PG21,2026-04-01 10:30:0.00000000,-12265.309911,9035.386038,21766.517203
PG22,2026-04-01 10:30:0.00000000,-19326.574811,-4740.93282,-17105.068424
PG23,2026-04-01 10:30:0.00000000,20427.893554,16787.787911,-3685.350687
PG24,2026-04-01 10:30:0.00000000,-2700.752673,17177.433311,-20528.953573
PG25,2026-04-01 10:30:0.00000000,16966.737336,20342.730937,-3698.369795
PG26,2026-04-01 10:30:0.00000000,18319.596076,-3039.193064,18889.081021
PG27,2026-04-01 10:30:0.00000000,12491.591585,-21057.595841,9363.113988
PG28,2026-04-01 10:30:0.00000000,25875.229435,-5543.189996,-2374.76083
PG29,2026-04-01 10:30:0.00000000,6682.673421,18288.904298,17951.936725
PG30,2026-04-01 10:30:0.00000000,-25135.114377,-359.869368,9176.420158
PG31,2026-04-01 10:30:0.00000000,23517.732705,-10407.356465,6961.09379
PG32,2026-04-01 10:30:0.00000000,15750.895218,-3234.633722,-20829.43548
PG01,2026-04-01 10:45:0.00000000,-394.30737,-15507.52502,-21559.634681
PG02,2026-04-01 10:45:0.00000000,10978.370554,-17070.585719,-16431.706596
PG03,2026-04-01 10:45:0.00000000,-8789.501473,-20821.174992,-14239.665064
PG04,2026-04-01 10:45:0.00000000,-314.306922,-24783.852562,9336.408716
PG05,2026-04-01 10:45:0.00000000,-5359.921841,14296.724224,21556.595499
PG06,2026-04-01 10:45:0.00000000,-25829.52326,4244.312599,-4914.629542
PG07,2026-04-01 10:45:0.00000000,-16225.329032,-9411.126583,19569.724885
PG08,2026-04-01 10:45:0.00000000,6095.19423,-25423.057184,2651.13016
PG09,2026-04-01 10:45:0.00000000,-8426.481235,-18596.586638,16853.216683
PG10,2026-04-01 10:45:0.00000000,21640.58616,8715.80153,-12734.514803
PG11,2026-04-01 10:45:0.00000000,-21818.687936,12321.926365,8746.301113
PG12,2026-04-01 10:45:0.00000000,4580.399156,20917.238357,-16007.053257
PG13,2026-04-01 10:45:0.00000000,-13437.299742,21390.593788,7480.435067
PG14,2026-04-01 10:45:0.00000000,-22262.03738,-10726.648088,-10043.215714
PG15,2026-04-01 10:45:0.00000000,-2266.16275,26337.884919,1710.291272
PG16,2026-04-01 10:45:0.00000000,11401.821196,-9883.343431,21470.760059
PG17,2026-04-01 10:45:0.00000000,-14582.621884,-3890.013248,-21486.933627
PG18,2026-04-01 10:45:0.00000000,17929.87832,7599.089422,18232.936851
PG19,2026-04-01 10:45:0.00000000,-16543.743504,5806.895174,-19862.185514
PG20,2026-04-01 10:45:0.00000000,-10148.881741,23253.405572,7995.768014
PG21,2026-04-01 10:45:0.00000000,-13984.577841,7266.374961,21392.260712
PG22,2026-04-01 10:45:0.00000000,-20430.757846,-6320.570426,-15215.636927
PG23,2026-04-01 10:45:0.00000000,20515.253222,17080.168279,-806.515973
PG24,2026-04-01 10:45:0.00000000,-4786.096598,17892.44058,-19449.779557
PG25,2026-04-01 10:45:0.00000000,16397.240213,20174.49056,-6435.452678
PG26,2026-04-01 10:45:0.00000000,19886.541726,-1598.470908,17481.966361
PG27,2026-04-01 10:45:0.00000000,12479.462868,-19749.011147,11849.892068
PG28,2026-04-01 10:45:0.00000000,25536.95601,-5177.047011,-5188.59791
PG29,2026-04-01 10:45:0.00000000,5912.736453,20105.404772,16183.846771
PG30,2026-04-01 10:45:0.00000000,-24098.702204,-942.370906,11618.044643
PG31,2026-04-01 10:45:0.00000000,24225.919657,-10340.870318,4231.035777
PG32,2026-04-01 10:45:0.00000000,15236.30209,-809.649623,-21446.717394
PG01,2026-04-01 11:00:0.00000000,1967.241674,-16109.803888,-21017.945997
PG02,2026-04-01 11:00:0.00000000,12747.471602,-17651.299291,-14416.362
PG03,2026-04-01 11:00:0.00000000,-7431.180768,-19777.909329,-16361.23024
PG04,2026-04-01 11:00:0.00000000,99.619871,-25629.055701,6651.242746
PG05,2026-04-01 11:00:0.00000000,-7372.774328,12781.524723,21911.555785
PG06,2026-04-01 11:00:0.00000000,-25193.862052,3861.91457,-7691.801673
PG07,2026-04-01 11:00:0.00000000,-14207.577158,-10228.95515,20696.388163
PG08,2026-04-01 11:00:0.00000000,6369.343034,-24890.975744,5447.071477
PG09,2026-04-01 11:00:0.00000000,-7979.233999,-20383.900709,14895.121379
PG10,2026-04-01 11:00:0.00000000,22571.860525,9684.744901,-10255.400676
PG11,2026-04-01 11:00:0.00000000,-22693.037686,12345.723592,6051.228086
PG12,2026-04-01 11:00:0.00000000,3118.632652,19715.886839,-17814.19349
PG13,2026-04-01 11:00:0.00000000,-13307.82253,20328.175667,10135.472939
PG14,2026-04-01 11:00:0.00000000,-22852.442834,-11584.557395,-7485.330071
PG15,2026-04-01 11:00:0.00000000,-2576.180315,25919.65193,4502.914275
PG16,2026-04-01 11:00:0.00000000,13179.381871,-8087.722271,21246.047022
PG17,2026-04-01 11:00:0.00000000,-13967.875447,-6343.338546,-21289.815955
PG18,2026-04-01 11:00:0.00000000,15926.044519,8379.979021,19673.612515
PG19,2026-04-01 11:00:0.00000000,-16013.165775,3536.153152,-20857.84105
PG20,2026-04-01 11:00:0.00000000,-10210.81654,22177.652079,10574.640254
PG21,2026-04-01 11:00:0.00000000,-15747.027541,5632.415356,20650.344775
PG22,2026-04-01 11:00:0.00000000,-21450.906306,-7674.94322,-13054.877743
PG23,2026-04-01 11:00:0.00000000,20367.612573,17160.468897,2085.982258
PG24,2026-04-01 11:00:0.00000000,-6715.438608,18650.120616,-18046.907935
PG25,2026-04-01 11:00:0.00000000,15589.913094,19844.446818,-9064.526595
PG26,2026-04-01 11:00:0.00000000,21372.678296,-337.604187,15772.845303
PG27,2026-04-01 11:00:0.00000000,12486.640661,-18170.373523,14124.095121
PG28,2026-04-01 11:00:0.00000000,24925.492603,-4681.619381,-7913.208524
PG29,2026-04-01 11:00:0.00000000,5292.903647,21750.1081,14134.672305
PG30,2026-04-01 11:00:0.00000000,-22846.043171,-1663.518071,13864.367176
PG31,2026-04-01 11:00:0.00000000,24638.90481,-10216.687652,1429.084378
PG32,2026-04-01 11:00:0.00000000,14840.950645,1685.999081,-21684.826211
PG01,2026-04-01 11:15:0.00000000,4217.941156,-16806.807994,-20114.380116
PG02,2026-04-01 11:15:0.00000000,14265.832731,-18204.019885,-12139.995189
PG03,2026-04-01 11:15:0.00000000,-5838.310162,-18679.067102,-18206.320054
PG04,2026-04-01 11:15:0.00000000,420.014943,-26187.021206,3850.542462
PG05,2026-04-01 11:15:0.00000000,-9480.719957,11368.35107,21883.338187
PG06,2026-04-01 11:15:0.00000000,-24295.670109,3329.248424,-10337.518741
PG07,2026-04-01 11:15:0.00000000,-12137.839303,-11193.646253,21488.010616
PG08,2026-04-01 11:15:0.00000000,6647.052533,-24058.671528,8146.051397
PG09,2026-04-01 11:15:0.00000000,-7648.294908,-21955.52219,12678.273174
PG10,2026-04-01 11:15:0.00000000,23325.695961,10418.805623,-7600.874051
PG11,2026-04-01 11:15:0.00000000,-23273.883949,12304.876833,3251.692375
PG12,2026-04-01 11:15:0.00000000,1457.000601,18472.256396,-19321.39203
PG13,2026-04-01 11:15:0.00000000,-13158.860722,18975.221827,12611.374382
PG14,2026-04-01 11:15:0.00000000,-23252.003517,-12230.561807,-4800.493821
PG15,2026-04-01 11:15:0.00000000,-2926.77971,25203.261526,7216.869083
PG16,2026-04-01 11:15:0.00000000,15006.85825,-6419.92702,20643.858832
PG17,2026-04-01 11:15:0.00000000,-13485.29817,-8782.751393,-20712.888036
PG18,2026-04-01 11:15:0.00000000,13832.84539,9323.466947,20779.636862
PG19,2026-04-01 11:15:0.00000000,-15580.40466,1156.15421,-21493.485351
PG20,2026-04-01 11:15:0.00000000,-10301.118701,20827.16044,12972.476412
PG21,2026-04-01 11:15:0.00000000,-17510.653513,4157.535088,19553.612155
PG22,2026-04-01 11:15:0.00000000,-22343.7816,-8799.759758,-10661.606699
PG23,2026-04-01 11:15:0.00000000,19961.345175,17060.368405,4943.200964
PG24,2026-04-01 11:15:0.00000000,-8460.878386,19416.99227,-16341.979332
PG25,2026-04-01 11:15:0.00000000,14536.96617,19389.699266,-11541.998154
PG26,2026-04-01 11:15:0.00000000,22736.435485,740.352117,13792.404601
PG27,2026-04-01 11:15:0.00000000,12546.53775,-16347.551654,16144.607009
PG28,2026-04-01 11:15:0.00000000,24067.52649,-4029.144828,-10501.729734
PG29,2026-04-01 11:15:0.00000000,4806.003121,23182.683344,11839.871142
PG30,2026-04-01 11:15:0.00000000,-21412.447205,-2540.396479,15877.784474
PG31,2026-04-01 11:15:0.00000000,24762.948815,-9998.63714,-1397.078304
PG32,2026-04-01 11:15:0.00000000,14576.473682,4202.474222,-21540.021641
PG01,2026-04-01 11:30:0.00000000,6317.911336,-17572.13578,-18864.264624
PG02,2026-04-01 11:30:0.00000000,15519.066572,-18687.461741,-9643.989383
PG03,2026-04-01 11:30:0.00000000,-4026.653702,-17568.575313,-19744.013608
PG04,2026-04-01 11:30:0.00000000,681.596866,-26440.099045,982.909298
PG05,2026-04-01 11:30:0.00000000,-11640.702424,10085.60443,21472.568448
PG06,2026-04-01 11:30:0.00000000,-23167.391156,2620.693334,-12806.355978
PG07,2026-04-01 11:30:0.00000000,-10059.380448,-12297.530087,21931.451565
PG08,2026-04-01 11:30:0.00000000,6963.032099,-22939.74667,10699.902446
PG09,2026-04-01 11:30:0.00000000,-7407.474979,-23277.493754,10241.286135
PG10,2026-04-01 11:30:0.00000000,23864.309327,10935.105865,-4816.861615
PG11,2026-04-01 11:30:0.00000000,-23564.374731,12161.380906,395.982058
PG12,2026-04-01 11:30:0.00000000,-386.430211,17227.627193,-20503.873821
PG13,2026-04-01 11:30:0.00000000,-13029.05638,17349.261404,14864.011548
PG14,2026-04-01 11:30:0.00000000,-23429.738004,-12683.944461,-2034.376804
PG15,2026-04-01 11:30:0.00000000,-3351.281248,24202.954464,9803.99554
PG16,2026-04-01 11:30:0.00000000,16842.241408,-4906.760367,19676.534276
PG17,2026-04-01 11:30:0.00000000,-13135.960952,-11157.534264,-19765.969069
PG18,2026-04-01 11:30:0.00000000,11697.645269,10425.897675,21531.577927
PG19,2026-04-01 11:30:0.00000000,-15263.669365,-1288.067029,-21759.781961
PG20,2026-04-01 11:30:0.00000000,-10453.295237,19225.39266,15148.343254
PG21,2026-04-01 11:30:0.00000000,-19230.793597,2857.997741,18120.983876
PG22,2026-04-01 11:30:0.00000000,-23068.164429,-9699.534542,-8078.793643
PG23,2026-04-01 11:30:0.00000000,19280.467511,16816.345684,7716.85473
PG24,2026-04-01 11:30:0.00000000,-10001.025292,20155.904012,-14361.841475
PG25,2026-04-01 11:30:0.00000000,13238.433597,18849.202738,-13827.023288
PG26,2026-04-01 11:30:0.00000000,23938.135606,1640.218114,11575.71673
PG27,2026-04-01 11:30:0.00000000,12688.106568,-14314.155731,17874.988479
PG28,2026-04-01 11:30:0.00000000,22996.184663,-3197.821571,-12909.631422
PG29,2026-04-01 11:30:0.00000000,4428.207573,24368.312563,9339.24519
PG30,2026-04-01 11:30:0.00000000,-19837.108411,-3583.246993,17624.548177
PG31,2026-04-01 11:30:0.00000000,24612.464281,-9653.02045,-4199.705623
PG32,2026-04-01 11:30:0.00000000,14446.228406,6688.815278,-21015.494862
PG01,2026-04-01 11:45:0.00000000,8233.024866,-18373.624378,-17288.926625
PG02,2026-04-01 11:45:0.00000000,16502.164564,-19060.338248,-6973.787977
PG03,2026-04-01 11:45:0.00000000,-2020.265188,-16487.762298,-20948.520047
PG04,2026-04-01 11:45:0.00000000,921.591525,-26379.435762,-1901.81671
PG05,2026-04-01 11:45:0.00000000,-13805.825155,8954.083185,20686.656908
PG06,2026-04-01 11:45:0.00000000,-21847.335699,1717.556088,-15055.789455
PG07,2026-04-01 11:45:0.00000000,-8013.970121,-13525.458961,22018.841458
PG08,2026-04-01 11:45:0.00000000,7349.190558,-21556.344975,13063.073329
PG09,2026-04-01 11:45:0.00000000,-7225.427141,-24322.993315,7626.585882
PG10,2026-04-01 11:45:0.00000000,24155.410517,11258.200184,-1951.100254
PG11,2026-04-01 11:45:0.00000000,-23576.291764,11879.563634,-2466.569398
PG12,2026-04-01 11:45:0.00000000,-2386.196948,16020.235515,-21342.265988
PG13,2026-04-01 11:45:0.00000000,-12954.035667,15476.610068,16853.198314
PG14,2026-04-01 11:45:0.00000000,-23360.313885,-12970.098384,766.141241
PG15,2026-04-01 11:45:0.00000000,-3879.544466,22941.211682,12217.842743
PG16,2026-04-01 11:45:0.00000000,18640.840315,-3567.039055,18362.897457
PG17,2026-04-01 11:45:0.00000000,-12912.715806,-13418.267037,-18465.751312
PG18,2026-04-01 11:45:0.00000000,9567.406969,11675.295402,21915.916269
PG19,2026-04-01 11:45:0.00000000,-15073.52425,-3749.122284,-21653.7872
PG20,2026-04-01 11:45:0.00000000,-10696.481881,17403.093532,17065.123144
PG21,2026-04-01 11:45:0.00000000,-20861.751301,1741.854368,16377.130977
PG22,2026-04-01 11:45:0.00000000,-23586.539699,-10387.158415,-5352.695225
PG23,2026-04-01 11:45:0.00000000,18317.366797,16468.160354,10360.088389
PG24,2026-04-01 11:45:0.00000000,-11321.687688,20827.413649,-12138.254993
PG25,2026-04-01 11:45:0.00000000,11702.293077,18262.227218,-15882.091464
PG26,2026-04-01 11:45:0.00000000,24941.447531,2374.238857,9161.572157
PG27,2026-04-01 11:45:0.00000000,12934.507334,-12110.338447,19284.224754
PG28,2026-04-01 11:45:0.00000000,21749.754988,-2172.853284,-15095.481654
PG29,2026-04-01 11:45:0.00000000,4130.149012,25278.969094,6676.234019
PG30,2026-04-01 11:45:0.00000000,-18161.702419,-4794.903279,19075.285663
PG31,2026-04-01 11:45:0.00000000,24209.342685,-9150.0404,-6931.746515
PG32,2026-04-01 11:45:0.00000000,14445.22136,9094.767499,-20121.263022
PG01,2026-04-01 12:00:0.00000000,9936.032865,-19174.599127,-15415.339376
PG02,2026-04-01 12:00:0.00000000,17219.47305,-19283.164832,-4177.93067
PG03,2026-04-01 12:00:0.00000000,149.234067,-15473.810572,-21799.576859
PG04,2026-04-01 12:00:0.00000000,1178.068633,-26005.326828,-4753.449641
PG05,2026-04-01 12:00:0.00000000,-15927.042626,7986.299841,19539.647197
PG06,2026-04-01 12:00:0.00000000,-20378.244207,609.00424,-17046.930131
PG07,2026-04-01 12:00:0.00000000,-6040.528959,-14855.212853,21747.728742
PG08,2026-04-01 12:00:0.00000000,7833.144299,-19938.355867,15193.527873
PG09,2026-04-01 12:00:0.00000000,-7067.054595,-25073.268041,4879.645429
PG10,2026-04-01 12:00:0.00000000,24173.436273,11418.902128,947.669552
PG11,2026-04-01 12:00:0.00000000,-23329.503947,11427.654929,-5286.445813
PG12,2026-04-01 12:00:0.00000000,-4510.22403,14883.895039,-21822.866521
PG13,2026-04-01 12:00:0.00000000,-12964.832426,13391.496382,18543.4829
PG14,2026-04-01 12:00:0.00000000,-23025.067187,-13119.371844,3553.729224
PG15,2026-04-01 12:00:0.00000000,-4536.522487,21448.017979,14414.599125
PG16,2026-04-01 12:00:0.00000000,20356.967989,-2411.102565,16727.779225
PG17,2026-04-01 12:00:0.00000000,-12800.569561,-15518.643111,-16835.485826
PG18,2026-04-01 12:00:0.00000000,7487.043792,13051.659011,21925.315509
PG19,2026-04-01 12:00:0.00000000,-15012.560163,-6178.902557,-21178.889068
PG20,2026-04-01 12:00:0.00000000,-11054.180536,15397.238447,18690.130494
PG21,2026-04-01 12:00:0.00000000,-22358.468682,808.81758,14352.049388
PG22,2026-04-01 12:00:0.00000000,-23866.629519,-10883.127496,-2531.929951
PG23,2026-04-01 12:00:0.00000000,17073.225545,16057.22277,12828.225412
PG24,2026-04-01 12:00:0.00000000,-12416.310588,21391.296812,-9707.506782
PG25,2026-04-01 12:00:0.00000000,9944.304575,17666.832572,-17673.552077
PG26,2026-04-01 12:00:0.00000000,25714.706398,2961.356304,6591.771765
PG27,2026-04-01 12:00:0.00000000,13302.033418,-9781.325607,20347.347648
PG28,2026-04-01 12:00:0.00000000,20370.221075,-947.223463,-17021.659113
PG29,2026-04-01 12:00:0.00000000,3878.259372,25894.440734,3897.13881
PG30,2026-04-01 12:00:0.00000000,-16428.905367,-6170.504964,20205.459315
PG31,2026-04-01 12:00:0.00000000,23582.025784,-8465.074325,-9547.575243
PG32,2026-04-01 12:00:0.00000000,14560.386864,11372.572333,-18873.926082
PG01,2026-04-01 12:15:0.00000000,11407.427613,-19935.314511,-13275.668408
PG02,2026-04-01 12:15:0.00000000,17684.274906,-19319.983878,-1307.02999
PG03,2026-04-01 12:15:0.00000000,2443.65671,-14558.377253,-22282.766716
PG04,2026-04-01 12:15:0.00000000,1488.242289,-25327.220185,-7522.36008
PG05,2026-04-01 12:15:0.00000000,-17954.942103,7186.140644,18051.938615
PG06,2026-04-01 12:15:0.00000000,-18805.686959,-707.299586,-18745.204614
PG07,2026-04-01 12:15:0.00000000,-4173.868223,-16258.157209,21121.177649
PG08,2026-04-01 12:15:0.00000000,8436.911453,-18122.307064,17053.566079
PG09,2026-04-01 12:15:0.00000000,-6895.069773,-25518.260472,2048.169099
PG10,2026-04-01 12:15:0.00000000,23900.529855,11452.89732,3830.501239
PG11,2026-04-01 12:15:0.00000000,-22851.114942,10779.212864,-8014.8187
PG12,2026-04-01 12:15:0.00000000,-6720.847085,13846.797174,-21937.832113
PG13,2026-04-01 12:15:0.00000000,-13086.507659,11134.866813,19904.844522
PG14,2026-04-01 12:15:0.00000000,-22412.781586,-13165.740722,6281.36199
PG15,2026-04-01 12:15:0.00000000,-5340.996454,19759.814377,16354.004451
PG16,2026-04-01 12:15:0.00000000,21945.650888,-1440.67881,14801.434859
PG17,2026-04-01 12:15:0.00000000,-12777.400477,-17417.163002,-14904.520281
PG18,2026-04-01 12:15:0.00000000,5497.847101,14527.574453,21558.796664
PG19,2026-04-01 12:15:0.00000000,-15075.385708,-8530.216353,-20344.644242
PG20,2026-04-01 12:15:0.00000000,-11543.222102,13249.754894,19995.653523
PG21,2026-04-01 12:15:0.00000000,-23678.185973,50.46174,12080.545141
PG22,2026-04-01 12:15:0.00000000,-23882.710103,-11214.469336,333.47898
PG23,2026-04-01 12:15:0.00000000,15558.127537,15624.913133,15079.482897
PG24,2026-04-01 12:15:0.00000000,-13286.136935,21808.133337,-7109.9265
PG25,2026-04-01 12:15:0.00000000,7987.577094,17098.409794,-19172.081425
PG26,2026-04-01 12:15:0.00000000,26232.05293,3426.237834,3910.393696
PG27,2026-04-01 12:15:0.00000000,13799.342562,-7375.74239,21045.914877
PG28,2026-04-01 12:15:0.00000000,18901.667316,477.83159,-18655.000388
PG29,2026-04-01 12:15:0.00000000,3636.282545,26203.056651,1050.292046
PG30,2026-04-01 12:15:0.00000000,-14680.88638,-7697.497306,20995.759405
PG31,2026-04-01 12:15:0.00000000,22764.358953,-7579.749541,-12003.683552
PG32,2026-04-01 12:15:0.00000000,14771.203061,13478.64677,-17296.295485
PG01,2026-04-01 12:30:0.00000000,12636.008118,-20614.530877,-10906.724101
PG02,2026-04-01 12:30:0.00000000,17918.002087,-19139.933856,1587.279499
PG03,2026-04-01 12:30:0.00000000,4819.49468,-13766.431165,-22389.749561
PG04,2026-04-01 12:30:0.00000000,1886.80495,-24363.370133,-10160.368809
PG05,2026-04-01 12:30:0.00000000,-19841.543668,6548.879473,16249.889459
PG06,2026-04-01 12:30:0.00000000,-17176.360503,-2224.889559,-20120.970241
PG07,2026-04-01 12:30:0.00000000,-2443.562646,-17700.137074,20147.812669
PG08,2026-04-01 12:30:0.00000000,9175.849847,-16149.994744,18610.545863
PG09,2026-04-01 12:30:0.00000000,-6671.640481,-25656.903494,-818.759052
PG10,2026-04-01 12:30:0.00000000,23327.236012,11399.198137,6649.019953
PG11,2026-04-01 12:30:0.00000000,-22174.337947,9914.349181,-10604.409025
PG12,2026-04-01 12:30:0.00000000,-8976.041152,12930.531043,-21685.284981
PG13,2026-04-01 12:30:0.00000000,-13337.025722,8752.91911,20913.275745
PG14,2026-04-01 12:30:0.00000000,-21520.200528,-13145.357475,8903.066966
PG15,2026-04-01 12:30:0.00000000,-6304.55192,17918.17509,18000.216885
PG16,2026-04-01 12:30:0.00000000,23364.291266,-649.101012,12618.878944
PG17,2026-04-01 12:30:0.00000000,-12814.985561,-19078.631243,-12707.701357
PG18,2026-04-01 12:30:0.00000000,3636.049139,16069.125658,20821.810222
PG19,2026-04-01 12:30:0.00000000,-15248.931005,-10758.373205,-19166.522743
PG20,2026-04-01 12:30:0.00000000,-12172.993916,11006.065744,20959.413507
PG21,2026-04-01 12:30:0.00000000,-24782.024618,-549.25945,9601.638589
PG22,2026-04-01 12:30:0.00000000,-23616.659745,-11413.417921,3193.067745
PG23,2026-04-01 12:30:0.00000000,13790.840882,15210.910925,17075.644334
PG24,2026-04-01 12:30:0.00000000,-13940.076434,22040.914184,-4389.304168
PG25,2026-04-01 12:30:0.00000000,5861.880578,16588.337141,-20353.089139
PG26,2026-04-01 12:30:0.00000000,26474.354475,3798.103353,1163.047611
PG27,2026-04-01 12:30:0.00000000,14427.027282,-4943.810809,21368.334878
PG28,2026-04-01 12:30:0.00000000,17388.615584,2092.670357,-19967.371041
PG29,2026-04-01 12:30:0.00000000,3366.896219,26202.08899,-1814.810346
PG30,2026-04-01 12:30:0.00000000,-12957.826375,-9355.918871,21432.425869
PG31,2026-04-01 12:30:0.00000000,21794.269967,-6482.785544,-14259.329349
PG32,2026-04-01 12:30:0.00000000,15050.615213,15375.084508,-15416.907294
PG01,2026-04-01 12:45:0.00000000,13619.126256,-21171.165608,-8349.329578
PG02,2026-04-01 12:45:0.00000000,17949.122174,-18718.594559,4453.387532
PG03,2026-04-01 12:45:0.00000000,7229.364753,-13115.348299,-22118.407101
PG04,2026-04-01 12:45:0.00000000,2404.362948,-23140.155128,-12621.613479
PG05,2026-04-01 12:45:0.00000000,-21542.046161,6061.54264,14165.311292
PG06,2026-04-01 12:45:0.00000000,-15536.345303,-3928.5299,-21150.052684
PG07,2026-04-01 12:45:0.00000000,-872.994795,-19142.584915,18841.804081
PG08,2026-04-01 12:45:0.00000000,10057.884582,-14066.911974,19837.487806
PG09,2026-04-01 12:45:0.00000000,-6360.056692,-25497.074476,-3671.545452
PG10,2026-04-01 12:45:0.00000000,22452.891419,11298.498732,9356.171683
PG11,2026-04-01 12:45:0.00000000,-21337.141734,8820.704376,-13010.323878
PG12,2026-04-01 12:45:0.00000000,-11230.810398,12149.356206,-21069.338583
PG13,2026-04-01 12:45:0.00000000,-13726.436386,6295.426402,21551.235717
PG14,2026-04-01 12:45:0.00000000,-20352.254715,-13095.029943,11374.651301
PG15,2026-04-01 12:45:0.00000000,-7430.850189,15968.259918,19322.607427
PG16,2026-04-01 12:45:0.00000000,24574.2175,-21.855315,10219.158641
PG17,2026-04-01 12:45:0.00000000,-12880.291516,-20475.391961,-10284.658996
PG18,2026-04-01 12:45:0.00000000,1931.57679,17637.073462,19726.201048
PG19,2026-04-01 12:45:0.00000000,-15513.045544,-12822.656804,-17665.570244
PG20,2026-04-01 12:45:0.00000000,-12944.961088,8713.508822,21564.934871
PG21,2026-04-01 12:45:0.00000000,-25636.433288,-1013.198775,6957.89756
PG22,2026-04-01 12:45:0.00000000,-23058.69861,-11515.899039,5996.878954
PG23,2026-04-01 12:45:0.00000000,11798.28494,14851.595597,18782.681582
PG24,2026-04-01 12:45:0.00000000,-14394.276239,22056.606688,-1592.209946
PG25,2026-04-01 12:45:0.00000000,3602.727352,16162.795219,-21197.063089
PG26,2026-04-01 12:45:0.00000000,26429.878857,4109.398558,-1603.872146
PG27,2026-04-01 12:45:0.00000000,15177.540781,-2535.499252,21310.031492
PG28,2026-04-01 12:45:0.00000000,15874.357575,3879.421109,-20936.150706
PG29,2026-04-01 12:45:0.00000000,3033.377377,25897.813517,-4648.396825
PG30,2026-04-01 12:45:0.00000000,-11296.515423,-11118.969194,21507.494318
PG31,2026-04-01 12:45:0.00000000,20712.321367,-5170.575983,-16277.137106
PG32,2026-04-01 12:45:0.00000000,15366.223333,17030.921048,-13269.434916
PG01,2026-04-01 13:00:0.00000000,14362.603636,-21565.954007,-5647.614614
PG02,2026-04-01 13:00:0.00000000,17811.756579,-18039.053442,7240.720412
PG03,2026-04-01 13:00:0.00000000,9623.60379,-12614.298634,-21472.897257
PG04,2026-04-01 13:00:0.00000000,3066.037497,-21691.087045,-14863.370617
PG05,2026-04-01 13:00:0.00000000,-23016.449661,5703.606628,11834.866437
PG06,2026-04-01 13:00:0.00000000,-13929.391374,-5794.591795,-21814.195127
PG07,2026-04-01 13:00:0.00000000,521.394019,-20543.812532,17222.78758
PG08,2026-04-01 13:00:0.00000000,11083.057031,-11920.544849,20713.54966
PG09,2026-04-01 13:00:0.00000000,-5926.35126,-25055.212608,-6460.959019
PG10,2026-04-01 13:00:0.00000000,21285.701557,11191.49063,11906.936395
PG11,2026-04-01 13:00:0.00000000,-20380.721394,7494.132404,-15190.851972
PG12,2026-04-01 13:00:0.00000000,-13438.691563,11509.752947,-20100.042205
PG13,2026-04-01 13:00:0.00000000,-14256.397701,3813.92383,21807.96372
PG14,2026-04-01 13:00:0.00000000,-18921.997205,-13050.685327,13654.401066
PG15,2026-04-01 13:00:0.00000000,-8715.235245,13957.105905,20296.454538
PG16,2026-04-01 13:00:0.00000000,25542.065183,462.573911,7644.585715
PG17,2026-04-01 13:00:0.00000000,-12936.970106,-21588.25153,-7678.993631
PG18,2026-04-01 13:00:0.00000000,407.045902,19188.261108,18290.062738
PG19,2026-04-01 13:00:0.00000000,-15841.362056,-14687.637841,-15867.997994
PG20,2026-04-01 13:00:0.00000000,-13852.50004,6419.691677,21801.820768
PG21,2026-04-01 13:00:0.00000000,-26214.44164,-1369.936871,4194.71058
PG22,2026-04-01 13:00:0.00000000,-22207.795883,-11559.89386,8696.370112
PG23,2026-04-01 13:00:0.00000000,9614.698793,14578.577118,20171.317807
PG24,2026-04-01 13:00:0.00000000,-14671.399534,21827.613219,1232.778902
PG25,2026-04-01 13:00:0.00000000,1250.254092,15841.779826,-21689.851672
PG26,2026-04-01 13:00:0.00000000,26094.701606,4394.365651,-4343.924457
PG27,2026-04-01 13:00:0.00000000,16035.477249,-198.705647,20873.448951
PG28,2026-04-01 13:00:0.00000000,14399.346992,5812.478523,-21544.623933
PG29,2026-04-01 13:00:0.00000000,2601.243669,25305.227714,-7401.310107
PG30,2026-04-01 13:00:0.00000000,-9729.078786,-12953.83893,21218.961677
PG31,2026-04-01 13:00:0.00000000,19560.187598,-3647.492324,-18023.645999
PG32,2026-04-01 13:00:0.00000000,15681.681134,18423.116295,-10892.018266
PG01,2026-04-01 13:15:0.00000000,14880.322289,-21763.054375,-2848.247899
PG02,2026-04-01 13:15:0.00000000,17544.098609,-17092.65344,9900.693273
PG03,2026-04-01 13:15:0.00000000,11951.95773,-12263.947544,-20463.61655
PG04,2026-04-01 13:15:0.00000000,3890.288139,-20055.552103,-16846.816479
PG05,2026-04-01 13:15:0.00000000,-24230.990989,5447.997275,9299.382844
PG06,2026-04-01 13:15:0.00000000,-12395.298454,-7791.762912,-22101.409177
PG07,2026-04-01 13:15:0.00000000,1730.615548,-21860.450632,15315.710201
PG08,2026-04-01 13:15:0.00000000,12243.41163,-9758.610654,21224.362179
PG09,2026-04-01 13:15:0.00000000,-5340.810262,-24355.616883,-9138.988596
PG10,2026-04-01 13:15:0.00000000,19842.505513,11117.198793,14258.9991
PG11,2026-04-01 13:15:0.00000000,-19347.854404,5939.066626,-17108.202635
PG12,2026-04-01 13:15:0.00000000,-15553.319613,11010.266001,-18793.244394
PG13,2026-04-01 13:15:0.00000000,-14920.058777,1359.835336,21679.647019
PG14,2026-04-01 13:15:0.00000000,-17250.248321,-13045.874917,15703.74438
PG15,2026-04-01 13:15:0.00000000,-10144.701435,11931.832333,20903.513948
PG16,2026-04-01 13:15:0.00000000,26240.941391,831.604235,4939.94617
PG17,2026-04-01 13:15:0.00000000,-12946.989869,-22407.052142,-4937.390245
PG18,2026-04-01 13:15:0.00000000,-922.962514,20677.195153,16537.479822
PG19,2026-04-01 13:15:0.00000000,-16202.390213,-16324.283794,-13804.709949
PG20,2026-04-01 13:15:0.00000000,-14881.050972,4170.842749,21665.930023
PG21,2026-04-01 13:15:0.00000000,-26496.673863,-1652.481326,1359.512299
PG22,2026-04-01 13:15:0.00000000,-21071.735037,-11583.751453,11245.264903
PG23,2026-04-01 13:15:0.00000000,7280.539453,14417.410846,21217.523313
PG24,2026-04-01 13:15:0.00000000,-14799.630907,21333.058365,4035.934267
PG25,2026-04-01 13:15:0.00000000,-1152.058938,15638.345273,-21822.881964
PG26,2026-04-01 13:15:0.00000000,25472.836727,4687.5646,-7011.341879
PG27,2026-04-01 13:15:0.00000000,16978.188632,2022.447881,20067.903301
PG28,2026-04-01 13:15:0.00000000,12999.713326,7859.303766,-21782.270058
PG29,2026-04-01 13:15:0.00000000,2039.804129,24447.438763,-10025.881297
PG30,2026-04-01 13:15:0.00000000,-8281.878055,-14822.775926,20570.866991
PG31,2026-04-01 13:15:0.00000000,18379.109637,-1925.900147,-19469.802308
PG32,2026-04-01 13:15:0.00000000,15958.245894,19537.221221,-8326.527137
PG01,2026-04-01 13:30:0.00000000,15193.505283,-21731.533623,0.378539
PG02,2026-04-01 13:30:0.00000000,17186.705923,-15879.399144,12387.580991
PG03,2026-04-01 13:30:0.00000000,14165.304614,-12056.484372,-19107.068903
PG04,2026-04-01 13:30:0.00000000,4888.006191,-18277.334555,-18537.711856
PG05,2026-04-01 13:30:0.00000000,-25159.337214,5262.347014,6603.101819
PG06,2026-04-01 13:30:0.00000000,-10968.454333,-9882.065328,-22006.219095
PG07,2026-04-01 13:30:0.00000000,2753.383904,-23048.992831,13150.594229
PG08,2026-04-01 13:30:0.00000000,13523.22112,-7627.31333,21362.222773
PG09,2026-04-01 13:30:0.00000000,-4579.313785,-23429.45461,-11659.670286
PG10,2026-04-01 13:30:0.00000000,18148.240191,11111.395972,16373.373897
PG11,2026-04-01 13:30:0.00000000,-18281.207321,4168.551391,-18729.174107
PG12,2026-04-01 13:30:0.00000000,-17530.001772,10641.648118,-17170.375287
PG13,2026-04-01 13:30:0.00000000,-15702.304955,-1017.379999,21169.441737
PG14,2026-04-01 13:30:0.00000000,-15364.962332,-13110.37375,17487.870627
PG15,2026-04-01 13:30:0.00000000,-11698.229548,9937.839443,21132.442377
PG16,2026-04-01 13:30:0.00000000,26651.335203,1117.251475,2151.704212
PG17,2026-04-01 13:30:0.00000000,-12872.331074,-22930.877138,-2108.684665
PG18,2026-04-01 13:30:0.00000000,-2052.313021,22057.742539,14498.158367
PG19,2026-04-01 13:30:0.00000000,-16560.797367,-17710.830897,-11510.776091
PG20,2026-04-01 13:30:0.00000000,-16008.58417,2010.220223,21159.45259
PG21,2026-04-01 13:30:0.00000000,-26472.083161,-1896.794273,-1499.025951
PG22,2026-04-01 13:30:0.00000000,-19666.842645,-11624.520295,13600.332256
PG23,2026-04-01 13:30:0.00000000,4841.147587,14386.545215,21902.936478
PG24,2026-04-01 13:30:0.00000000,-14811.440662,20559.842968,6767.302214
PG25,2026-04-01 13:30:0.00000000,-3558.789798,15558.104108,-21593.311715
PG26,2026-04-01 13:30:0.00000000,24576.090515,5022.39816,-9561.726407
PG27,2026-04-01 13:30:0.00000000,17976.704747,4089.13861,18909.291339
PG28,2026-04-01 13:30:0.00000000,11705.954371,9981.498173,-21644.947088
PG29,2026-04-01 13:30:0.00000000,1323.556799,23354.747285,-12476.771187
PG30,2026-04-01 13:30:0.00000000,-6974.628587,-16684.352036,19573.283202
PG31,2026-04-01 13:30:0.00000000,17208.380018,-25.88812,-20591.392833
PG32,2026-04-01 13:30:0.00000000,16156.414507,20367.709072,-5617.77679
PG01,2026-04-01 13:45:0.00000000,15329.715735,-21446.674251,2848.9978
PG02,2026-04-01 13:45:0.00000000,16780.743783,-14408.01474,14659.291631
PG03,2026-04-01 13:45:0.00000000,16217.349968,-11975.979551,-17425.640041
PG04,2026-04-01 13:45:0.00000000,6061.914374,-16402.982862,-19906.997976
PG05,2026-04-01 13:45:0.00000000,-25783.492751,5110.456967,3792.874949
PG06,2026-04-01 13:45:0.00000000,-9676.589488,-12022.145147,-21529.792605
PG07,2026-04-01 13:45:0.00000000,3596.084072,-24067.394567,10762.211037
PG08,2026-04-01 13:45:0.00000000,14899.535613,-5569.688723,21126.148146
PG09,2026-04-01 13:45:0.00000000,-3624.455336,-22313.521326,-13979.870343
PG10,2026-04-01 13:45:0.00000000,16235.124771,11205.149556,18214.976788
PG11,2026-04-01 13:45:0.00000000,-17221.660321,2203.937121,-20025.738442
PG12,2026-04-01 13:45:0.00000000,-19327.245225,10387.300133,-15258.14809
PG13,2026-04-01 13:45:0.00000000,-16580.3515,-3271.984723,20287.349933
PG14,2026-04-01 13:45:0.00000000,-13300.337389,-13268.926269,18976.298053
PG15,2026-04-01 13:45:0.00000000,-13347.480257,8017.083231,20979.059076
PG16,2026-04-01 13:45:0.00000000,26761.748881,1354.677707,-672.785176
PG17,2026-04-01 13:45:0.00000000,-12676.669653,-23167.886375,757.092316
PG18,2026-04-01 13:45:0.00000000,-2983.394085,23284.878564,12206.947957
PG19,2026-04-01 13:45:0.00000000,-16878.828628,-18833.392164,-9024.8602
PG20,2026-04-01 13:45:0.00000000,-17206.363387,-23.362174,20290.881987
PG21,2026-04-01 13:45:0.00000000,-26138.378976,-2140.205755,-4331.826872
PG22,2026-04-01 13:45:0.00000000,-18017.399721,-11716.365119,15722.081749
PG23,2026-04-01 13:45:0.00000000,2345.22719,14496.543013,22215.202314
PG24,2026-04-01 13:45:0.00000000,-14742.153256,19503.410157,9377.677286
PG25,2026-04-01 13:45:0.00000000,-5924.052449,15599.001702,-21004.112528
PG26,2026-04-01 13:45:0.00000000,23423.646914,5429.692413,-11952.714453
PG27,2026-04-01 13:45:0.00000000,18996.910886,5969.125653,17419.672139
PG28,2026-04-01 13:45:0.00000000,10541.857616,12136.110066,-21134.966318
PG29,2026-04-01 13:45:0.00000000,433.377524,22063.464824,-14711.762707
PG30,2026-04-01 13:45:0.00000000,-5819.767762,-18494.887772,18242.216157
PG31,2026-04-01 13:45:0.00000000,16083.909853,2025.28141,-21369.416122
PG32,2026-04-01 13:45:0.00000000,16237.579486,20917.965513,-2812.713331
PG01,2026-04-01 14:00:0.00000000,15321.614049,-20891.050408,5648.333671
PG02,2026-04-01 14:00:0.00000000,16366.253564,-12695.662583,16678.031667
PG03,2026-04-01 14:00:0.00000000,18066.23284,-11999.060043,-15447.277472
PG04,2026-04-01 14:00:0.00000000,7406.295996,-14480.083987,-20931.292896
PG05,2026-04-01 14:00:0.00000000,-26094.387809,4953.903382,917.326856
PG06,2026-04-01 14:00:0.00000000,-8539.79825,-14164.785843,-20679.95354
PG07,2026-04-01 14:00:0.00000000,4272.449784,-24876.671856,8189.657737
PG08,2026-04-01 14:00:0.00000000,16343.02704,-3624.105909,20521.791357
PG09,2026-04-01 14:00:0.00000000,-2466.397348,-21048.802146,-16060.01072
PG10,2026-04-01 14:00:0.00000000,14141.594689,11423.550185,19753.143549
PG11,2026-04-01 14:00:0.00000000,-16206.716046,74.250264,-20975.532129
PG12,2026-04-01 14:00:0.00000000,-20908.184549,10223.994273,-13088.180329
PG13,2026-04-01 14:00:0.00000000,-17524.656635,-5363.551423,19049.960319
PG14,2026-04-01 14:00:0.00000000,-11095.698993,-13540.184372,20143.382168
PG15,2026-04-01 14:00:0.00000000,-15057.815492,6206.50577,20446.435355
PG16,2026-04-01 14:00:0.00000000,26569.035262,1580.648984,-3486.043325
PG17,2026-04-01 14:00:0.00000000,-12326.978536,-23134.796591,3609.668295
PG18,2026-04-01 14:00:0.00000000,-3726.857617,24316.416955,9703.260672
PG19,2026-04-01 14:00:0.00000000,-17117.815153,-19686.284354,-6388.609574
PG20,2026-04-01 14:00:0.00000000,-18439.978455,-1896.837388,19074.884493
PG21,2026-04-01 14:00:0.00000000,-25502.130418,-2419.774571,-7090.245258
PG22,2026-04-01 14:00:0.00000000,-16154.76631,-11889.129167,17575.367542
PG23,2026-04-01 14:00:0.00000000,-156.807133,14749.607863,22148.221562
PG24,2026-04-01 14:00:0.00000000,-14628.376859,18168.178944,11819.602043
PG25,2026-04-01 14:00:0.00000000,-8203.001557,15751.37609,-20064.080966
PG26,2026-04-01 14:00:0.00000000,22041.401301,5936.38174,-14144.605827
PG27,2026-04-01 14:00:0.00000000,20000.927307,7637.744956,15626.739118
PG28,2026-04-01 14:00:0.00000000,9523.691904,14277.125229,-20261.056204
PG29,2026-04-01 14:00:0.00000000,-642.546863,20614.513471,-16692.490069
PG30,2026-04-01 14:00:0.00000000,-4822.100442,-20209.985211,16599.407901
PG31,2026-04-01 14:00:0.00000000,15036.926896,4193.982598,-21790.388112
PG32,2026-04-01 14:00:0.00000000,16165.640062,21199.945654,40.414514
PG01,2026-04-01 14:15:0.00000000,15205.522916,-20055.329918,8349.967033
PG02,2026-04-01 14:15:0.00000000,15980.515554,-10767.345045,18410.857256
PG03,2026-04-01 14:15:0.00000000,19675.98284,-12095.881326,-13205.07719
PG04,2026-04-01 14:15:0.00000000,8907.063472,-12555.514583,-21593.280291
PG05,2026-04-01 14:15:0.00000000,-26092.129115,4753.723252,-1973.999696
PG06,2026-04-01 14:15:0.00000000,-7569.866584,-16260.587738,-19471.073784
PG07,2026-04-01 14:15:0.00000000,4802.950797,-25442.440538,5475.831414
PG08,2026-04-01 14:15:0.00000000,17819.08864,-1822.981854,19561.232252
PG09,2026-04-01 14:15:0.00000000,-1103.430971,-19678.89157,-17864.725974
PG10,2026-04-01 14:15:0.00000000,11911.02193,11784.665246,20962.089138
PG11,2026-04-01 14:15:0.00000000,-15269.055583,-2184.737478,-21562.243534
PG12,2026-04-01 14:15:0.00000000,-22241.857231,10122.857665,-10696.536164
PG13,2026-04-01 14:15:0.00000000,-18500.111344,-7258.320295,17480.06353
PG14,2026-04-01 14:15:0.00000000,-8794.195328,-13935.877994,20968.757459
PG15,2026-04-01 14:15:0.00000000,-16789.601394,4536.69292,19544.809155
PG16,2026-04-01 14:15:0.00000000,26078.437752,1831.960946,-6241.205403
PG17,2026-04-01 14:15:0.00000000,-11794.980832,-22856.037003,6399.457438
PG18,2026-04-01 14:15:0.00000000,-4301.027137,25114.652537,7030.395464
PG19,2026-04-01 14:15:0.00000000,-17239.71771,-20272.065897,-3646.01351
PG20,2026-04-01 14:15:0.00000000,-19670.609088,-3583.966415,17532.06627
PG21,2026-04-01 14:15:0.00000000,-24578.541739,-2770.660374,-9726.899259
PG22,2026-04-01 14:15:0.00000000,-14116.259782,-12167.093547,19129.896311
PG23,2026-04-01 14:15:0.00000000,-2614.555992,15139.436948,21702.303856
PG24,2026-04-01 14:15:0.00000000,-14506.360709,16567.614761,14048.363933
PG25,2026-04-01 14:15:0.00000000,-10353.314352,15998.304845,-18787.77384
PG26,2026-04-01 14:15:0.00000000,20461.067172,6564.343027,-16100.952135
PG27,2026-04-01 14:15:0.00000000,20948.628525,9078.585075,13563.202276
PG28,2026-04-01 14:15:0.00000000,8659.700265,16357.084375,-19038.215859
PG29,2026-04-01 14:15:0.00000000,-1908.077006,19051.86421,-18385.091925
PG30,2026-04-01 14:15:0.00000000,-3978.738686,-21786.114294,14672.042361
PG31,2026-04-01 14:15:0.00000000,14092.84985,6441.271235,-21846.578483
PG32,2026-04-01 14:15:0.00000000,15908.507329,21233.518317,2892.881974
PG01,2026-04-01 14:30:0.00000000,15019.857376,-18938.77002,10907.18678
PG02,2026-04-01 14:30:0.00000000,15656.567069,-8655.023722,19830.110393
PG03,2026-04-01 14:30:0.00000000,21017.77259,-12231.362905,-10736.779583
PG04,2026-04-01 14:30:0.00000000,10542.162098,-10673.738002,-21881.985055
PG05,2026-04-01 14:30:0.00000000,-25785.907389,4472.112073,-4831.500453
PG06,2026-04-01 14:30:0.00000000,-6769.934627,-18259.748667,-17923.844414
PG07,2026-04-01 14:30:0.00000000,5213.900814,-25736.334141,2666.798585
PG08,2026-04-01 14:30:0.00000000,19289.139791,-191.755588,18262.65307
PG09,2026-04-01 14:30:0.00000000,457.77987,-18248.333379,-19363.441964
PG10,2026-04-01 14:30:0.00000000,9590.26489,12298.753234,21821.305112
PG11,2026-04-01 14:30:0.00000000,-14435.298326,-4531.704284,-21775.890452
PG12,2026-04-01 14:30:0.00000000,-23304.279678,10050.583525,-8123.191982
PG13,2026-04-01 14:30:0.00000000,-19467.45248,-8930.275017,15606.155794
PG14,2026-04-01 14:30:0.00000000,-6441.349703,-14460.250804,21437.705035
PG15,2026-04-01 14:30:0.00000000,-18499.73228,3030.819489,18291.32889
PG16,2026-04-01 14:30:0.00000000,25303.339305,2143.888846,-8892.721442
PG17,2026-04-01 14:30:0.00000000,-11058.398154,-22362.623187,9078.443572
PG18,2026-04-01 14:30:0.00000000,-4730.995798,25647.849155,4234.779158
PG19,2026-04-01 14:30:0.00000000,-17208.652198,-20601.286933,-842.736763
PG20,2026-04-01 14:30:0.00000000,-20856.472955,-5066.157946,15688.641052
PG21,2026-04-01 14:30:0.00000000,-23390.908219,-3224.570365,-12196.480829
PG22,2026-04-01 14:30:0.00000000,-11943.834639,-12567.975669,20360.637555
PG23,2026-04-01 14:30:0.00000000,-4979.371125,15651.409478,20884.219229
PG24,2026-04-01 14:30:0.00000000,-14410.353586,14723.923015,16022.959045
PG25,2026-04-01 14:30:0.00000000,-12336.598727,16316.231786,-17195.363634
PG26,2026-04-01 14:30:0.00000000,18719.087075,7329.418775,-17789.100372
PG27,2026-04-01 14:30:0.00000000,21799.237203,10283.826974,11266.100873
PG28,2026-04-01 14:30:0.00000000,7949.913239,18328.765911,-17487.460377
PG29,2026-04-01 14:30:0.00000000,-3358.795139,17420.876311,-19760.777899
PG30,2026-04-01 14:30:0.00000000,-3279.342329,-23182.194044,12492.353009
PG31,2026-04-01 14:30:0.00000000,13270.378984,8724.13137,-21536.173677
PG32,2026-04-01 14:30:0.00000000,15439.448335,21045.528923,5696.299558
PG01,2026-04-01 14:45:0.00000000,14803.482576,-17549.386835,13275.809289
PG02,2026-04-01 14:45:0.00000000,15421.927004,-6396.49902,20913.742506
PG03,2026-04-01 14:45:0.00000000,22070.916302,-12366.643844,-8084.178678
PG04,2026-04-01 14:45:0.00000000,12282.291657,-8875.213389,-21792.932697
PG05,2026-04-01 14:45:0.00000000,-25193.56936,4074.067519,-7606.353055
PG06,2026-04-01 14:45:0.00000000,-6134.508768,-20113.876016,-16064.928535
PG07,2026-04-01 14:45:0.00000000,5536.309521,-25737.238339,-188.938646
PG08,2026-04-01 14:45:0.00000000,20712.079824,1251.844477,16649.91293
PG09,2026-04-01 14:45:0.00000000,2202.277951,-16800.944449,-20530.868528
PG10,2026-04-01 14:45:0.00000000,7228.096365,12967.766872,22315.891274
PG11,2026-04-01 14:45:0.00000000,-13725.014011,-6921.190923,-21612.983365
PG12,2026-04-01 14:45:0.00000000,-24079.281827,9970.828709,-5411.428712
PG13,2026-04-01 14:45:0.00000000,-20384.837681,-10361.899441,13461.846878
PG14,2026-04-01 14:45:0.00000000,-4083.520998,-15109.784721,21541.439013
PG15,2026-04-01 14:45:0.00000000,-20143.304518,1703.9267,16709.637491
PG16,2026-04-01 14:45:0.00000000,24264.735848,2548.715186,-11397.015914
PG17,2026-04-01 14:45:0.00000000,-10101.948266,-21690.802432,11601.001642
PG18,2026-04-01 14:45:0.00000000,-5047.448873,25891.510833,1365.137924
PG19,2026-04-01 14:45:0.00000000,-16992.344814,-20691.96149,1974.56621
PG20,2026-04-01 14:45:0.00000000,-21954.403848,-6332.99498,13576.002486
PG21,2026-04-01 14:45:0.00000000,-21969.773045,-3808.341162,-14456.531644
PG22,2026-04-01 14:45:0.00000000,-9682.616822,-13102.198105,21248.136987
PG23,2026-04-01 14:45:0.00000000,-7206.036719,16263.108054,19707.143362
PG24,2026-04-01 14:45:0.00000000,-14371.0395,12667.370327,17706.991265
PG25,2026-04-01 14:45:0.00000000,-14119.677612,16675.856955,-15312.41006
PG26,2026-04-01 14:45:0.00000000,16855.38491,8240.662625,-19180.687615
PG27,2026-04-01 14:45:0.00000000,22512.927401,11254.245627,8776.066399
PG28,2026-04-01 14:45:0.00000000,7386.289597,20146.869637,-15635.462031
PG29,2026-04-01 14:45:0.00000000,-4982.006086,15766.603133,-20796.300019
PG30,2026-04-01 14:45:0.00000000,-2706.655878,-24361.108596,10097.133906
PG31,2026-04-01 14:45:0.00000000,12580.836837,10996.882979,-20863.362204
PG32,2026-04-01 14:45:0.00000000,14738.221709,20668.621638,8403.397284
PG01,2026-04-01 15:00:0.00000000,14594.064678,-15903.791598,15414.951151
PG02,2026-04-01 15:00:0.00000000,15297.567015,-4034.099472,21645.530876
PG03,2026-04-01 15:00:0.00000000,22823.573435,-12460.705483,-5292.450749
PG04,2026-04-01 15:00:0.00000000,14091.915903,-7194.977835,-21328.191962
PG05,2026-04-01 15:00:0.00000000,-24340.874759,3528.916165,-10251.333386
PG06,2026-04-01 15:00:0.00000000,-5649.823882,-21777.758305,-13926.500978
PG07,2026-04-01 15:00:0.00000000,5804.51494,-25432.282686,-3041.273516
PG08,2026-04-01 15:00:0.00000000,22045.830629,2498.21957,14752.036118
PG09,2026-04-01 15:00:0.00000000,4107.211286,-15378.186049,-21347.400033
PG10,2026-04-01 15:00:0.00000000,4873.562323,13785.164064,22436.81745
PG11,2026-04-01 15:00:0.00000000,-13150.024921,-9305.175797,-21076.572257
PG12,2026-04-01 15:00:0.00000000,-24559.065881,9845.748449,-2607.155895
PG13,2026-04-01 15:00:0.00000000,-21209.515725,-11544.592099,11085.18947
PG14,2026-04-01 15:00:0.00000000,-1766.327135,-15873.227112,21277.304785
PG15,2026-04-01 15:00:0.00000000,-21675.36297,562.559341,14829.313543
PG16,2026-04-01 15:00:0.00000000,22990.457556,3074.383654,-13713.102521
PG17,2026-04-01 15:00:0.00000000,-8918.058534,-20880.530765,13924.644562
PG18,2026-04-01 15:00:0.00000000,-5285.257459,25829.382279,-1528.384456
PG19,2026-04-01 15:00:0.00000000,-16563.466938,-20568.780405,4758.950587
PG20,2026-04-01 15:00:0.00000000,-22921.500397,-7382.447899,11230.206806
PG21,2026-04-01 15:00:0.00000000,-20351.817186,-4542.711259,-16468.171359
PG22,2026-04-01 15:00:0.00000000,-7379.348315,-13772.448284,21778.735544
PG23,2026-04-01 15:00:0.00000000,-9254.33215,16945.157466,18190.493297
PG24,2026-04-01 15:00:0.00000000,-14414.125117,10435.257439,19069.476157
PG25,2026-04-01 15:00:0.00000000,-15675.701909,17043.263882,-13169.544152
PG26,2026-04-01 15:00:0.00000000,14912.001672,9299.833928,-20252.082585
PG27,2026-04-01 15:00:0.00000000,23052.374727,11998.884779,6136.554522
PG28,2026-04-01 15:00:0.00000000,6953.178652,21769.636806,-13514.093194
PG29,2026-04-01 15:00:0.00000000,-6757.063412,14132.130167,-21474.322741
PG30,2026-04-01 15:00:0.00000000,-2237.325556,-25291.098484,7527.157766
PG31,2026-04-01 15:00:0.00000000,12027.785338,13212.704226,-19838.337637
PG32,2026-04-01 15:00:0.00000000,13791.966324,20139.868698,10968.771794
PG01,2026-04-01 15:15:0.00000000,14426.480457,-14026.70001,17287.740996
PG02,2026-04-01 15:15:0.00000000,15297.158082,-1613.234006,22015.195271
PG03,2026-04-01 15:15:0.00000000,23273.12658,-12472.100795,-2409.410386
PG04,2026-04-01 15:15:0.00000000,15930.519035,-5661.454899,-20496.302361
PG05,2026-04-01 15:15:0.00000000,-23260.470116,2811.666025,-12721.592455
PG06,2026-04-01 15:15:0.00000000,-5294.541926,-23211.025551,-11545.682701
PG07,2026-04-01 15:15:0.00000000,6054.644824,-24817.536385,-5839.410948
PG08,2026-04-01 15:15:0.00000000,23248.90672,3545.998566,12602.629472
PG09,2026-04-01 15:15:0.00000000,6142.534387,-14017.643594,-21799.419363
PG10,2026-04-01 15:15:0.00000000,2574.326895,14736.036278,22181.110867
PG11,2026-04-01 15:15:0.00000000,-12714.024478,-11634.750892,-20176.177172
PG12,2026-04-01 15:15:0.00000000,-24744.46365,9637.612559,241.825678
PG13,2026-04-01 15:15:0.00000000,-21899.524153,-12478.730156,8517.947673
PG14,2026-04-01 15:15:0.00000000,466.91102,-16731.923824,20648.882841
PG15,2026-04-01 15:15:0.00000000,-23052.640991,-395.228455,12685.191147
PG16,2026-04-01 15:15:0.00000000,21514.16823,3743.322466,-15803.152056
PG17,2026-04-01 15:15:0.00000000,-7507.274394,-19973.845801,16010.686088
PG18,2026-04-01 15:15:0.00000000,-5481.900504,25454.135691,-4395.143284
PG19,2026-04-01 15:15:0.00000000,-15900.803459,-20262.091652,7463.888448
PG20,2026-04-01 15:15:0.00000000,-23716.782598,-8220.765241,8691.373095
PG21,2026-04-01 15:15:0.00000000,-18578.524511,-5441.332251,-18196.765827
PG22,2026-04-01 15:15:0.00000000,-5080.798736,-14573.538543,21944.697771
PG23,2026-04-01 15:15:0.00000000,-11090.415191,17662.352864,16359.652091
PG24,2026-04-01 15:15:0.00000000,-14559.147355,8070.586509,20085.521627
PG25,2026-04-01 15:15:0.00000000,-16985.048264,17381.248873,-10802.062213
PG26,2026-04-01 15:15:0.00000000,12931.660422,10501.16033,-20984.769603
PG27,2026-04-01 15:15:0.00000000,23384.196044,12534.428181,3393.062923
PG28,2026-04-01 15:15:0.00000000,6628.085867,23160.344262,-11159.878607
PG29,2026-04-01 15:15:0.00000000,-8656.006427,12557.008899,-21783.687406
PG30,2026-04-01 15:15:0.00000000,-1842.968798,-25946.970616,4826.507146
PG31,2026-04-01 15:15:0.00000000,11606.937101,15325.216833,-18477.21471
PG32,2026-04-01 15:15:0.00000000,12595.814316,19499.260186,13349.588018
PG01,2026-04-01 15:30:0.00000000,14331.348549,-11950.13398,18861.957614
PG02,2026-04-01 15:30:0.00000000,15426.609989,819.137964,22018.423263
PG03,2026-04-01 15:30:0.00000000,23426.214529,-12360.724091,515.295648
PG04,2026-04-01 15:30:0.00000000,17754.059059,-4295.533254,-19312.090417
PG05,2026-04-01 15:30:0.00000000,-21990.621113,1904.135231,-14975.382891
PG06,2026-04-01 15:30:0.00000000,-5040.759119,-24379.631646,-8963.880305
PG07,2026-04-01 15:30:0.00000000,6322.967296,-23898.364479,-8532.851837
PG08,2026-04-01 15:30:0.00000000,24281.952808,4401.820143,10239.243955
PG09,2026-04-01 15:30:0.00000000,8271.984861,-12751.671106,-21879.502455
PG10,2026-04-01 15:30:0.00000000,375.060375,15797.553942,21551.964233
PG11,2026-04-01 15:30:0.00000000,-12412.52575,-13861.833573,-18927.604869
PG12,2026-04-01 15:30:0.00000000,-24644.877387,9310.442536,3086.613825
PG13,2026-04-01 15:30:0.00000000,-22415.347186,-13173.38873,5804.822062
PG14,2026-04-01 15:30:0.00000000,2576.647418,-17660.450056,19665.992594
PG15,2026-04-01 15:30:0.00000000,-24235.217748,-1179.508076,10316.583399
PG16,2026-04-01 15:30:0.00000000,19874.178712,4571.473959,-17633.011952
PG17,2026-04-01 15:30:0.00000000,-5878.354856,-19013.200578,17824.813754
PG18,2026-04-01 15:30:0.00000000,-5675.78013,24767.713767,-7184.924872
PG19,2026-04-01 15:30:0.00000000,-14990.213121,-19806.682189,10043.978043
PG20,2026-04-01 15:30:0.00000000,-24302.792497,-8862.04559,6003.00994
PG21,2026-04-01 15:30:0.00000000,-16694.673,-6510.057882,-19612.523893
PG22,2026-04-01 15:30:0.00000000,-2832.199593,-15492.565627,21744.254056
PG23,2026-04-01 15:30:0.00000000,-12687.970301,18375.037328,14245.582895
PG24,2026-04-01 15:30:0.00000000,-14818.559141,5620.48213,20736.861897
PG25,2026-04-01 15:30:0.00000000,-18035.963626,17650.80821,-8249.428368
PG26,2026-04-01 15:30:0.00000000,10956.30896,11831.379139,-21365.670035
PG27,2026-04-01 15:30:0.00000000,23480.228292,12884.300705,592.34974
PG28,2026-04-01 15:30:0.00000000,6382.711604,24288.615082,-8613.366219
PG29,2026-04-01 15:30:0.00000000,-10644.481923,11075.845526,-21719.569024
PG30,2026-04-01 15:30:0.00000000,-1491.45743,-26311.075794,2041.827645
PG31,2026-04-01 15:30:0.00000000,11306.369166,17290.079446,-16801.854213
PG32,2026-04-01 15:30:0.00000000,11153.210022,18788.110803,15506.228603
PG01,2026-04-01 15:45:0.00000000,14333.740199,-9712.347143,20110.583207
PG02,2026-04-01 15:45:0.00000000,15683.910461,3216.064016,21656.813078
PG03,2026-04-01 15:45:0.00000000,23298.414571,-12089.551532,3431.044215
PG04,2026-04-01 15:45:0.00000000,19516.560947,-3109.948134,-17796.380223
PG05,2026-04-01 15:45:0.00000000,-20573.753242,795.816281,-16974.725636
PG06,2026-04-01 15:45:0.00000000,-4855.280984,-25257.099028,-6226.043458
PG07,2026-04-01 15:45:0.00000000,6644.20039,-22689.414042,-11072.422054
PG08,2026-04-01 15:45:0.00000000,25109.192461,5079.815794,7702.694779
PG09,2026-04-01 15:45:0.00000000,10454.298121,-11606.249926,-21586.521909
PG10,2026-04-01 15:45:0.00000000,-1684.073158,16939.718091,20558.759398
PG11,2026-04-01 15:45:0.00000000,-12233.140225,-15940.848069,-17352.656018
PG12,2026-04-01 15:45:0.00000000,-24277.900558,8831.606168,5878.036282
PG13,2026-04-01 15:45:0.00000000,-22721.470773,-13645.734692,2992.648047
PG14,2026-04-01 15:45:0.00000000,4528.453911,-18627.519698,18344.591795
PG15,2026-04-01 15:45:0.00000000,-25188.023383,-1807.777992,7766.43611
PG16,2026-04-01 15:45:0.00000000,18112.114851,5567.560463,-19172.676522
PG17,2026-04-01 15:45:0.00000000,-4048.059113,-18039.821929,19337.568872
PG18,2026-04-01 15:45:0.00000000,-5904.500341,23781.313397,-9848.873201
PG19,2026-04-01 15:45:0.00000000,-13825.345531,-19240.402088,12455.648595
PG20,2026-04-01 15:45:0.00000000,-24647.076938,-9327.50631,3211.278876
PG21,2026-04-01 15:45:0.00000000,-14746.709578,-7746.539376,-20691.012541
PG22,2026-04-01 15:45:0.00000000,-675.754291,-16509.358943,21181.561522
PG23,2026-04-01 15:45:0.00000000,-14029.074526,19040.677957,11884.335329
PG24,2026-04-01 15:45:0.00000000,-15197.137225,3134.438746,21012.227303
PG25,2026-04-01 15:45:0.00000000,-18824.926082,17812.731228,-5554.686502
PG26,2026-04-01 15:45:0.00000000,9025.690026,13270.059561,-21387.395882
PG27,2026-04-01 15:45:0.00000000,23318.604187,13077.54076,-2218.334976
PG28,2026-04-01 15:45:0.00000000,6184.222171,25131.495148,-5918.42742
PG29,2026-04-01 15:45:0.00000000,-12682.914039,9717.096803,-21283.525148
PG30,2026-04-01 15:45:0.00000000,-1148.365866,-26374.01056,-778.485225
PG31,2026-04-01 15:45:0.00000000,11107.037131,19066.531696,-14839.593075
PG32,2026-04-01 15:45:0.00000000,9475.926802,18047.441551,17402.885664
PG01,2026-04-01 16:00:0.00000000,14452.119932,-7356.516266,21012.262462
PG02,2026-04-01 16:00:0.00000000,16059.260807,5532.131054,20937.742584
PG03,2026-04-01 16:00:0.00000000,22913.581929,-11626.282284,6287.126581
PG04,2026-04-01 16:00:0.00000000,21171.787796,-2108.986159,-15975.605547
PG05,2026-04-01 16:00:0.00000000,-19054.856634,-515.554388,-18686.00884
PG06,2026-04-01 16:00:0.00000000,-4701.113305,-25825.475462,-3379.855065
PG07,2026-04-01 16:00:0.00000000,7049.856545,-21214.216338,-13411.317775
PG08,2026-04-01 16:00:0.00000000,25699.736792,5600.820476,5036.353349
PG09,2026-04-01 16:00:0.00000000,12644.614555,-10600.102969,-20925.649536
PG10,2026-04-01 16:00:0.00000000,-3568.773827,18126.397001,19217.001417
PG11,2026-04-01 16:00:0.00000000,-12156.174265,-17830.31209,-15478.729324
PG12,2026-04-01 16:00:0.00000000,-23668.627305,8173.305751,8567.510142
PG13,2026-04-01 16:00:0.00000000,-22787.777717,-13920.125725,129.583006
PG14,2026-04-01 16:00:0.00000000,6294.176007,-19597.142675,16706.568536
PG15,2026-04-01 16:00:0.00000000,-25882.132507,-2303.972367,5080.438541
PG16,2026-04-01 16:00:0.00000000,16271.484062,6732.609195,-20396.706852
PG17,2026-04-01 16:00:0.00000000,-2040.639394,-17092.153102,20524.733163
PG18,2026-04-01 16:00:0.00000000,-6203.180986,22515.009889,-12340.390741
PG19,2026-04-01 16:00:0.00000000,-12408.086632,-18602.677471,14657.853485
PG20,2026-04-01 16:00:0.00000000,-24723.494209,-9644.476669,364.206459
PG21,2026-04-01 16:00:0.00000000,-12781.070594,-9140.143762,-21413.581468
PG22,2026-04-01 16:00:0.00000000,1350.726908,-17597.197934,20266.58825
PG23,2026-04-01 16:00:0.00000000,-15104.743755,19615.58043,9316.449621
PG24,2026-04-01 16:00:0.00000000,-15691.73912,662.476081,20907.539468
PG25,2026-04-01 16:00:0.00000000,-19356.700744,17829.240554,-2763.784905
PG26,2026-04-01 16:00:0.00000000,7175.988966,14790.198845,-21048.429729
PG27,2026-04-01 16:00:0.00000000,22884.591607,13147.491327,-4991.994769
PG28,2026-04-01 16:00:0.00000000,5996.703157,25674.254025,-3121.498772
PG29,2026-04-01 16:00:0.00000000,-14727.876686,8502.116766,-20483.438349
PG30,2026-04-01 16:00:0.00000000,-778.527338,-26135.010341,-3585.151032
PG31,2026-04-01 16:00:0.00000000,10983.576715,20618.831342,-12622.877154
PG32,2026-04-01 16:00:0.00000000,7583.783891,17316.393803,19008.090465
PG01,2026-04-01 16:15:0.00000000,14697.557203,-4929.249578,21551.660083
PG02,2026-04-01 16:15:0.00000000,16535.495921,7724.922888,19874.17232
PG03,2026-04-01 16:15:0.00000000,22302.868377,-10944.81255,9033.657545
PG04,2026-04-01 16:15:0.00000000,22674.925983,-1288.521557,-13881.33199
PG05,2026-04-01 16:15:0.00000000,-17479.814812,-2023.740791,-20080.512387
PG06,2026-04-01 16:15:0.00000000,-4539.107986,-26075.964679,-474.87071
PG07,2026-04-01 16:15:0.00000000,7566.700585,-19504.40966,-15506.134702
PG08,2026-04-01 16:15:0.00000000,26028.70891,5991.346287,2285.422982
PG09,2026-04-01 16:15:0.00000000,14796.026779,-9744.096145,-19908.2589
PG10,2026-04-01 16:15:0.00000000,-5251.758348,19316.616097,17548.158151
PG11,2026-04-01 16:15:0.00000000,-12155.518225,-19494.26809,-13338.330674
PG12,2026-04-01 16:15:0.00000000,-22848.672057,7313.898163,11107.91404
PG13,2026-04-01 16:15:0.00000000,-22590.733723,-14026.955324,-2735.703793
PG14,2026-04-01 16:15:0.00000000,7852.854519,-20529.989366,14779.42472
PG15,2026-04-01 16:15:0.00000000,-26295.798835,-2697.228465,2306.116727
PG16,2026-04-01 16:15:0.00000000,14396.186999,8059.751427,-21284.598998
PG17,2026-04-01 16:15:0.00000000,112.935127,-16204.434678,21367.6235
PG18,2026-04-01 16:15:0.00000000,-6602.877446,20997.037072,-14615.993486
PG19,2026-04-01 16:15:0.00000000,-10748.712632,-17932.963352,16612.743728
PG20,2026-04-01 16:15:0.00000000,-24513.292707,-9845.153866,-2489.14191
PG21,2026-04-01 16:15:0.00000000,-10842.51212,-10672.199536,-21767.68965
PG22,2026-04-01 16:15:0.00000000,3215.022879,-18723.770999,19014.925278
PG23,2026-04-01 16:15:0.00000000,-15915.13418,20056.674946,6586.266763
PG24,2026-04-01 16:15:0.00000000,-16291.417925,-1746.711814,20425.928928
PG25,2026-04-01 16:15:0.00000000,-19644.080417,17665.61611,75.179987
PG26,2026-04-01 16:15:0.00000000,5438.607383,16359.076188,-20353.224996
PG27,2026-04-01 16:15:0.00000000,22171.172855,13130.360868,-7682.601425
PG28,2026-04-01 16:15:0.00000000,5782.737898,25910.879226,-270.778547
PG29,2026-04-01 16:15:0.00000000,-16733.615897,7444.488119,-19333.355297
PG30,2026-04-01 16:15:0.00000000,-347.635067,-25602.013015,-6328.904307
PG31,2026-04-01 16:15:0.00000000,10905.368658,21917.528489,-10188.79589
PG32,2026-04-01 16:15:0.00000000,5504.075235,16630.731099,20295.177445
PG01,2026-04-01 16:30:0.00000000,15073.239189,-2478.969923,21719.711459
PG02,2026-04-01 16:30:0.00000000,17088.768563,9756.35765,18484.389446
PG03,2026-04-01 16:30:0.00000000,21503.455749,-10026.480046,11622.4848
PG04,2026-04-01 16:30:0.00000000,23984.22048,-636.379129,-11549.698838
PG05,2026-04-01 16:30:0.00000000,-15893.718987,-3714.07356,-21134.852633
PG06,2026-04-01 16:30:0.00000000,-4329.696418,-26009.206052,2438.374939
PG07,2026-04-01 16:30:0.00000000,8215.397628,-17598.607654,-17317.846378
PG08,2026-04-01 16:30:0.00000000,26078.14768,6282.361333,-503.791092
PG09,2026-04-01 16:30:0.00000000,16861.209804,-9040.94797,-18551.730024
PG10,2026-04-01 16:30:0.00000000,-6713.661143,20466.059427,15579.401256
PG11,2026-04-01 16:30:0.00000000,-12199.791984,-20903.505102,-10968.496956
PG12,2026-04-01 16:30:0.00000000,-21854.933142,6238.989821,13454.455849
PG13,2026-04-01 16:30:0.00000000,-22114.324467,-14001.292171,-5554.826211
PG14,2026-04-01 16:30:0.00000000,9191.374276,-21384.911912,12595.852043
PG15,2026-04-01 16:30:0.00000000,-26415.197426,-3020.472448,-508.06734
PG16,2026-04-01 16:30:0.00000000,12529.022345,9534.303374,-21821.098472
PG17,2026-04-01 16:30:0.00000000,2375.990358,-15405.470788,21853.29768
PG18,2026-04-01 16:30:0.00000000,-7129.171806,19262.753328,-16636.10164
PG19,2026-04-01 16:30:0.00000000,-8865.741515,-17269.190805,18286.312675
PG20,2026-04-01 16:30:0.00000000,-24005.918197,-9965.170068,-5299.512112
PG21,2026-04-01 16:30:0.00000000,-8972.513895,-12316.561391,-21747.127977
PG22,2026-04-01 16:30:0.00000000,4891.490453,-19852.341387,17447.530266
PG23,2026-04-01 16:30:0.00000000,-16469.387478,20323.302006,3741.155768
PG24,2026-04-01 16:30:0.00000000,-16977.885311,-4047.529533,19577.579747
PG25,2026-04-01 16:30:0.00000000,-19707.312837,17291.736586,2912.790995
PG26,2026-04-01 16:30:0.00000000,3839.108456,17939.33906,-19312.220314
PG27,2026-04-01 16:30:0.00000000,21179.349449,13063.707377,-10245.772894
PG28,2026-04-01 16:30:0.00000000,5505.048905,25844.244808,2584.607758
PG29,2026-04-01 16:30:0.00000000,-18653.664419,6549.66107,-17853.226872
PG30,2026-04-01 16:30:0.00000000,176.178157,-24791.38566,-8961.410231
PG31,2026-04-01 16:30:0.00000000,10837.831801,22940.524761,-7578.52012
PG32,2026-04-01 16:30:0.00000000,3270.731392,16021.480386,21242.67953
PG01,2026-04-01 16:45:0.00000000,15574.30287,-54.235121,21513.763173
PG02,2026-04-01 16:45:0.00000000,17689.470924,11593.864517,16791.698288
PG03,2026-04-01 16:45:0.00000000,20557.052702,-8861.024805,14008.079285
PG04,2026-04-01 16:45:0.00000000,25062.499065,-133.00713,-9020.79106
PG05,2026-04-01 16:45:0.00000000,-14339.229238,-5563.834342,-21831.343063
PG06,2026-04-01 16:45:0.00000000,-4034.639522,-25635.193145,5309.276377
PG07,2026-04-01 16:45:0.00000000,9009.420333,-15540.95779,-18812.696428
PG08,2026-04-01 16:45:0.00000000,25837.662904,6507.92112,-3284.608336
PG09,2026-04-01 16:45:0.00000000,18794.074055,-8485.257126,-16879.159538
PG10,2026-04-01 16:45:0.00000000,-7943.645768,21528.73171,13343.245568
PG11,2026-04-01 16:45:0.00000000,-12253.70093,-22036.525472,-8410.145494
PG12,2026-04-01 16:45:0.00000000,-20728.145943,4942.257159,15565.517227
PG13,2026-04-01 16:45:0.00000000,-21350.713893,-13881.368016,-8280.450613
PG14,2026-04-01 16:45:0.00000000,10304.810965,-22120.56451,10193.204062
PG15,2026-04-01 16:45:0.00000000,-26234.855145,-3308.887599,-3313.59057
PG16,2026-04-01 16:45:0.00000000,10710.233196,11134.12832,-21996.458242
PG17,2026-04-01 16:45:0.00000000,4707.355678,-14717.619666,21974.674986
PG18,2026-04-01 16:45:0.00000000,-7800.993573,17353.336893,-18365.74934
PG19,2026-04-01 16:45:0.00000000,-6785.481155,-16646.264675,19649.001787
PG20,2026-04-01 16:45:0.00000000,-23199.516495,-10042.026416,-8018.320293
PG21,2026-04-01 16:45:0.00000000,-7207.81806,-14040.473441,-21352.133788
PG22,2026-04-01 16:45:0.00000000,6361.814714,-20943.079675,15590.406256
PG23,2026-04-01 16:45:0.00000000,-16785.122827,20378.925124,830.67183
PG24,2026-04-01 16:45:0.00000000,-17726.295598,-6199.097015,18379.412464
PG25,2026-04-01 16:45:0.00000000,-19573.229767,16683.472853,5699.195313
PG26,2026-04-01 16:45:0.00000000,2396.375108,19490.287709,-17941.762084
PG27,2026-04-01 16:45:0.00000000,19918.167279,12984.899184,-12639.410271
PG28,2026-04-01 16:45:0.00000000,5128.137615,25485.947952,5395.458117
PG29,2026-04-01 16:45:0.00000000,-20442.487996,5814.910782,-16068.554832
PG30,2026-04-01 16:45:0.00000000,820.84902,-23727.321715,-11436.175488
PG31,2026-04-01 16:45:0.00000000,10743.898831,23673.871429,-4836.646994
PG32,2026-04-01 16:45:0.00000000,923.243976,15513.759371,21834.652011
PG01,2026-04-01 17:00:0.00000000,16187.991989,2297.940058,20937.602092
PG02,2026-04-01 17:00:0.00000000,18303.36057,13211.364773,14824.061893
PG03,2026-04-01 17:00:0.00000000,19508.213905,-7447.223156,16148.386845
PG04,2026-04-01 17:00:0.00000000,25878.528934,247.568136,-6337.95254
PG05,2026-04-01 17:00:0.00000000,-12855.04166,-7542.943792,-22158.267485
PG06,2026-04-01 17:00:0.00000000,-3618.723255,-24972.83585,8088.061699
PG07,2026-04-01 17:00:0.00000000,9954.273156,-13379.452864,-19962.971532
PG08,2026-04-01 17:00:0.00000000,25304.82293,6703.703147,-6010.688336
PG09,2026-04-01 17:00:0.00000000,20551.380457,-8063.8462,-14918.980499
PG10,2026-04-01 17:00:0.00000000,-8939.697524,22458.72192,10877.085649
PG11,2026-04-01 17:00:0.00000000,-12279.548569,-22880.220979,-5707.361092
PG12,2026-04-01 17:00:0.00000000,-19511.281235,3425.953354,17403.455457
PG13,2026-04-01 17:00:0.00000000,-20300.60455,-13706.971724,-10867.03075
PG14,2026-04-01 17:00:0.00000000,11196.458647,-22697.059268,7612.870682
PG15,2026-04-01 17:00:0.00000000,-25757.763637,-3598.330157,-6062.70116
PG16,2026-04-01 17:00:0.00000000,8976.142956,12830.271413,-21806.636473
PG17,2026-04-01 17:00:0.00000000,7062.724073,-14156.0389,21730.575713
PG18,2026-04-01 17:00:0.00000000,-8629.717789,15314.264886,-19775.199264
PG19,2026-04-01 17:00:0.00000000,-4541.283544,-16094.668071,20676.25631
PG20,2026-04-01 17:00:0.00000000,-22101.110191,-10113.455582,-10598.505029
PG21,2026-04-01 17:00:0.00000000,-5579.158687,-15805.698719,-20589.394811
PG22,2026-04-01 17:00:0.00000000,7615.496871,-21954.517629,13474.218417
PG23,2026-04-01 17:00:0.00000000,-16887.593797,20192.69927,-2094.338293
PG24,2026-04-01 17:00:0.00000000,-18506.308795,-8166.642017,16854.622461
PG25,2026-04-01 17:00:0.00000000,-19274.106404,15823.870659,8385.030412
PG26,2026-04-01 17:00:0.00000000,1122.016067,20969.315235,-16263.929937
PG27,2026-04-01 17:00:0.00000000,18404.465766,12929.605054,-14824.290833
PG28,2026-04-01 17:00:0.00000000,4619.857862,24855.820106,8113.345761
PG29,2026-04-01 17:00:0.00000000,-22057.102082,5229.612796,-14009.951678
PG30,2026-04-01 17:00:0.00000000,1609.045691,-22440.93038,-13709.432863
PG31,2026-04-01 17:00:0.00000000,10585.619845,24112.269009,-2010.458937
PG32,2026-04-01 17:00:0.00000000,-1494.610454,15125.830479,22060.922358
PG01,2026-04-01 17:15:0.00000000,16894.131816,4533.696403,20001.373699
PG02,2026-04-01 17:15:0.00000000,18892.852889,14590.028237,12613.697796
PG03,2026-04-01 17:15:0.00000000,18402.549352,-5793.164923,18005.621706
PG04,2026-04-01 17:15:0.00000000,26408.155906,536.544349,-3547.052096
PG05,2026-04-01 17:15:0.00000000,-11474.516467,-9614.928058,-22110.063174
PG06,2026-04-01 17:15:0.00000000,-3051.331105,-24049.185437,10726.675174
PG07,2026-04-01 17:15:0.00000000,11047.075388,-11164.073286,-20747.626112
PG08,2026-04-01 17:15:0.00000000,24485.264779,6905.497218,-8636.728416
PG09,2026-04-01 17:15:0.00000000,22094.258093,-7756.408315,-12704.497206
PG10,2026-04-01 17:15:0.00000000,-9708.579067,23212.002949,8222.630503
PG11,2026-04-01 17:15:0.00000000,-12238.846281,-23430.234132,-2906.633517
PG12,2026-04-01 17:15:0.00000000,-18247.852482,1701.074435,18935.342842
PG13,2026-04-01 17:15:0.00000000,-18973.291411,-13517.808668,-13271.500758
PG14,2026-04-01 17:15:0.00000000,11877.533275,-23077.591062,4899.564317
PG15,2026-04-01 17:15:0.00000000,-24995.181872,-3923.75616,-8709.195785
PG16,2026-04-01 17:15:0.00000000,7357.926974,14587.850398,-21253.429311
PG17,2026-04-01 17:15:0.00000000,9396.115975,-13728.206793,21125.683849
PG18,2026-04-01 17:15:0.00000000,-9618.576108,13193.639088,-20840.45086
PG19,2026-04-01 17:15:0.00000000,-2172.525446,-15639.22811,21349.018856
PG20,2026-04-01 17:15:0.00000000,-20726.440773,-10215.777772,-12995.356797
PG21,2026-04-01 17:15:0.00000000,-4110.230876,-17569.872394,-19471.941904
PG22,2026-04-01 17:15:0.00000000,8650.063751,-22845.074638,11133.851327
PG23,2026-04-01 17:15:0.00000000,-16808.542677,19740.828918,-4982.66529
PG24,2026-04-01 17:15:0.00000000,-19283.378503,-9922.613982,15032.095167
PG25,2026-04-01 17:15:0.00000000,-18846.292781,14704.066703,10922.370505
PG26,2026-04-01 17:15:0.00000000,20.047158,22333.453242,-14306.260881
PG27,2026-04-01 17:15:0.00000000,16662.362809,12930.363686,-16764.615057
PG28,2026-04-01 17:15:0.00000000,3952.861064,23981.132002,10691.456924
PG29,2026-04-01 17:15:0.00000000,-23458.599223,4775.824131,-11712.621224
PG30,2026-04-01 17:15:0.00000000,2557.041259,-20969.054018,-15740.97814
PG31,2026-04-01 17:15:0.00000000,10325.831403,24259.241513,850.893053
PG32,2026-04-01 17:15:0.00000000,-3936.203783,14868.41457,21917.263351
PG01,2026-04-01 17:30:0.00000000,17665.902394,6613.816232,18721.392176
PG02,2026-04-01 17:30:0.00000000,19418.438074,15718.782496,10196.630142
PG03,2026-04-01 17:30:0.00000000,17284.897025,-3916.15883,19546.98312
PG04,2026-04-01 17:30:0.00000000,26635.184843,768.948764,-695.714078
PG05,2026-04-01 17:30:0.00000000,-10224.51617,-11738.129117,-21687.41209
PG06,2026-04-01 17:30:0.00000000,-2307.830683,-22898.355447,13179.620867
PG07,2026-04-01 17:30:0.00000000,12276.525733,-8944.848213,-21152.735958
PG08,2026-04-01 17:30:0.00000000,23392.525815,7147.704206,-11119.137726
PG09,2026-04-01 17:30:0.00000000,23389.568326,-7536.432422,-10273.341292
PG10,2026-04-01 17:30:0.00000000,-10265.443296,23748.197649,5425.240231
PG11,2026-04-01 17:30:0.00000000,-12093.957407,-23690.992666,-56.058793
PG12,2026-04-01 17:30:0.00000000,-16980.201285,-212.827953,20133.62445
PG13,2026-04-01 17:30:0.00000000,-17386.411096,-13351.88422,-15453.920277
PG14,2026-04-01 17:30:0.00000000,12366.560928,-23229.964606,2100.529859
PG15,2026-04-01 17:30:0.00000000,-23966.146488,-4317.718504,-11209.132546
PG16,2026-04-01 17:30:0.00000000,5880.563342,16367.177445,-20344.533086
PG17,2026-04-01 17:30:0.00000000,11661.396682,-13433.732145,20170.436809
PG18,2026-04-01 17:30:0.00000000,-10762.402854,11040.42697,-21543.633924
PG19,2026-04-01 17:30:0.00000000,276.653424,-15298.09342,21654.148218
PG20,2026-04-01 17:30:0.00000000,-19099.480778,-10382.315667,-15167.309056
PG21,2026-04-01 17:30:0.00000000,-2816.939048,-19288.027213,-18018.931853
PG22,2026-04-01 17:30:0.00000000,9470.991328,-23574.605463,8607.909091
PG23,2026-04-01 17:30:0.00000000,-16584.798132,19007.657769,-7783.680754
PG24,2026-04-01 17:30:0.00000000,-20020.202314,-11447.480542,12945.722239
PG25,2026-04-01 17:30:0.00000000,-18328.670697,13323.891887,13265.67066
PG26,2026-04-01 17:30:0.00000000,-913.134172,23540.966942,-12101.369614
PG27,2026-04-01 17:30:0.00000000,14722.494862,13015.279304,-18428.505934
PG28,2026-04-01 17:30:0.00000000,3105.856195,22895.523699,13085.39971
PG29,2026-04-01 17:30:0.00000000,-24613.530861,4429.146696,-9215.768198
PG30,2026-04-01 17:30:0.00000000,3673.848307,-19352.86178,-17494.938755
PG31,2026-04-01 17:30:0.00000000,9929.82346,24126.971117,3697.268106
PG32,2026-04-01 17:30:0.00000000,-6353.598458,14744.289371,21405.486796
PG01,2026-04-01 17:45:0.00000000,18470.879514,8505.027063,17119.846502
PG02,2026-04-01 17:45:0.00000000,19840.177444,16594.559153,7612.199455
PG03,2026-04-01 17:45:0.00000000,16197.534505,-1842.266911,20745.278157
PG04,2026-04-01 17:45:0.00000000,26551.969646,982.101121,2167.474522
PG05,2026-04-01 17:45:0.00000000,-9124.495635,-13867.115868,-20897.238923
PG06,2026-04-01 17:45:0.00000000,-1370.719728,-21560.183302,15404.751596
PG07,2026-04-01 17:45:0.00000000,13623.250591,-6769.928354,-21171.765801
PG08,2026-04-01 17:45:0.00000000,22047.60465,7461.894878,-13416.682759
PG09,2026-04-01 17:45:0.00000000,24411.064596,-7372.372694,-7666.856448
PG10,2026-04-01 17:45:0.00000000,-10633.111368,24032.239895,2533.171648
PG11,2026-04-01 17:45:0.00000000,-11809.711928,-23675.417692,2795.481992
PG12,2026-04-01 17:45:0.00000000,-15747.832578,-2288.18459,20976.676358
PG13,2026-04-01 17:45:0.00000000,-15565.398272,-13243.968008,-17378.066693
PG14,2026-04-01 17:45:0.00000000,12688.473038,-23127.959631,-735.306626
PG15,2026-04-01 17:45:0.00000000,-22696.71761,-4808.987374,-13521.473975
PG16,2026-04-01 17:45:0.00000000,4562.002123,18125.079202,-19093.52961
PG17,2026-04-01 17:45:0.00000000,13813.796579,-13264.455787,18880.845665
PG18,2026-04-01 17:45:0.00000000,-12047.723781,8902.68898,-21873.282438
PG19,2026-04-01 17:45:0.00000000,2758.813223,-15081.967907,21584.750624
PG20,2026-04-01 17:45:0.00000000,-17251.633768,-10641.931776,-17076.675789
PG21,2026-04-01 17:45:0.00000000,-1706.953311,-20914.232869,-16255.323358
PG22,2026-04-01 17:45:0.00000000,10091.343423,-24105.916824,5938.160723
PG23,2026-04-01 17:45:0.00000000,-16256.67359,17986.44319,-10448.274257
PG24,2026-04-01 17:45:0.00000000,-20678.267879,-12730.184496,10633.64405
PG25,2026-04-01 17:45:0.00000000,-17760.999607,11692.128342,15372.683793
PG26,2026-04-01 17:45:0.00000000,-1688.473705,24552.939237,-9686.464676
PG27,2026-04-01 17:45:0.00000000,12621.038291,13206.885565,-19788.459075
PG28,2026-04-01 17:45:0.00000000,2064.634886,21637.701552,15253.969876
PG29,2026-04-01 17:45:0.00000000,-25495.092829,4159.839452,-6561.945927
PG30,2026-04-01 17:45:0.00000000,4960.652977,-17636.277989,-18940.455356
PG31,2026-04-01 17:45:0.00000000,9366.934146,23735.793087,6478.459192
PG32,2026-04-01 17:45:0.00000000,-8699.145913,14748.18854,20533.45509
PG01,2026-04-01 18:00:0.00000000,19272.302586,10181.07447,15224.408391
PG02,2026-04-01 18:00:0.00000000,20119.231524,17222.268396,4902.530814
PG03,2026-04-01 18:00:0.00000000,15178.503931,394.5152,21579.43579
PG04,2026-04-01 18:00:0.00000000,26159.69198,1213.99247,4993.768505
PG05,2026-04-01 18:00:0.00000000,-8185.877103,-15954.245855,-19752.615403
PG06,2026-04-01 18:00:0.00000000,-230.487135,-20078.687426,17363.98926
PG07,2026-04-01 18:00:0.00000000,15060.517439,-4683.762071,-20805.644504
PG08,2026-04-01 18:00:0.00000000,20478.267292,7875.477912,-15491.099638
PG09,2026-04-01 18:00:0.00000000,25140.304287,-7229.018395,-4929.420164
PG10,2026-04-01 18:00:0.00000000,-10841.037888,24035.860663,-403.256674
PG11,2026-04-01 18:00:0.00000000,-11354.929531,-23404.318377,5599.152608
PG12,2026-04-01 18:00:0.00000000,-14585.870164,-4490.279405,21449.248711
PG13,2026-04-01 18:00:0.00000000,-13542.670327,-13224.19189,-19011.970359
PG14,2026-04-01 18:00:0.00000000,12873.443796,-22752.475837,-3558.233182
PG15,2026-04-01 18:00:0.00000000,-21218.995405,-5421.339823,-15608.657271
PG16,2026-04-01 18:00:0.00000000,3412.586834,19816.374523,-17519.787851
PG17,2026-04-01 18:00:0.00000000,15811.383958,-13204.838325,17278.248729
PG18,2026-04-01 18:00:0.00000000,-13453.181082,6825.862319,-21824.486569
PG19,2026-04-01 18:00:0.00000000,5224.826834,-14993.637086,21140.410861
PG20,2026-04-01 18:00:0.00000000,-15220.652463,-11017.747029,-18690.321272
PG21,2026-04-01 18:00:0.00000000,-779.590881,-22403.286227,-14211.451298
PG22,2026-04-01 18:00:0.00000000,10531.135611,-24406.200457,3168.933483
PG23,2026-04-01 18:00:0.00000000,-15866.232685,16679.781749,-12929.763041
PG24,2026-04-01 18:00:0.00000000,-21219.427071,-13768.255405,8137.443509
PG25,2026-04-01 18:00:0.00000000,-17182.222032,9826.40188,17205.324996
PG26,2026-04-01 18:00:0.00000000,-2323.688983,25334.781084,-7102.762849
PG27,2026-04-01 18:00:0.00000000,10398.544209,13521.214842,-20821.741839
PG28,2026-04-01 18:00:0.00000000,822.821239,20249.952896,17159.860183
PG29,2026-04-01 18:00:0.00000000,-26084.071017,3934.136873,-3796.351794
PG30,2026-04-01 18:00:0.00000000,6410.573626,-15864.311319,-20052.259904
PG31,2026-04-01 18:00:0.00000000,8612.003102,23113.365652,9145.141918
PG32,2026-04-01 18:00:0.00000000,-10927.086246,14867.007625,19315.007847
PG01,2026-04-01 18:15:0.00000000,20030.520017,11623.524646,13067.749404
PG02,2026-04-01 18:15:0.00000000,20219.370786,17614.500618,2111.960969
PG03,2026-04-01 18:15:0.00000000,14260.120127,2753.399797,22034.900244
PG04,2026-04-01 18:15:0.00000000,25468.319219,1501.641231,7735.068636
PG05,2026-04-01 18:15:0.00000000,-7411.733467,-17951.321933,-18272.570945
PG06,2026-04-01 18:15:0.00000000,1113.843393,-18500.382051,19023.964589
PG07,2026-04-01 18:15:0.00000000,16555.275488,-2725.459416,-20062.65042
PG08,2026-04-01 18:15:0.00000000,18718.12218,8410.522585,-17307.668684
PG09,2026-04-01 18:15:0.00000000,25567.2778,-7069.01294,-2107.711924
PG10,2026-04-01 18:15:0.00000000,-10923.999416,23738.833718,-3332.565835
PG11,2026-04-01 18:15:0.00000000,-10703.792668,-22905.497713,8306.986698
PG12,2026-04-01 18:15:0.00000000,-13523.698811,-6778.419575,21542.780784
PG13,2026-04-01 18:15:0.00000000,-11356.569698,-13316.829588,-20328.389126
PG14,2026-04-01 18:15:0.00000000,12955.516623,-22092.407867,-6318.671944
PG15,2026-04-01 18:15:0.00000000,-19569.948254,-6172.556073,-17437.091229
PG16,2026-04-01 18:15:0.00000000,2434.755063,21395.462234,-15648.275283
PG17,2026-04-01 18:15:0.00000000,17616.441997,-13232.620106,15389.000774
PG18,2026-04-01 18:15:0.00000000,-14950.2746,4851.16787,-21398.923613
PG19,2026-04-01 18:15:0.00000000,7625.583691,-15027.812988,20327.311658
PG20,2026-04-01 18:15:0.00000000,-13049.316749,-11526.092312,-19980.249132
PG21,2026-04-01 18:15:0.00000000,-26.026902,-23712.38717,-11922.506199
PG22,2026-04-01 18:15:0.00000000,10816.443305,-24448.331789,346.457575
PG23,2026-04-01 18:15:0.00000000,-15455.494079,15099.667174,-15184.753911
PG24,2026-04-01 18:15:0.00000000,-21607.433276,-14567.585165,5501.314704
PG25,2026-04-01 18:15:0.00000000,-16628.80274,7752.708358,18730.458039
PG26,2026-04-01 18:15:0.00000000,-2842.41817,25857.605721,-4394.807426
PG27,2026-04-01 18:15:0.00000000,8098.624284,13967.103892,-21510.73922
PG28,2026-04-01 18:15:0.00000000,-617.683272,18776.536248,18770.301106
PG29,2026-04-01 18:15:0.00000000,-26369.512382,3715.723742,-966.080756
PG30,2026-04-01 18:15:0.00000000,8008.754652,-14081.355134,-20811.13707
PG31,2026-04-01 18:15:0.00000000,7646.618296,22293.544496,11649.82613
PG32,2026-04-01 18:15:0.00000000,-12995.093148,15080.313061,17769.801029
PG01,2026-04-01 18:30:0.00000000,20704.556197,12822.267619,10686.975841
PG02,2026-04-01 18:30:0.00000000,20108.419419,17790.961518,-713.574824
PG03,2026-04-01 18:30:0.00000000,13467.723825,5188.224152,22103.894721
PG04,2026-04-01 18:30:0.00000000,24496.243772,1879.488394,10344.713883
PG05,2026-04-01 18:30:0.00000000,-6796.792478,-19811.284429,-16481.810527
PG06,2026-04-01 18:30:0.00000000,2654.50653,-16872.51662,20356.566516
PG07,2026-04-01 18:30:0.00000000,18069.469477,-927.416738,-18958.117762
PG08,2026-04-01 18:30:0.00000000,16805.494867,9082.776833,-18835.746622
PG09,2026-04-01 18:30:0.00000000,25690.730111,-6854.46488,750.061653
PG10,2026-04-01 18:30:0.00000000,-10920.55576,23129.923492,-6203.066938
PG11,2026-04-01 18:30:0.00000000,-9837.017231,-22212.604674,10872.69463
PG12,2026-04-01 18:30:0.00000000,-12583.851355,-9107.357922,21255.578763
PG13,2026-04-01 18:30:0.00000000,-9050.100693,-13539.299657,-21305.218836
PG14,2026-04-01 18:30:0.00000000,12971.076291,-21145.211687,-8968.103259
PG15,2026-04-01 18:30:0.00000000,-17790.097405,-7073.651479,-18977.58104
PG16,2026-04-01 18:30:0.00000000,1623.036743,22817.965024,-13509.272791
PG17,2026-04-01 18:30:0.00000000,19196.704373,-13319.731257,13244.099699
PG18,2026-04-01 18:30:0.00000000,-16504.386932,3014.200631,-20604.771187
PG19,2026-04-01 18:30:0.00000000,9913.719328,-15171.311632,19158.231328
PG20,2026-04-01 18:30:0.00000000,-10783.922939,-12175.735385,-20924.099321
PG21,2026-04-01 18:30:0.00000000,570.173844,-24802.73506,-9427.927644
PG22,2026-04-01 18:30:0.00000000,10978.28182,-24211.986365,-2481.833416
PG23,2026-04-01 18:30:0.00000000,-15064.650548,13267.177962,-17173.938259
PG24,2026-04-01 18:30:0.00000000,-21809.382164,-15141.890262,2771.227406
PG25,2026-04-01 18:30:0.00000000,-16133.175832,5504.589876,19920.580609
PG26,2026-04-01 18:30:0.00000000,-3273.118311,26099.407653,-1609.699479
PG27,2026-04-01 18:30:0.00000000,5766.529477,14545.760316,-21843.243566
PG28,2026-04-01 18:30:0.00000000,-2246.577551,17262.009437,20057.62204
PG29,2026-04-01 18:30:0.00000000,-26349.096437,3467.310699,1880.652259
PG30,2026-04-01 18:30:0.00000000,9732.79112,-12329.53023,-21204.259257
PG31,2026-04-01 18:30:0.00000000,6460.098859,21315.005673,13947.786494
PG32,2026-04-01 18:30:0.00000000,-14865.708631,15361.139981,15923.056472
PG01,2026-04-01 18:45:0.00000000,21253.739705,13775.703556,8122.991249
PG02,2026-04-01 18:45:0.00000000,19759.582959,17777.655064,-3527.194894
PG03,2026-04-01 18:45:0.00000000,12818.731182,7649.084927,21785.550173
PG04,2026-04-01 18:45:0.00000000,23269.617432,2377.892189,12778.250384
PG05,2026-04-01 18:45:0.00000000,-6327.763257,-21489.87741,-14410.341596
PG06,2026-04-01 18:45:0.00000000,4375.131276,-15241.308597,21339.393618
PG07,2026-04-01 18:45:0.00000000,19561.560091,685.741528,-17513.981977
PG08,2026-04-01 18:45:0.00000000,14782.139395,9900.915553,-20049.251503
PG09,2026-04-01 18:45:0.00000000,25518.161292,-6548.589674,3594.973254
PG10,2026-04-01 18:45:0.00000000,-10871.345211,22207.488886,-8963.839659
PG11,2026-04-01 18:45:0.00000000,-8742.776288,-21363.777353,13252.439465
PG12,2026-04-01 18:45:0.00000000,-11781.188615,-11428.908811,20592.850939
PG13,2026-04-01 18:45:0.00000000,-6669.503859,-13901.426246,-21925.836442
PG14,2026-04-01 18:45:0.00000000,12957.230541,-19917.136874,-11459.972792
PG15,2026-04-01 18:45:0.00000000,-15922.105213,-8128.364434,-20205.683222
PG16,2026-04-01 18:45:0.00000000,964.358806,24042.370635,-11137.988256
PG17,2026-04-01 18:45:0.00000000,20526.407975,-13433.422063,10878.752114
PG18,2026-04-01 18:45:0.00000000,-18076.049461,1343.755502,-19456.508228
PG19,2026-04-01 18:45:0.00000000,12045.301677,-15403.563516,17652.412025
PG20,2026-04-01 18:45:0.00000000,-8472.643277,-12967.414597,-21505.543506
PG21,2026-04-01 18:45:0.00000000,1032.225476,-25640.983712,-6770.722055
PG22,2026-04-01 18:45:0.00000000,11051.294671,-23684.530697,-5268.04063
PG23,2026-04-01 18:45:0.00000000,-14730.376376,11211.807774,-18862.803091
PG24,2026-04-01 18:45:0.00000000,-21797.003782,-15511.894468,-5.894589
PG25,2026-04-01 18:45:0.00000000,-15722.369748,3121.993754,20754.38777
PG26,2026-04-01 18:45:0.00000000,-3647.753902,26045.992883,1203.745082
PG27,2026-04-01 18:45:0.00000000,3447.667286,15250.606882,-21812.684297
PG28,2026-04-01 18:45:0.00000000,-4045.366466,15749.560304,20999.723627
PG29,2026-04-01 18:45:0.00000000,-26029.193141,3152.251124,4695.309814
PG30,2026-04-01 18:45:0.00000000,11553.465254,-10647.138709,-21225.389409
PG31,2026-04-01 18:45:0.00000000,5050.167289,20219.673299,15997.947676
PG32,2026-04-01 18:45:0.00000000,-16507.614513,15677.054198,13805.220377
PG01,2026-04-01 19:00:0.00000000,21639.330251,14490.606552,5419.797332
PG02,2026-04-01 19:00:0.00000000,19152.61231,17605.836818,-6281.759702
PG03,2026-04-01 19:00:0.00000000,12322.017728,10084.122607,21085.897374
PG04,2026-04-01 19:00:0.00000000,21821.405334,3021.77889,14994.166078
PG05,2026-04-01 19:00:0.00000000,-5983.975029,-22947.227783,-12093.0129
PG06,2026-04-01 19:00:0.00000000,6251.212278,-13650.237677,21956.102245
PG07,2026-04-01 19:00:0.00000000,20988.176746,2097.86574,-15758.187611
PG08,2026-04-01 19:00:0.00000000,12691.828815,10866.047251,-20927.094898
PG09,2026-04-01 19:00:0.00000000,25065.50429,-6117.319267,6378.200519
PG10,2026-04-01 19:00:0.00000000,-10817.284178,20979.710834,-11565.715908
PG11,2026-04-01 19:00:0.00000000,-7417.3418,-20400.12925,15405.569998
PG12,2026-04-01 19:00:0.00000000,-11122.406784,-13693.689795,19566.599235
PG13,2026-04-01 19:00:0.00000000,-4262.716153,-14404.9839,-22179.372356
PG14,2026-04-01 19:00:0.00000000,12950.169346,-18423.11383,-13750.560681
PG15,2026-04-01 19:00:0.00000000,-14009.315072,-9332.911948,-21101.993495
PG16,2026-04-01 19:00:0.00000000,438.65391,25031.608199,-8574.065853
PG17,2026-04-01 19:00:0.00000000,21587.126268,-13537.576894,8331.879231
PG18,2026-04-01 19:00:0.00000000,-19622.397833,-139.069954,-17974.611146
PG19,2026-04-01 19:00:0.00000000,13981.404291,-15697.443212,15835.294071
PG20,2026-04-01 19:00:0.00000000,-6163.819859,-13893.698442,-21714.57146
PG21,2026-04-01 19:00:0.00000000,1389.022735,-26200.498111,-3996.716783
PG22,2026-04-01 19:00:0.00000000,11072.294182,-22861.650402,-7964.569256
PG23,2026-04-01 19:00:0.00000000,-14484.292833,8970.466989,-20222.243491
PG24,2026-04-01 19:00:0.00000000,-21547.762656,-15704.274233,-2782.966719
PG25,2026-04-01 19:00:0.00000000,-15416.872207,649.862858,21217.197139
PG26,2026-04-01 19:00:0.00000000,-4000.327427,25691.616163,3995.896323
PG27,2026-04-01 19:00:0.00000000,1186.105686,16067.412873,-21418.292974
PG28,2026-04-01 19:00:0.00000000,-5987.886788,14279.404266,21580.453473
PG29,2026-04-01 19:00:0.00000000,-25424.604477,2736.138287,7429.837597
PG30,2026-04-01 19:00:0.00000000,13435.762372,-9067.291931,-20874.949719
PG31,2026-04-01 19:00:0.00000000,3423.27799,19051.01836,17763.700262
PG32,2026-04-01 19:00:0.00000000,-17896.691795,15991.443676,11451.530528
PG01,2026-04-01 19:15:0.00000000,21826.082045,14981.672559,2623.744945
PG02,2026-04-01 19:15:0.00000000,18274.759718,17310.768219,-8930.592856
PG03,2026-04-01 19:15:0.00000000,11977.660203,12441.382656,20017.724164
PG04,2026-04-01 19:15:0.00000000,20190.194277,3829.500814,16954.580346
PG05,2026-04-01 19:15:0.00000000,-5738.306526,-24149.278106,-9568.9694
PG06,2026-04-01 19:15:0.00000000,8250.896339,-12138.46596,22196.648067
PG07,2026-04-01 19:15:0.00000000,22305.825435,3301.609918,-13723.985724
PG08,2026-04-01 19:15:0.00000000,10578.871764,11971.499426,-21453.555338
PG09,2026-04-01 19:15:0.00000000,24356.490413,-5530.817098,9051.857708
PG10,2026-04-01 19:15:0.00000000,-10797.747844,19464.427731,-13962.243837
PG11,2026-04-01 19:15:0.00000000,-5865.41986,-19364.136449,17295.299666
PG12,2026-04-01 19:15:0.00000000,-10605.892149,-15852.915716,18195.37033
PG13,2026-04-01 19:15:0.00000000,-1877.76894,-15043.543835,-22060.908401
PG14,2026-04-01 19:15:0.00000000,12983.571027,-16686.3,-15799.792779
PG15,2026-04-01 19:15:0.00000000,-12094.29079,-10676.016451,-21652.370461
PG16,2026-04-01 19:15:0.00000000,19.758895,25754.496466,-5860.990844
PG17,2026-04-01 19:15:0.00000000,22368.35296,-13594.168603,5645.564653
PG18,2026-04-01 19:15:0.00000000,-21098.759095,-1421.465725,-16185.153953
PG19,2026-04-01 19:15:0.00000000,15689.499061,-16020.389575,13738.115581
PG20,2026-04-01 19:15:0.00000000,-3904.259677,-14939.176888,-21547.663231
PG21,2026-04-01 19:15:0.00000000,1673.819396,-26462.363735,-1153.763774
PG22,2026-04-01 19:15:0.00000000,11078.705365,-21747.68625,-10524.919877
PG23,2026-04-01 19:15:0.00000000,-14351.654093,6586.197507,-21229.064852
PG24,2026-04-01 19:15:0.00000000,-21045.732294,-15750.415055,-5513.497357
PG25,2026-04-01 19:15:0.00000000,-15229.785694,-1863.481129,21301.224142
PG26,2026-04-01 19:15:0.00000000,-4365.312189,25039.292604,6717.249361
PG27,2026-04-01 19:15:0.00000000,-976.886407,16974.713157,-20665.198183
PG28,2026-04-01 19:15:0.00000000,-8041.133623,12887.310275,21789.879221
PG29,2026-04-01 19:15:0.00000000,-24557.998563,2188.322123,10037.466253
PG30,2026-04-01 19:15:0.00000000,15340.12222,-7616.766946,-20159.958052
PG31,2026-04-01 19:15:0.00000000,1594.584636,17852.301803,19213.625228
PG32,2026-04-01 19:15:0.00000000,-19016.825179,16264.995312,8901.493451
PG01,2026-04-01 19:30:0.00000000,21783.683824,15270.769922,-217.252491
PG02,2026-04-01 19:30:0.00000000,17121.486767,16930.310349,-11428.228662
PG03,2026-04-01 19:30:0.00000000,11777.044187,14670.677452,18600.303161
PG04,2026-04-01 19:30:0.00000000,18418.799041,4811.945146,18625.878479
PG05,2026-04-01 19:30:0.00000000,-5558.373455,-25069.018291,-6881.028896
PG06,2026-04-01 19:30:0.00000000,10336.052269,-10739.442847,22057.419703
PG07,2026-04-01 19:30:0.00000000,23472.575894,4298.38698,-11449.149583
PG08,2026-04-01 19:30:0.00000000,8486.605292,13202.894636,-21618.586389
PG09,2026-04-01 19:30:0.00000000,23421.724922,-4764.839004,11569.819597
PG10,2026-04-01 19:30:0.00000000,-10848.810969,17688.580572,-16110.606863
PG11,2026-04-01 19:30:0.00000000,-4100.16648,-18297.986918,18889.321065
PG12,2026-04-01 19:30:0.00000000,-10221.927253,-17860.169865,16503.87376
PG13,2026-04-01 19:30:0.00000000,438.82162,-15802.629579,-21571.597515
PG14,2026-04-01 19:30:0.00000000,13087.122298,-14737.304047,-17571.975783
PG15,2026-04-01 19:30:0.00000000,-10217.401872,-12139.199598,-21848.097619
PG16,2026-04-01 19:30:0.00000000,-323.423948,26187.002087,-3045.393001
PG17,2026-04-01 19:30:0.00000000,22867.812819,-13564.80489,2864.446212
PG18,2026-04-01 19:30:0.00000000,-22460.308812,-2499.174704,-14119.322245
PG19,2026-04-01 19:30:0.00000000,17144.606784,-16335.774029,11397.380871
PG20,2026-04-01 19:30:0.00000000,-1737.597339,-16080.977065,-21007.844205
PG21,2026-04-01 19:30:0.00000000,1922.735742,-26416.108968,1709.092903
PG22,2026-04-01 19:30:0.00000000,11106.969576,-20355.65808,-12904.490632
PG23,2026-04-01 19:30:0.00000000,-14350.305887,4106.654488,-21866.366416
PG24,2026-04-01 19:30:0.00000000,-20282.220426,-15685.030655,-8152.294004
PG25,2026-04-01 19:30:0.00000000,-15166.309957,-4368.09015,21005.701156
PG26,2026-04-01 19:30:0.00000000,-4776.053868,24100.764917,9319.379492
PG27,2026-04-01 19:30:0.00000000,-3004.211953,17944.506682,-19564.444048
PG28,2026-04-01 19:30:0.00000000,-10166.355995,11603.311525,21624.454744
PG29,2026-04-01 19:30:0.00000000,-23459.056414,1483.287593,12473.497209
PG30,2026-04-01 19:30:0.00000000,17223.872297,-6315.134957,-19093.837456
PG31,2026-04-01 19:30:0.00000000,-412.454396,16664.838242,20322.107472
PG32,2026-04-01 19:30:0.00000000,-19860.417936,16457.30448,6198.274622
PG01,2026-04-01 19:45:0.00000000,21488.020519,15385.922168,-3054.530298
PG02,2026-04-01 19:45:0.00000000,15696.890692,16503.403154,-13731.17795
PG03,2026-04-01 19:45:0.00000000,11703.329765,16725.373917,16858.998353
PG04,2026-04-01 19:45:0.00000000,16552.717817,5971.928332,19979.281269
PG05,2026-04-01 19:45:0.00000000,-5407.931279,-25687.467804,-4074.987605
PG06,2026-04-01 19:45:0.00000000,12463.582011,-9479.745598,21541.264866
PG07,2026-04-01 19:45:0.00000000,24449.65769,5097.968084,-8975.137104
PG08,2026-04-01 19:45:0.00000000,6455.916173,14538.519925,-21418.052133
PG09,2026-04-01 19:45:0.00000000,22297.506444,-3801.885724,13888.523404
PG10,2026-04-01 19:45:0.00000000,-11001.626483,15687.2878,-17972.472948
PG11,2026-04-01 19:45:0.00000000,-2142.882817,-17241.954342,20160.346775
PG12,2026-04-01 19:45:0.00000000,-9953.236882,-19673.078508,14522.478155
PG13,2026-04-01 19:45:0.00000000,2643.616194,-16660.179983,-20718.701179
PG14,2026-04-01 19:45:0.00000000,13285.213953,-12613.120879,-19036.440403
PG15,2026-04-01 19:45:0.00000000,-8415.498934,-13697.331544,-21685.985543
PG16,2026-04-01 19:45:0.00000000,-625.542273,26313.250428,-176.25581
PG17,2026-04-01 19:45:0.00000000,23091.484532,-13412.313757,35.054903
PG18,2026-04-01 19:45:0.00000000,-23663.735063,-3376.427875,-11812.851675
PG19,2026-04-01 19:45:0.00000000,18330.153055,-16604.461864,8854.205746
PG20,2026-04-01 19:45:0.00000000,297.210908,-17289.582875,-20104.622548
PG21,2026-04-01 19:45:0.00000000,2173.154233,-26060.11233,4542.47061
PG22,2026-04-01 19:45:0.00000000,11190.968366,-18706.967295,-15061.37693
PG23,2026-04-01 19:45:0.00000000,-14489.956986,1582.4177,-22123.800899
PG24,2026-04-01 19:45:0.00000000,-19256.131028,-15544.698318,-10656.116928
PG25,2026-04-01 19:45:0.00000000,-15223.571992,-6814.200769,20336.839889
PG26,2026-04-01 19:45:0.00000000,-5263.210291,22896.122645,11755.889363
PG27,2026-04-01 19:45:0.00000000,-4864.182625,18943.216789,-18132.925766
PG28,2026-04-01 19:45:0.00000000,-12320.379865,10450.649992,21087.076983
PG29,2026-04-01 19:45:0.00000000,-22163.362222,601.841296,14696.060202
PG30,2026-04-01 19:45:0.00000000,19042.783136,-5174.192876,-17696.107088
PG31,2026-04-01 19:45:0.00000000,-2566.816396,15526.355775,21069.822519
PG32,2026-04-01 19:45:0.00000000,-20428.592064,16528.557831,3388.00716
PG01,2026-04-01 20:00:0.00000000,20922.208325,15360.06271,-5839.495423
PG02,2026-04-01 20:00:0.00000000,14013.823163,16068.482703,-15798.70134
PG03,2026-04-01 20:00:0.00000000,11732.252496,18564.035906,14824.761664
PG04,2026-04-01 20:00:0.00000000,14638.493552,7303.900493,20991.340632
PG05,2026-04-01 20:00:0.00000000,-5248.441583,-25994.368306,-1198.863687
PG06,2026-04-01 20:00:0.00000000,14586.922508,-8378.196992,20657.410993
PG07,2026-04-01 20:00:0.00000000,25202.903374,5717.758636,-6346.226847
PG08,2026-04-01 20:00:0.00000000,4523.843493,15949.982598,-20853.882491
PG09,2026-04-01 20:00:0.00000000,21024.434163,-2632.100133,15967.734375
PG10,2026-04-01 20:00:0.00000000,-11281.013944,13502.587374,-19514.751102
PG11,2026-04-01 20:00:0.00000000,-22.400598,-16232.85787,21086.568329
PG12,2026-04-01 20:00:0.00000000,-9775.847281,-21254.820238,12286.599993
PG13,2026-04-01 20:00:0.00000000,4697.710828,-17587.307413,-19515.540522
PG14,2026-04-01 20:00:0.00000000,13595.865789,-10355.82257,-20168.079624
PG15,2026-04-01 20:00:0.00000000,-6720.720482,-15319.417351,-21168.41522
PG16,2026-04-01 20:00:0.00000000,-923.237086,26126.238869,2695.95695
PG17,2026-04-01 20:00:0.00000000,23053.329591,-13102.312125,-2794.894754
PG18,2026-04-01 20:00:0.00000000,-24668.847043,-4065.556321,-9305.401984
PG19,2026-04-01 20:00:0.00000000,19238.489183,-16786.501136,6153.552386
PG20,2026-04-01 20:00:0.00000000,2167.203624,-18529.925957,-18853.810793
PG21,2026-04-01 20:00:0.00000000,2462.066948,-25401.678629,7297.507276
PG22,2026-04-01 20:00:0.00000000,11360.52974,-16830.780474,-16957.153485
PG23,2026-04-01 20:00:0.00000000,-14771.789907,-934.798809,-21997.708222
PG24,2026-04-01 20:00:0.00000000,-17974.058479,-15366.363334,-12984.27756
PG25,2026-04-01 20:00:0.00000000,-15390.807234,-9154.024915,19307.641858
PG26,2026-04-01 20:00:0.00000000,-5853.298423,21453.08603,13983.32338
PG27,2026-04-01 20:00:0.00000000,-6531.572884,19932.886203,-16393.235556
PG28,2026-04-01 20:00:0.00000000,-14457.108277,9444.994794,20187.032786
PG29,2026-04-01 20:00:0.00000000,-20711.077725,-467.94031,16666.830255
PG30,2026-04-01 20:00:0.00000000,20752.681725,-4197.715653,-15991.965442
PG31,2026-04-01 20:00:0.00000000,-4830.96833,14469.522724,21444.08483
PG32,2026-04-01 20:00:0.00000000,-20731.059975,16441.224834,519.026932
PG01,2026-04-01 20:15:0.00000000,20077.363497,15229.609622,-8524.44759
PG02,2026-04-01 20:15:0.00000000,12093.685412,15661.894434,-17593.576374
PG03,2026-04-01 20:15:0.00000000,11833.22333,20151.857556,12533.532791
PG04,2026-04-01 20:15:0.00000000,12722.041836,8793.973193,21644.352863
PG05,2026-04-01 20:15:0.00000000,-5040.742968,-25988.55692,1697.910504
PG06,2026-04-01 20:15:0.00000000,16657.681338,-7445.290738,19421.283729
PG07,2026-04-01 20:15:0.00000000,25703.987464,6181.795228,-3608.651354
PG08,2026-04-01 20:15:0.00000000,2722.314247,17403.135164,-19934.140652
PG09,2026-04-01 20:15:0.00000000,19645.855459,-1253.871664,17771.260803
PG10,2026-04-01 20:15:0.00000000,-11704.32058,11181.899335,-20710.234918
PG11,2026-04-01 20:15:0.00000000,2225.820037,-15302.665871,21652.026249
PG12,2026-04-01 20:15:0.00000000,-9660.218708,-22575.40992,9836.001786
PG13,2026-04-01 20:15:0.00000000,6568.039503,-18549.328675,-17981.357229
PG14,2026-04-01 20:15:0.00000000,14029.923851,-8011.060184,-20947.772286
PG15,2026-04-01 20:15:0.00000000,-5159.468514,-16969.595806,-20303.322455
PG16,2026-04-01 20:15:0.00000000,-1253.475852,25628.21311,5520.241162
PG17,2026-04-01 20:15:0.00000000,22774.730904,-12604.700122,-5577.25691
PG18,2026-04-01 20:15:0.00000000,-25440.06909,-4586.298673,-6639.877872
PG19,2026-04-01 20:15:0.00000000,19871.052542,-16842.866451,3343.370951
PG20,2026-04-01 20:15:0.00000000,3846.49069,-19762.704712,-17277.235631
PG21,2026-04-01 20:15:0.00000000,2824.440226,-24456.781166,9926.710573
PG22,2026-04-01 20:15:0.00000000,11640.078534,-14763.109345,-18557.621748
PG23,2026-04-01 20:15:0.00000000,-15188.422855,-3393.967103,-21491.124364
PG24,2026-04-01 20:15:0.00000000,-16450.117662,-15185.863691,-15099.180841
PG25,2026-04-01 20:15:0.00000000,-15649.879144,-11343.444131,17937.566738
PG26,2026-04-01 20:15:0.00000000,-6567.413549,19805.982928,15962.024906
PG27,2026-04-01 20:15:0.00000000,-7988.448674,20872.570085,-14373.412897
PG28,2026-04-01 20:15:0.00000000,-16529.141485,8593.963699,18939.836864
PG29,2026-04-01 20:15:0.00000000,-19145.449631,-1730.039246,18351.692054
PG30,2026-04-01 20:15:0.00000000,22311.058413,-3381.533355,-14011.778624
PG31,2026-04-01 20:15:0.00000000,-7162.188074,13520.703785,21439.050854
PG32,2026-04-01 20:15:0.00000000,-20785.666488,16161.690814,-2358.95516
PG01,2026-04-01 20:30:0.00000000,18953.075234,15032.915391,-11063.385501
PG02,2026-04-01 20:30:0.00000000,9965.894854,15316.363992,-19082.842303
PG03,2026-04-01 20:30:0.00000000,11970.679426,21461.833498,10025.557254
PG04,2026-04-01 20:30:0.00000000,10847.007576,10420.272037,21926.681915
PG05,2026-04-01 20:30:0.00000000,-4746.76218,-25678.001963,4565.334856
PG06,2026-04-01 20:30:0.00000000,18627.344811,-6682.943642,17854.227791
PG07,2026-04-01 20:30:0.00000000,25931.421899,6519.516138,-809.748005
PG08,2026-04-01 20:30:0.00000000,1077.060917,18859.242074,-18672.995124
PG09,2026-04-01 20:30:0.00000000,18206.213455,325.878554,19267.604682
PG10,2026-04-01 20:30:0.00000000,-12280.604959,8776.275267,-21538.116647
PG11,2026-04-01 20:30:0.00000000,4560.847408,-14477.296492,21846.885265
PG12,2026-04-01 20:30:0.00000000,-9572.600294,-23612.707877,7214.018363
PG13,2026-04-01 20:30:0.00000000,8228.471651,-19507.03623,-16141.080908
PG14,2026-04-01 20:30:0.00000000,14590.560853,-5626.438721,-21362.685624
PG15,2026-04-01 20:30:0.00000000,-3751.585962,-18608.320127,-19104.122275
PG16,2026-04-01 20:30:0.00000000,-1651.845032,24830.680441,8246.038319
PG17,2026-04-01 20:30:0.00000000,22283.655129,-11895.023823,-8264.241209
PG18,2026-04-01 20:30:0.00000000,-25947.766018,-4964.833351,-3861.70798
PG19,2026-04-01 20:30:0.00000000,20238.157262,-16737.181257,473.668836
PG20,2026-04-01 20:30:0.00000000,5317.049205,-20945.879127,-15402.34206
PG21,2026-04-01 20:30:0.00000000,3291.661173,-23249.480237,12384.781797
PG22,2026-04-01 20:30:0.00000000,12047.48936,-12545.61525,-19833.504513
PG23,2026-04-01 20:30:0.00000000,-15724.220355,-5746.524325,-20613.669103
PG24,2026-04-01 20:30:0.00000000,-14705.52156,-15036.523084,-16966.812008
PG25,2026-04-01 20:30:0.00000000,-15976.109012,-13343.537381,16252.072566
PG26,2026-04-01 20:30:0.00000000,-7420.178096,17994.461846,17656.91325
PG27,2026-04-01 20:30:0.00000000,-9224.734077,21719.881524,-12106.594015
PG28,2026-04-01 20:30:0.00000000,-18489.455398,7896.965469,17366.963744
PG29,2026-04-01 20:30:0.00000000,-17511.205753,-3180.129038,19721.340054
PG30,2026-04-01 20:30:0.00000000,23678.604498,-2713.92376,-11790.487742
PG31,2026-04-01 20:30:0.00000000,-9514.094756,12698.996734,21055.774842
PG32,2026-04-01 20:30:0.00000000,-20617.613248,15661.764233,-5195.730192
PG01,2026-04-01 20:45:0.00000000,17557.564125,14808.651194,-13412.785079
PG02,2026-04-01 20:45:0.00000000,7667.031087,15059.588732,-20238.503844
PG03,2026-04-01 20:45:0.00000000,12105.628552,22475.623568,7344.638659
PG04,2026-04-01 20:45:0.00000000,9053.212256,12153.603583,21832.986038
PG05,2026-04-01 20:45:0.00000000,-4331.19824,-25079.495855,7353.7124
PG06,2026-04-01 20:45:0.00000000,20448.995104,-6084.58143,15983.13579
PG07,2026-04-01 20:45:0.00000000,25871.280859,6764.3631,2002.856585
PG08,2026-04-01 20:45:0.00000000,-393.234762,20276.350902,-17090.589617
PG09,2026-04-01 20:45:0.00000000,16749.358489,2091.74603,20430.534983
PG10,2026-04-01 20:45:0.00000000,-13010.178072,6338.510662,-21984.359842
PG11,2026-04-01 20:45:0.00000000,6937.647484,-13775.66049,21667.610067
PG12,2026-04-01 20:45:0.00000000,-9476.54781,-24353.117804,4466.73085
PG13,2026-04-01 20:45:0.00000000,9660.661262,-20418.167682,-14025.000449
PG14,2026-04-01 20:45:0.00000000,15273.09728,-3249.831637,-21406.453739
PG15,2026-04-01 20:45:0.00000000,-2509.76381,-20193.684607,-17589.57122
PG16,2026-04-01 20:45:0.00000000,-2150.876712,23754.049858,10824.243148
PG17,2026-04-01 20:45:0.00000000,21613.563338,-10955.651428,-10809.224076
PG18,2026-04-01 20:45:0.00000000,-26169.3524,-5232.574295,-1018.09315
PG19,2026-04-01 20:45:0.00000000,20358.423474,-16437.342471,-2404.468473
PG20,2026-04-01 20:45:0.00000000,6569.209401,-22036.282405,-13261.700009
PG21,2026-04-01 20:45:0.00000000,3890.127393,-21811.040854,14629.399747
PG22,2026-04-01 20:45:0.00000000,12593.194616,-10224.178891,-20761.068777
PG23,2026-04-01 20:45:0.00000000,-16355.936116,-7948.041891,-19381.318762
PG24,2026-04-01 20:45:0.00000000,-12767.924668,-14947.856401,-18557.169105
PG25,2026-04-01 20:45:0.00000000,-16339.374574,-15121.882108,14282.045054
PG26,2026-04-01 20:45:0.00000000,-8418.966979,16061.996628,19038.160068
PG27,2026-04-01 20:45:0.00000000,-10238.487108,22432.635602,-9630.557388
PG28,2026-04-01 20:45:0.00000000,-20293.0744,7345.368334,15495.478295
PG29,2026-04-01 20:45:0.00000000,-15852.900269,-4805.529368,20751.803242
PG30,2026-04-01 20:45:0.00000000,24820.622159,-2176.298881,-9366.950189
PG31,2026-04-01 20:45:0.00000000,-11838.321598,12015.587149,20302.120126
PG32,2026-04-01 20:45:0.00000000,-20258.391239,14919.993901,-7941.501258
PG01,2026-04-01 21:00:0.00000000,15907.519429,14594.18774,-15532.337214
PG02,2026-04-01 21:00:0.00000000,5239.68287,14913.011775,-21038.173405
PG03,2026-04-01 21:00:0.00000000,12197.323146,23184.082706,4537.341718
PG04,2026-04-01 21:00:0.00000000,7375.250766,13958.414153,21364.342214
PG05,2026-04-01 21:00:0.00000000,-3763.112055,-24218.013369,10014.528989
PG06,2026-04-01 21:00:0.00000000,22078.973135,-5635.552944,13839.991489
PG07,2026-04-01 21:00:0.00000000,25517.639842,6952.274202,4782.016671
PG08,2026-04-01 21:00:0.00000000,-1677.53427,21610.821246,-15212.805256
PG09,2026-04-01 21:00:0.00000000,15316.889554,4020.225865,21239.571625
PG10,2026-04-01 21:00:0.00000000,-13884.519769,3921.201809,-22041.923394
PG11,2026-04-01 21:00:0.00000000,9308.615004,-13208.982949,21117.038211
PG12,2026-04-01 21:00:0.00000000,-9334.539543,-24791.950858,1642.108113
PG13,2026-04-01 21:00:0.00000000,10854.611728,-21239.022919,-11668.338243
PG14,2026-04-01 21:00:0.00000000,16065.146994,-927.702626,-21079.23219
PG15,2026-04-01 21:00:0.00000000,-1439.19981,-21682.856472,-15783.564621
PG16,2026-04-01 21:00:0.00000000,-2778.485256,22426.906273,13208.205609
PG17,2026-04-01 21:00:0.00000000,20802.105027,-9776.712343,-13167.571981
PG18,2026-04-01 21:00:0.00000000,-26090.146696,-5424.776778,1842.765129
PG19,2026-04-01 21:00:0.00000000,20257.87043,-15916.975583,-5239.87911
PG20,2026-04-01 21:00:0.00000000,7601.813607,-22991.28601,-10892.423259
PG21,2026-04-01 21:00:0.00000000,4640.035486,-20178.784301,16621.950759
PG22,2026-04-01 21:00:0.00000000,13279.591228,-7847.287762,-21322.65801
PG23,2026-04-01 21:00:0.00000000,-17053.65882,-9959.722257,-17816.072083
PG24,2026-04-01 21:00:0.00000000,-10670.556476,-14944.4272,-19844.64277
PG25,2026-04-01 21:00:0.00000000,-16705.425379,-16653.580256,12063.135429
PG26,2026-04-01 21:00:0.00000000,-9563.443332,14054.247972,20081.748236
PG27,2026-04-01 21:00:0.00000000,-11035.865534,22970.531328,-6987.164482
PG28,2026-04-01 21:00:0.00000000,-21898.674811,6922.987377,13357.571073
PG29,2026-04-01 21:00:0.00000000,-14213.271057,-6585.487175,21424.884266
PG30,2026-04-01 21:00:0.00000000,25708.254892,-1744.152983,-6783.229777
PG31,2026-04-01 21:00:0.00000000,-14086.259654,11473.443515,19192.53291
PG32,2026-04-01 21:00:0.00000000,-19744.460229,13922.737743,-10547.807902
PG01,2026-04-01 21:15:0.00000000,14027.620536,14424.034822,-17385.63303
PG02,2026-04-01 21:15:0.00000000,2731.031804,14890.836329,-21465.630058
PG03,2026-04-01 21:15:0.00000000,12204.996361,23587.440616,1652.162536
PG04,2026-04-01 21:15:0.00000000,5841.291853,15794.00685,20528.264128
PG05,2026-04-01 21:15:0.00000000,-3017.356496,-23125.756974,12501.324925
PG06,2026-04-01 21:15:0.00000000,23478.426167,-5313.855617,11461.334805
PG07,2026-04-01 21:15:0.00000000,24872.724998,7120.127268,7481.783928
PG08,2026-04-01 21:15:0.00000000,-2772.742018,22818.95642,-13070.911459
PG09,2026-04-01 21:15:0.00000000,13946.591172,6080.418078,21680.369683
PG10,2026-04-01 21:15:0.00000000,-14886.570981,1574.830223,-21710.834846
PG11,2026-04-01 21:15:0.00000000,11625.209867,-12780.430157,20204.348163
PG12,2026-04-01 21:15:0.00000000,-9109.623188,-24933.447775,-1210.865169
PG13,2026-04-01 21:15:0.00000000,11808.929728,-21926.170865,-9110.727928
PG14,2026-04-01 21:15:0.00000000,16947.07766,1296.499387,-20387.631822
PG15,2026-04-01 21:15:0.00000000,-537.524045,-23033.568034,-13714.865393
PG16,2026-04-01 21:15:0.00000000,-3556.586953,20884.944164,15354.698295
PG17,2026-04-01 21:15:0.00000000,19889.640442,-8356.755367,-15297.461882
PG18,2026-04-01 21:15:0.00000000,-25703.94051,-5579.006054,4672.44547
PG19,2026-04-01 21:15:0.00000000,19968.714574,-15156.656433,-7982.322509
PG20,2026-04-01 21:15:0.00000000,8422.044218,-23770.45299,-8335.512008
PG21,2026-04-01 21:15:0.00000000,5554.41594,-18394.718433,18328.192226
PG22,2026-04-01 21:15:0.00000000,14100.77836,-5464.303665,-21507.115894
PG23,2026-04-01 21:15:0.00000000,-17782.020315,-11749.668671,-15945.518854
PG24,2026-04-01 21:15:0.00000000,-8451.174396,-15044.891528,-20808.344688
PG25,2026-04-01 21:15:0.00000000,-17037.355317,-17921.974717,9635.027383
PG26,2026-04-01 21:15:0.00000000,-10845.423798,12017.353095,20769.900479
PG27,2026-04-01 21:15:0.00000000,-11630.774959,23296.805755,-4221.698133
PG28,2026-04-01 21:15:0.00000000,-23270.05783,6606.871355,10990.006251
PG29,2026-04-01 21:15:0.00000000,-12631.67226,-8491.776559,21728.503723
PG30,2026-04-01 21:15:0.00000000,26319.494913,-1388.230562,-4083.850404
PG31,2026-04-01 21:15:0.00000000,-16210.799443,11067.359399,17747.689306
PG32,2026-04-01 21:15:0.00000000,-19115.725996,12664.933742,-12968.444403
PG01,2026-04-01 21:30:0.00000000,11949.759812,14328.399631,-18940.785476
PG02,2026-04-01 21:30:0.00000000,191.222204,14999.330579,-21511.273497
PG03,2026-04-01 21:30:0.00000000,12089.591542,23695.129682,-1261.317759
PG04,2026-04-01 21:30:0.00000000,4472.129179,17615.972804,19338.610889
PG05,2026-04-01 21:30:0.00000000,-2075.787216,-21840.92414,14770.54098
PG06,2026-04-01 21:30:0.00000000,24614.683495,-5091.14393,8887.656605
PG07,2026-04-01 21:30:0.00000000,23946.778776,7304.190638,10058.06575
PG08,2026-04-01 21:30:0.00000000,-3683.693765,23858.676341,-10701.10434
PG09,2026-04-01 21:30:0.00000000,12671.027862,8235.030069,21744.995096
PG10,2026-04-01 21:30:0.00000000,-15991.385093,-654.0452,-20998.115635
PG11,2026-04-01 21:30:0.00000000,13839.637861,-12485.056612,18944.921898
PG12,2026-04-01 21:30:0.00000000,-8767.027346,-24790.464942,-4043.055802
PG13,2026-04-01 21:30:0.00000000,12530.75232,-22438.182146,-6395.598567
PG14,2026-04-01 21:30:0.00000000,17892.763756,3383.810545,-19344.537502
PG15,2026-04-01 21:30:0.00000000,205.000882,-24205.620856,-11416.760671
PG16,2026-04-01 21:30:0.00000000,-4499.968601,19169.603442,17224.82
PG17,2026-04-01 21:30:0.00000000,18917.644991,-6703.091281,-17160.681911
PG18,2026-04-01 21:30:0.00000000,-25013.263416,-5733.525896,7423.08619
PG19,2026-04-01 21:30:0.00000000,19527.927241,-14144.847232,-10583.447043
PG20,2026-04-01 21:30:0.00000000,9044.929639,-24337.115247,-5635.13161
PG21,2026-04-01 21:30:0.00000000,6638.452243,-16504.000025,19718.838302
PG22,2026-04-01 21:30:0.00000000,15042.644704,-3123.680214,-21310.085453
PG23,2026-04-01 21:30:0.00000000,-18501.616436,-13293.8831,-13802.322105
PG24,2026-04-01 21:30:0.00000000,-6150.869791,-15261.256887,-21432.385581
PG25,2026-04-01 21:30:0.00000000,-17297.168338,-18919.036108,7040.653818
PG26,2026-04-01 21:30:0.00000000,-12249.077108,9996.217255,21091.369615
PG27,2026-04-01 21:30:0.00000000,-12044.204179,23379.792042,-1382.104764
PG28,2026-04-01 21:30:0.00000000,-24377.435764,6368.357952,8433.491421
PG29,2026-04-01 21:30:0.00000000,-11142.643036,-10489.597422,21656.941651
PG30,2026-04-01 21:30:0.00000000,26639.933552,-1075.865619,-1315.027305
PG31,2026-04-01 21:30:0.00000000,-18167.999661,10784.334091,15994.029321
PG32,2026-04-01 21:30:0.00000000,-18413.876325,11150.535396,-15160.350129
PG01,2026-04-01 21:45:0.00000000,9711.995297,14331.919443,-20170.976955
PG02,2026-04-01 21:45:0.00000000,-2328.420778,15236.462838,-21172.452281
PG03,2026-04-01 21:45:0.00000000,11815.418377,23525.273173,-4153.28079
PG04,2026-04-01 21:45:0.00000000,3280.520918,19377.783792,17815.385435
PG05,2026-04-01 21:45:0.00000000,-928.202505,-20406.243399,16782.321011
PG06,2026-04-01 21:45:0.00000000,25462.409819,-4933.982492,6162.732047
PG07,2026-04-01 21:45:0.00000000,22757.656584,7538.634107,12469.223502
PG08,2026-04-01 21:45:0.00000000,-4422.827122,24691.165559,-8143.934556
PG09,2026-04-01 21:45:0.00000000,11516.352476,10441.63872,21432.085188
PG10,2026-04-01 21:45:0.00000000,-17167.106085,-2724.41473,-19917.565367
PG11,2026-04-01 21:45:0.00000000,15906.512734,-12310.075101,17360.102975
PG12,2026-04-01 21:45:0.00000000,-8275.674676,-24383.843526,-6806.028451
PG13,2026-04-01 21:45:0.00000000,13035.343495,-22737.320418,-3569.470846
PG14,2026-04-01 21:45:0.00000000,18870.598686,5301.032947,-17968.819521
PG15,2026-04-01 21:45:0.00000000,805.005479,-25162.351163,-8926.642875
PG16,2026-04-01 21:45:0.00000000,-5615.459823,17326.465926,18784.80755
PG17,2026-04-01 21:45:0.00000000,17927.056793,-4831.796421,-18723.393576
PG18,2026-04-01 21:45:0.00000000,-24029.334579,-5925.666524,10048.153785
PG19,2026-04-01 21:45:0.00000000,18975.617157,-12878.508326,-12997.703317
PG20,2026-04-01 21:45:0.00000000,9492.549631,-24659.813772,-2837.840946
PG21,2026-04-01 21:45:0.00000000,7889.110845,-14553.288805,20770.058069
PG22,2026-04-01 21:45:0.00000000,16083.308581,-871.204776,-20734.170351
PG23,2026-04-01 21:45:0.00000000,-19170.583571,-14576.958766,-11423.625436
PG24,2026-04-01 21:45:0.00000000,-3812.764376,-15598.379202,-21706.102755
PG25,2026-04-01 21:45:0.00000000,-17447.372216,-19645.414215,4325.383315
PG26,2026-04-01 21:45:0.00000000,-13751.444405,8032.879482,21041.587069
PG27,2026-04-01 21:45:0.00000000,-12303.266449,23194.313667,1481.849193
PG28,2026-04-01 21:45:0.00000000,-25198.482423,6174.356113,5731.979852
PG29,2026-04-01 21:45:0.00000000,-9774.668783,-12538.740821,21210.969857
PG30,2026-04-01 21:45:0.00000000,26663.230985,-772.438647,1476.110994
PG31,2026-04-01 21:45:0.00000000,-19918.617356,10604.268843,13963.193621
PG32,2026-04-01 21:45:0.00000000,-17680.644451,9392.587989,-17084.449795
PG01,2026-04-01 22:00:0.00000000,7357.271958,14452.617822,-21054.923732
PG02,2026-04-01 22:00:0.00000000,-4777.252357,15591.893001,-20453.648149
PG03,2026-04-01 22:00:0.00000000,11351.673298,23103.858256,-6974.50603
PG04,2026-04-01 22:00:0.00000000,2270.845234,21032.486351,15984.423447
PG05,2026-04-01 22:00:0.00000000,427.029106,-18867.336252,18501.253672
PG06,2026-04-01 22:00:0.00000000,26004.493953,-4805.296535,3332.901896
PG07,2026-04-01 22:00:0.00000000,21330.176475,7854.147668,14676.611034
PG08,2026-04-01 22:00:0.00000000,-5009.540659,25282.42848,-5443.630133
PG09,2026-04-01 22:00:0.00000000,10501.376385,12654.163865,20746.889603
PG10,2026-04-01 22:00:0.00000000,-18376.227449,-4602.199436,-18489.415961
PG11,2026-04-01 22:00:0.00000000,17784.436804,-12235.440596,15476.852615
PG12,2026-04-01 22:00:0.00000000,-7609.539578,-23741.492434,-9452.85677
PG13,2026-04-01 22:00:0.00000000,13345.369507,-22791.124074,-681.173854
PG14,2026-04-01 22:00:0.00000000,19844.723075,7021.780156,-16284.947133
PG15,2026-04-01 22:00:0.00000000,1285.274158,-25872.004557,-6285.512566
PG16,2026-04-01 22:00:0.00000000,-6901.449484,15403.483579,20006.730916
PG17,2026-04-01 22:00:0.00000000,16956.633404,-2767.366951,-19956.835575
PG18,2026-04-01 22:00:0.00000000,-22771.703203,-6190.231837,12503.190529
PG19,2026-04-01 22:00:0.00000000,18353.309786,-11363.362742,-15183.181575
PG20,2026-04-01 22:00:0.00000000,9792.973023,-24713.546571,8.21547
PG21,2026-04-01 22:00:0.00000000,9295.096402,-12589.056676,21463.878106
PG22,2026-04-01 22:00:0.00000000,17193.897893,1251.65973,-19788.948827
PG23,2026-04-01 22:00:0.00000000,-19746.269455,-15592.445726,-8850.39746
PG24,2026-04-01 22:00:0.00000000,-1480.637111,-16053.714411,-21624.236175
PG25,2026-04-01 22:00:0.00000000,-17452.536854,-20110.162128,1536.194795
PG26,2026-04-01 22:00:0.00000000,-15323.25545,6165.019909,20622.670853
PG27,2026-04-01 22:00:0.00000000,-12439.979213,22722.850684,4319.491848
PG28,2026-04-01 22:00:0.00000000,-25719.107529,5988.805346,2931.916978
PG29,2026-04-01 22:00:0.00000000,-8549.184206,-14594.978163,20397.87049
PG30,2026-04-01 22:00:0.00000000,26391.292456,-442.894849,4242.297995
PG31,2026-04-01 22:00:0.00000000,-21429.441935,10500.943418,11691.380196
PG32,2026-04-01 22:00:0.00000000,-16956.073115,7412.937596,-18706.421903
PG01,2026-04-01 22:15:0.00000000,4931.959039,14701.125155,-21577.249085
PG02,2026-04-01 22:15:0.00000000,-7107.168972,16047.330312,-19366.502025
PG03,2026-04-01 22:15:0.00000000,10673.768149,22463.629499,-9677.180398
PG04,2026-04-01 22:15:0.00000000,1439.086946,22534.432582,13876.975705
PG05,2026-04-01 22:15:0.00000000,1982.682243,-17270.969953,19897.036538
PG06,2026-04-01 22:15:0.00000000,26232.63989,-4665.965493,446.311893
PG07,2026-04-01 22:15:0.00000000,19695.249833,8276.709739,16645.055365
PG08,2026-04-01 22:15:0.00000000,-5469.261784,25604.684977,-2647.323695
PG09,2026-04-01 22:15:0.00000000,9636.93909,14824.495909,19701.189683
PG10,2026-04-01 22:15:0.00000000,-19577.075056,-6261.336757,-16739.869512
PG11,2026-04-01 22:15:0.00000000,19437.439856,-12234.726619,13327.307988
PG12,2026-04-01 22:15:0.00000000,-6748.801036,-22897.225795,-11938.887165
PG13,2026-04-01 22:15:0.00000000,13489.875834,-22573.811937,2219.005828
PG14,2026-04-01 22:15:0.00000000,20776.418932,8527.25157,-14322.514877
PG15,2026-04-01 22:15:0.00000000,1673.760032,-26308.968263,-3537.401882
PG16,2026-04-01 22:15:0.00000000,-8347.769601,13449.118387,20869.050911
PG17,2026-04-01 22:15:0.00000000,16041.386196,-542.028208,-20837.94882
PG18,2026-04-01 22:15:0.00000000,-21267.590694,-6558.004441,14746.531735
PG19,2026-04-01 22:15:0.00000000,17702.198686,-9613.806803,-17102.355282
PG20,2026-04-01 22:15:0.00000000,9978.970822,-24480.776842,2854.137261
PG21,2026-04-01 22:15:0.00000000,10837.134108,-10655.9171,21788.483183
PG22,2026-04-01 22:15:0.00000000,18339.640751,3209.260583,-18490.835228
PG23,2026-04-01 22:15:0.00000000,-20186.934273,-16342.880391,-6126.725524
PG24,2026-04-01 22:15:0.00000000,802.476079,-16617.334673,-21187.050827
PG25,2026-04-01 22:15:0.00000000,-17280.75786,-20330.153411,-1279.143166
PG26,2026-04-01 22:15:0.00000000,-16930.002394,4424.668061,19843.298458
PG27,2026-04-01 22:15:0.00000000,-12489.828161,21956.421235,7080.21231
PG28,2026-04-01 22:15:0.00000000,-25933.925566,5774.25501,81.443912
PG29,2026-04-01 22:15:0.00000000,-7479.858535,-16611.62193,19231.338301
PG30,2026-04-01 22:15:0.00000000,25834.148828,-53.26643,6936.890972
PG31,2026-04-01 22:15:0.00000000,-22674.385348,10443.227388,9218.638558
PG32,2026-04-01 22:15:0.00000000,-16276.85354,5241.581184,-19997.375123
PG01,2026-04-01 22:30:0.00000000,2484.258155,15080.19442,-21728.758424
PG02,2026-04-01 22:30:0.00000000,-9274.385802,16577.249741,-17929.672471
PG03,2026-04-01 22:30:0.00000000,9764.419422,21642.747974,-12215.671001
PG04,2026-04-01 22:30:0.00000000,773.157817,23840.980429,11529.189023
PG05,2026-04-01 22:30:0.00000000,3722.743898,-15663.271487,20945.047438
PG06,2026-04-01 22:30:0.00000000,26147.637971,-4476.499969,-2447.879119
PG07,2026-04-01 22:30:0.00000000,17888.825758,8826.540274,18343.282287
PG08,2026-04-01 22:30:0.00000000,-5832.257193,25637.544046,195.802426
PG09,2026-04-01 22:30:0.00000000,8925.60278,16904.213737,18313.096962
PG10,2026-04-01 22:30:0.00000000,-20725.449356,-7684.533065,-14700.535876
PG11,2026-04-01 22:30:0.00000000,20836.220923,-12276.26133,10948.248661
PG12,2026-04-01 22:30:0.00000000,-5680.750512,-21889.40341,-14222.445298
PG13,2026-04-01 22:30:0.00000000,13503.001892,-22067.451401,5080.2278
PG14,2026-04-01 22:30:0.00000000,21625.614191,9806.711023,-12115.693145
PG15,2026-04-01 22:30:0.00000000,2002.382318,-26454.811164,-728.719342
PG16,2026-04-01 22:30:0.00000000,-9935.951813,11510.478094,21357.024191
PG17,2026-04-01 22:30:0.00000000,15211.160074,1805.281167,-21349.902735
PG18,2026-04-01 22:30:0.00000000,-19550.95771,-7054.403588,16739.983424
PG19,2026-04-01 22:30:0.00000000,17061.443182,-7652.476009,-18722.717008
PG20,2026-04-01 22:30:0.00000000,10086.55609,-23952.163472,5651.105372
PG21,2026-04-01 22:30:0.00000000,12488.568258,-8795.038491,21738.410606
PG22,2026-04-01 22:30:0.00000000,19481.222307,4973.002674,-16862.789139
PG23,2026-04-01 22:30:0.00000000,-20453.418246,-16839.48222,-3299.070745
PG24,2026-04-01 22:30:0.00000000,2995.66599,-17272.212258,-20400.40189
PG25,2026-04-01 22:30:0.00000000,-16904.972326,-20329.22334,-4072.874195
PG26,2026-04-01 22:30:0.00000000,-18533.222554,2837.16093,18718.453699
PG27,2026-04-01 22:30:0.00000000,-12490.173466,20895.132251,9714.456073
PG28,2026-04-01 22:30:0.00000000,-25846.401169,5493.501934,-2770.428436
PG29,2026-04-01 22:30:0.00000000,-6572.192362,-18541.198145,17731.266277
PG30,2026-04-01 22:30:0.00000000,25009.549692,427.85705,9514.609489
PG31,2026-04-01 22:30:0.00000000,-23635.292197,10396.472869,6588.118848
PG32,2026-04-01 22:30:0.00000000,-15674.810991,2915.682514,-20934.414684
PG01,2026-04-01 22:45:0.00000000,62.541916,15584.531925,-21506.611064
PG02,2026-04-01 22:45:0.00000000,-11241.049179,17149.940979,-16168.523539
PG03,2026-04-01 22:45:0.00000000,8614.46,20683.26851,-14547.251097
PG04,2026-04-01 22:45:0.00000000,253.53968,24914.09644,8981.493238
PG05,2026-04-01 22:45:0.00000000,5622.838313,-14087.975271,21626.8097
PG06,2026-04-01 22:45:0.00000000,25759.305278,-4198.739122,-5300.311058
PG07,2026-04-01 22:45:0.00000000,15950.685497,9517.267644,19744.289981
PG08,2026-04-01 22:45:0.00000000,-6132.232387,25368.900892,3035.435797
PG09,2026-04-01 22:45:0.00000000,8361.684139,18846.325091,16606.734032
PG10,2026-04-01 22:45:0.00000000,-21776.357847,-8863.66139,-12407.78728
PG11,2026-04-01 22:45:0.00000000,21959.144594,-12324.480245,8380.478919
PG12,2026-04-01 22:45:0.00000000,-4400.424978,-20759.428261,-16265.477547
PG13,2026-04-01 22:45:0.00000000,13422.48209,-21262.83554,7852.036399
PG14,2026-04-01 22:45:0.00000000,22352.439224,10857.656644,-9702.614863
PG15,2026-04-01 22:45:0.00000000,2305.6447,-26299.08576,2092.480495
PG16,2026-04-01 22:45:0.00000000,-11639.843007,9631.531438,21462.946374
PG17,2026-04-01 22:45:0.00000000,14489.422174,4230.215182,-21482.504311
PG18,2026-04-01 22:45:0.00000000,-17661.328927,-7698.345991,18449.45133
PG19,2026-04-01 22:45:0.00000000,16466.582337,-5509.490142,-20017.297076
PG20,2026-04-01 22:45:0.00000000,10153.408138,-23126.986843,8351.212476
PG21,2026-04-01 22:45:0.00000000,14216.254028,-7042.701993,21314.635564
PG22,2026-04-01 22:45:0.00000000,20576.350105,6522.302055,-14933.877374
PG23,2026-04-01 22:45:0.00000000,-20510.714107,-17101.532742,-415.496175
PG24,2026-04-01 22:45:0.00000000,5061.472822,-17994.766841,-19275.738044
PG25,2026-04-01 22:45:0.00000000,-16304.081535,-20137.073867,-6798.025426
PG26,2026-04-01 22:45:0.00000000,-20091.934221,1420.387395,17269.059437
PG27,2026-04-01 22:45:0.00000000,-12478.56562,19548.367186,12174.723332
PG28,2026-04-01 22:45:0.00000000,-25468.665595,5111.222414,-5574.660513
PG29,2026-04-01 22:45:0.00000000,-5823.443345,-20337.165605,15923.416735
PG30,2026-04-01 22:45:0.00000000,23942.286964,1027.963237,11932.242196
PG31,2026-04-01 22:45:0.00000000,-24302.445743,10324.030342,3845.292468
PG32,2026-04-01 22:45:0.00000000,-15175.602418,478.293922,-21501.083961
PG01,2026-04-01 23:00:0.00000000,-2286.314246,16200.950833,-20914.38485
PG02,2026-04-01 23:00:0.00000000,-12976.608129,17728.846487,-14114.645829
PG03,2026-04-01 23:00:0.00000000,7223.345947,19629.493114,-16632.770721
PG04,2026-04-01 23:00:0.00000000,-145.773594,25721.796967,6277.904017
PG05,2026-04-01 23:00:0.00000000,7650.992392,-12584.776112,21930.340434
PG06,2026-04-01 23:00:0.00000000,25086.096432,-3797.504399,-8062.242627
PG07,2026-04-01 23:00:0.00000000,13923.125931,10355.331627,20825.673581
PG08,2026-04-01 23:00:0.00000000,-6404.77778,24795.513824,5821.097343
PG09,2026-04-01 23:00:0.00000000,7931.621872,20606.960395,14611.803708
PG10,2026-04-01 23:00:0.00000000,-22685.767498,-9799.797639,-9902.047734
PG11,2026-04-01 23:00:0.00000000,22792.952506,-12341.443649,5668.135435
PG12,2026-04-01 23:00:0.00000000,-2910.945875,-19550.158577,-18034.121594
PG13,2026-04-01 23:00:0.00000000,13287.992622,-20160.02664,10485.31368
PG14,2026-04-01 23:00:0.00000000,22918.776324,11685.680638,-7124.710258
PG15,2026-04-01 23:00:0.00000000,2619.122318,-25839.852464,4877.295798
PG16,2026-04-01 23:00:0.00000000,-13426.549311,7851.481355,21186.230532
PG17,2026-04-01 23:00:0.00000000,13892.315634,6684.566928,-21232.473901
PG18,2026-04-01 23:00:0.00000000,-15642.41697,-8501.352727,19845.512376
PG19,2026-04-01 23:00:0.00000000,15948.127756,-3221.414433,-20965.059703
PG20,2026-04-01 23:00:0.00000000,10217.242601,-22013.254707,10908.272871
PG21,2026-04-01 23:00:0.00000000,15981.708276,-5429.05817,20524.546651
PG22,2026-04-01 23:00:0.00000000,21581.459711,7845.203547,-12738.699346
PG23,2026-04-01 23:00:0.00000000,-20329.387176,-17155.46309,2475.120511
PG24,2026-04-01 23:00:0.00000000,6967.103681,-18755.664206,-17830.037208
PG25,2026-04-01 23:00:0.00000000,-15463.844168,-19787.988598,-9409.138918
PG26,2026-04-01 23:00:0.00000000,-21564.164927,184.342239,15521.51023
PG27,2026-04-01 23:00:0.00000000,-12491.044833,17934.595084,14416.542227
PG28,2026-04-01 23:00:0.00000000,-24821.011467,4595.534802,-8283.026105
PG29,2026-04-01 23:00:0.00000000,-5222.884814,-21955.614323,13838.98242
PG30,2026-04-01 23:00:0.00000000,22663.275708,1769.404896,14149.314387
PG31,2026-04-01 23:00:0.00000000,-24674.758164,10188.82663,1037.159537
PG32,2026-04-01 23:00:0.00000000,-14797.682164,-2023.162457,-21687.670288
PG01,2026-04-01 23:15:0.00000000,-4518.543751,16908.842885,-19962.031485
PG02,2026-04-01 23:15:0.00000000,-14458.88003,18274.129287,-11805.221663
PG03,2026-04-01 23:15:0.00000000,5599.342125,18526.261821,-18437.264744
PG04,2026-04-01 23:15:0.00000000,-456.071599,26239.369496,3465.253475
PG05,2026-04-01 23:15:0.00000000,9768.711926,-11187.854767,21850.373817
PG06,2026-04-01 23:15:0.00000000,24154.397948,-3242.146626,-10686.367264
PG07,2026-04-01 23:15:0.00000000,11849.573031,11339.638329,21569.902949
PG08,2026-04-01 23:15:0.00000000,-6685.727517,23923.230975,8503.12499
PG09,2026-04-01 23:15:0.00000000,7614.664626,22146.952805,12363.054876
PG10,2026-04-01 23:15:0.00000000,-23412.308558,-10502.903259,-7227.034814
PG11,2026-04-01 23:15:0.00000000,23333.161386,-12288.459827,2857.931463
PG12,2026-04-01 23:15:0.00000000,-1223.555679,-18304.293226,-19499.201997
PG13,2026-04-01 23:15:0.00000000,13139.411912,-18768.53718,12933.22444
PG14,2026-04-01 23:15:0.00000000,23289.744562,12304.028951,-4426.001516
PG15,2026-04-01 23:15:0.00000000,2977.873288,-25083.89503,7576.834256
PG16,2026-04-01 23:15:0.00000000,-15257.662412,6203.365204,20533.32447
PG17,2026-04-01 23:15:0.00000000,13428.023808,9117.993199,-20603.575262
PG18,2026-04-01 23:15:0.00000000,-13540.594337,-9466.937069,20903.91995
PG19,2026-04-01 23:15:0.00000000,15530.387924,-829.984125,-21551.175316
PG20,2026-04-01 23:15:0.00000000,10314.190481,-20627.4851,13278.598852
PG21,2026-04-01 23:15:0.00000000,17742.475293,-3977.129376,19381.812476
PG22,2026-04-01 23:15:0.00000000,22453.485535,8938.636192,-10316.691187
PG23,2026-04-01 23:15:0.00000000,-19886.791891,-17033.686147,5323.878829
PG24,2026-04-01 23:15:0.00000000,8685.502078,-19520.846377,-16085.668238
PG25,2026-04-01 23:15:0.00000000,-14377.513027,-19319.408648,-11862.956073
PG26,2026-04-01 23:15:0.00000000,-22908.509933,-869.000522,13507.120248
PG27,2026-04-01 23:15:0.00000000,-12560.500652,16080.803289,16399.388447
PG28,2026-04-01 23:15:0.00000000,-23931.085341,3919.431547,-10848.940658
PG29,2026-04-01 23:15:0.00000000,-4752.387857,-23356.875765,11514.044731
PG30,2026-04-01 23:15:0.00000000,21208.426645,2668.38369,16128.709728
PG31,2026-04-01 23:15:0.00000000,-24759.645484,9954.944148,-1788.543031
PG32,2026-04-01 23:15:0.00000000,-14551.579427,-4538.589668,-21491.368211
PG01,2026-04-01 23:30:0.00000000,-6594.982577,17680.951443,-18665.722174
PG02,2026-04-01 23:30:0.00000000,-15674.760145,18744.398673,-9282.252042
PG03,2026-04-01 23:30:0.00000000,3759.38178,17417.243439,-19930.492226
PG04,2026-04-01 23:30:0.00000000,-712.507857,26450.324068,592.362656
PG05,2026-04-01 23:30:0.00000000,11932.325661,-9924.636204,21388.454376
PG06,2026-04-01 23:30:0.00000000,22997.531108,-2507.926941,-13127.612431
PG07,2026-04-01 23:30:0.00000000,9773.167307,12461.476363,21964.555
PG08,2026-04-01 23:30:0.00000000,-7009.502543,22766.852684,11033.652003
PG09,2026-04-01 23:30:0.00000000,7383.850841,23433.241832,9899.655731
PG10,2026-04-01 23:30:0.00000000,-23918.865601,-10991.175566,-4428.970549
PG11,2026-04-01 23:30:0.00000000,23584.131032,-12127.750558,-1.649722
PG12,2026-04-01 23:30:0.00000000,642.645693,-17062.788582,-20636.647972
PG13,2026-04-01 23:30:0.00000000,13015.06809,-17107.13483,15152.129794
PG14,2026-04-01 23:30:0.00000000,23435.065929,12732.881284,-1652.368781
PG15,2026-04-01 23:30:0.00000000,3414.83731,-24046.606807,10143.113509
PG16,2026-04-01 23:30:0.00000000,-17090.710006,4712.93832,19517.475915
PG17,2026-04-01 23:30:0.00000000,13096.47671,11479.845082,-19606.591715
PG18,2026-04-01 23:30:0.00000000,-11403.268014,-10590.298569,21606.034548
PG19,2026-04-01 23:30:0.00000000,15230.565125,1619.35245,-21767.171204
PG20,2026-04-01 23:30:0.00000000,10477.24849,-18994.17543,15421.731376
PG21,2026-04-01 23:30:0.00000000,19453.655279,-2702.094983,17906.142042
PG22,2026-04-01 23:30:0.00000000,23151.61879,9808.29756,-7711.328127
PG23,2026-04-01 23:30:0.00000000,-19168.041341,-16773.21792,8082.64134
PG24,2026-04-01 23:30:0.00000000,10196.229114,-20252.764939,-14070.171809
PG25,2026-04-01 23:30:0.00000000,-13046.197924,-18770.422786,-14119.049899
PG26,2026-04-01 23:30:0.00000000,-24085.659746,-1745.498432,11261.502349
PG27,2026-04-01 23:30:0.00000000,-12715.166988,14021.574722,18087.523498
PG28,2026-04-01 23:30:0.00000000,-22832.809345,3062.02455,-13228.261701
PG29,2026-04-01 23:30:0.00000000,-4387.304078,-24506.980545,8988.938571
PG30,2026-04-01 23:30:0.00000000,19617.351282,3734.165259,17837.240208
PG31,2026-04-01 23:30:0.00000000,-24572.59891,9589.142644,-4584.120819
PG32,2026-04-01 23:30:0.00000000,-14439.516741,-7017.015116,-20916.297836
PG01,2026-04-01 23:45:0.00000000,-8482.387686,18484.417145,-17047.58499
PG02,2026-04-01 23:45:0.00000000,-16620.542894,19098.51353,-6591.669012
PG03,2026-04-01 23:45:0.00000000,1728.606538,16343.287827,-21087.401907
PG04,2026-04-01 23:45:0.00000000,-952.521982,26347.035309,-2290.828368
PG05,2026-04-01 23:45:0.00000000,14094.542858,-8814.830736,20552.898526
PG06,2026-04-01 23:45:0.00000000,21654.499289,-1577.177586,-15343.909428
PG07,2026-04-01 23:45:0.00000000,7735.363812,13704.6972,22002.500674
PG08,2026-04-01 23:45:0.00000000,-7407.511303,21349.632311,13367.553838
PG09,2026-04-01 23:45:0.00000000,7207.240084,24440.04519,7264.487153
PG10,2026-04-01 23:45:0.00000000,-24173.998307,-11290.098766,-1555.776896
PG11,2026-04-01 23:45:0.00000000,23558.798462,-11824.093032,-2861.198046
PG12,2026-04-01 23:45:0.00000000,2661.252313,-15863.362499,-21427.831691
PG13,2026-04-01 23:45:0.00000000,12950.049041,-15203.274787,17102.445683
PG14,2026-04-01 23:45:0.00000000,23330.263804,12998.381462,1149.201518
PG15,2026-04-01 23:45:0.00000000,3959.288279,-22751.54024,12529.986905
PG16,2026-04-01 23:45:0.00000000,-18880.763569,3397.882022,18158.359415
PG17,2026-04-01 23:45:0.00000000,12889.415789,13721.02578,-18259.145374
PG18,2026-04-01 23:45:0.00000000,-9277.215621,-11858.338032,21939.171766
PG19,2026-04-01 23:45:0.00000000,15058.153497,4079.012178,-21610.965544
PG20,2026-04-01 23:45:0.00000000,10734.859883,-17144.978566,17301.113878
PG21,2026-04-01 23:45:0.00000000,21069.537177,-1610.885757,16122.943203
PG22,2026-04-01 23:45:0.00000000,23638.975741,10468.175553,-4969.247851
PG23,2026-04-01 23:45:0.00000000,-18166.695322,-16414.139654,10704.803572
PG24,2026-04-01 23:45:0.00000000,11486.120022,-20911.781072,-11815.953867
PG25,2026-04-01 23:45:0.00000000,-11478.946978,-18180.226144,-16140.401536
PG26,2026-04-01 23:45:0.00000000,-25059.838911,-2458.351178,8823.894139
PG27,2026-04-01 23:45:0.00000000,-12977.322059,11797.848444,19450.726324
PG28,2026-04-01 23:45:0.00000000,-21565.073482,2009.554893,-15380.047593
PG29,2026-04-01 23:45:0.00000000,-4097.613767,-25378.904993,6307.535692
PG30,2026-04-01 23:45:0.00000000,17931.94577,4968.553099,19246.158941
PG31,2026-04-01 23:45:0.00000000,-24136.474548,9062.268786,-7302.678302
PG32,2026-04-01 23:45:0.00000000,-14455.383131,-9408.418046,-19973.380368
